Acciones,Código solicitud,Código unico,Estado operación,Departamento,Municipio,Fecha aprobación,Dirección,Autoridad de tránsito,Jurisdicción,Infracciones,Velocidad,Tipo de tecnología,Tipo de instalación,Nombre equipo,Latitud,Longitud,Código equipo,Resolución de renovación,Fecha radicación de renovación,Fecha de notificación,Fecha de recurso,Fecha resolución de recurso,Fecha de aprobación final,Fecha finalización de prórroga,Fecha inicio de operación,Fecha finalización inicial
,SOL0000003562,CU000000000533,Renovada - Expirada,VALLE DEL CAUCA,SAN PEDRO,13/02/2021,Troncal de Occidente Km 83+600 MUNICIPIO DE SAN PEDR VALLE DEL CAUCA,SECRETARÍA DE MOVILIDAD Y TRANSPORTE DEL VALLE DEL CAUCA - GOBERNACIÓN DEL VALLE,Departamental,"C.26, C.29, C.35, D.2",None,Radar Doppler,Móvil,0X00031753,4.009215,-76.223208,,,12/12/2025,,,,,,,12/02/2026
,SOL0000003544,CU000000000530,Renovada - Expirada,VALLE DEL CAUCA,SAN PEDRO,12/02/2021,Troncal de Occidente Km 83+600,SECRETARÍA DE MOVILIDAD Y TRANSPORTE DEL VALLE DEL CAUCA - GOBERNACIÓN DEL VALLE,Departamental,"C.26, C.29, C.35, D.2",None,Radar Doppler,Móvil,0X00031748,4.009318,-76.223496,,,12/12/2025,,,,,,,11/02/2026
,SOL0000002641,CU000000000516,Prorrogada - Vencida,CESAR,SAN ALBERTO,10/11/2020,"Vía San Alberto - La Mata, Ruta 4514 PR 3+935",INSTITUTO DEPARTAMENTAL DE TRANSITO DEL CESAR,Nacional,"C.24, C.29, C.35, D.10, D.2",None,Radar Doppler,Fijo,C2,7.804725,-73.412052,,106,22/11/2025,03/02/2026,,,,17/02/2026,,09/11/2025
,SOL0000002623,CU000000000515,Prorrogada - Vencida,CESAR,SAN ALBERTO,10/11/2020,"Vía San Alberto - La Mata, Ruta 4514 PR 1+499",INSTITUTO DEPARTAMENTAL DE TRANSITO DEL CESAR,Nacional,"C.24, C.29, C.35, D.10, D.2",None,Radar Doppler,Fijo,C1,7.784671,-73.401922,,086,22/11/2025,28/01/2026,,,,11/02/2026,,09/11/2025
,SOL0000003543,CU000000000528,Prorrogada - Vencida,VALLE DEL CAUCA,SAN PEDRO,12/02/2021,Troncal de Occidente Km 80+600 Municipio San pedro Valle del Cauca (SEDE OPERATIVA BUGALAGRANDE),SECRETARÍA DE MOVILIDAD Y TRANSPORTE DEL VALLE DEL CAUCA - GOBERNACIÓN DEL VALLE,Departamental,"C.26, C.29, C.35, D.2",None,Radar Doppler,Móvil,0X00030819,3.986661,-76.237873,,138,24/10/2025,16/02/2026,,,,02/03/2026,,11/02/2026
,SOL0000003541,CU000000000529,Prorrogada - Vencida,VALLE DEL CAUCA,SAN PEDRO,12/02/2021,Troncal de Occidente Km 77+600 Municipio de San Pedro (Sede Operativa de Bugalagrande),SECRETARÍA DE MOVILIDAD Y TRANSPORTE DEL VALLE DEL CAUCA - GOBERNACIÓN DEL VALLE,Departamental,"C.26, C.29, C.35, D.2",None,Radar Doppler,Móvil,0X00030819,3.968256,-76.258023,,108,15/10/2025,05/02/2026,,,,19/02/2026,,11/02/2026
,SOL0000003561,CU000000000532,Prorrogada - Vencida,VALLE DEL CAUCA,SAN PEDRO,12/02/2021,Troncal de Occidente Km 81+730,SECRETARÍA DE MOVILIDAD Y TRANSPORTE DEL VALLE DEL CAUCA - GOBERNACIÓN DEL VALLE,Departamental,"C.26, C.29, C.35, D.2",None,Radar Doppler,Móvil,0X0003080E,3.99503,-76.232646,,078,13/10/2025,04/02/2026,,,,18/02/2026,,11/02/2026
,SOL0000003542,CU000000000531,Prorrogada - Vencida,VALLE DEL CAUCA,SAN PEDRO,12/02/2021,Troncal de Occidente Km 79+090 Municipio de San pedro Valle del cauca sede operativa bugalagrande,SECRETARÍA DE MOVILIDAD Y TRANSPORTE DEL VALLE DEL CAUCA - GOBERNACIÓN DEL VALLE,Departamental,"C.26, C.29, C.35, D.2",None,Radar Doppler,Móvil,0X0003080E,3.976462,-76.246956,,088,10/10/2025,04/02/2026,,,,18/02/2026,,11/02/2026
,SOL0000003521,CU000000000522,Prorrogada - Vencida,ANTIOQUIA,BELLO,02/12/2020,Autopista Norte - KM 6+267  SENTIDO OCCIDENTE - ORIENTE,SECRETARÍA DE MOVILIDAD DE BELLO,Municipal,"C.29, C.35, D.2",None,Lazo Inductivo de Piso (Espiras),Fijo,NORTE2,6.347316,-75.520632,,064,02/10/2025,26/01/2026,06/02/2026,28/04/2026,,28/04/2026,,01/12/2025
,SOL0000003501,CU000000000519,Prorrogada - Vencida,ANTIOQUIA,BELLO,02/12/2020,Autopista Norte - KM 6+250 SENTIDO ORIENTE - OCCIDENTE,SECRETARÍA DE MOVILIDAD DE BELLO,Municipal,"C.29, C.35, D.2",None,Lazo Inductivo de Piso (Espiras),Fijo,AUTONORTE1,6.347307,-75.520812,,064,02/10/2025,26/01/2026,06/02/2026,28/04/2026,,28/04/2026,,01/12/2025
,SOL0000003301,CU000000000521,Renovada - Expirada,MAGDALENA,FUNDACION,02/12/2020,VIA NACIONAL TRONCAL DEL CARIBE RUTA 4518 PR 15 + 200,ENTIDAD DESCENTRALIZADA – INSTITUTO MUNICIPAL DE TRANSITO Y TRANSPORTE “INTRASFUN”,Municipal,"C.29, C.35, D.2, D.6, D.7",None,Video Detección (Con Analítica de Video),Móvil,CHRONOS3D,10.366808,-74.087858,,014,21/09/2025,13/01/2026,,,28/01/2026,,,01/12/2025
,SOL0000003522,CU000000000518,Renovada - Expirada,ANTIOQUIA,BELLO,02/12/2020,CARRERA 47 X CALLE 55 SENTIDO ORIENTE - OCCIDENTE,SECRETARÍA DE MOVILIDAD DE BELLO,Municipal,"C.14, C.29, C.32, C.35, D.2, D.4",None,Lazo Inductivo de Piso (Espiras),Fijo,PRADO1,6.33871,-75.556381,,1407,20/09/2025,18/12/2025,,,05/01/2026,,,01/12/2025
,SOL0000003041,CU000000000480,Renovada - Expirada,BOGOTA D.C,BOGOTA D.C,28/03/2020,Av. Boyacá  X Cl 169 B,SECRETARIA DISTRITAL DE MOVILIDAD,Distrital,"C.14, C.29, C.35, D.2",None,Radar Doppler,Fijo,DEI30CAM01,4.752992,-74.065368,,837,18/03/2025,11/07/2025,,,25/07/2025,,,27/03/2025
,SOL0000003041,CU000000000483,Renovada - Expirada,BOGOTA D.C,BOGOTA D.C,28/03/2020,Av.Americas X  Cra. 70 B,SECRETARIA DISTRITAL DE MOVILIDAD,Distrital,"C.14, C.29, C.35, D.2",None,Video Detección (Con Analítica de Video),Fijo,DEI39CAM01,4.62979,-74.133246,,825,18/03/2025,11/07/2025,,,25/07/2025,,,27/03/2025
,SOL0000003041,CU000000000484,Renovada - Expirada,BOGOTA D.C,BOGOTA D.C,28/03/2020,Av. Boyacá  X Cl 169 B,SECRETARIA DISTRITAL DE MOVILIDAD,Distrital,"C.14, C.29, C.35, D.2",None,Radar Doppler,Fijo,DEI30CAM02,4.752997,-74.065277,,837,18/03/2025,11/07/2025,,,25/07/2025,,,27/03/2025
,SOL0000003041,CU000000000184,Renovada - Expirada,BOGOTA D.C,BOGOTA D.C,28/03/2020,Av.Americas X  Cra. 70 B,SECRETARIA DISTRITAL DE MOVILIDAD,Distrital,"C.14, C.29, C.35, D.2",None,Video Detección (Con Analítica de Video),Fijo,DEI39CAM02,4.630167,-74.133241,,825,18/03/2025,11/07/2025,,,25/07/2025,,,27/03/2025
,SOL0000003041,CU000000000482,Renovada - Expirada,BOGOTA D.C,BOGOTA D.C,28/03/2020,Autopista Sur X Cl 59 Sur,SECRETARIA DISTRITAL DE MOVILIDAD,Distrital,"C.14, C.29, C.35, D.2",None,Radar Doppler,Fijo,DEI38CAM01,4.596582,-74.175915,,827,18/03/2025,11/07/2025,,,25/07/2025,,,27/03/2025
,SOL0000003041,CU000000000477,Renovada - Expirada,BOGOTA D.C,BOGOTA D.C,28/03/2020,Autopista Sur X Cl 59 Sur,SECRETARIA DISTRITAL DE MOVILIDAD,Distrital,"C.14, C.29, C.35, D.2",None,Radar Doppler,Fijo,DEI38CAM02,4.596834,-74.17482,,827,18/03/2025,11/07/2025,,,25/07/2025,,,27/03/2025
,SOL0000003041,CU000000000501,Renovada - Expirada,BOGOTA D.C,BOGOTA D.C,28/03/2020,AV CR 9 - CL 113 (S-N),SECRETARIA DISTRITAL DE MOVILIDAD,Distrital,"C.14, C.29, C.35, D.2",None,Radar Doppler,Fijo,DEI34CAM02,4.692432,-74.035246,,794,18/03/2025,09/07/2025,,,23/07/2025,,,27/03/2025
,SOL0000003041,CU000000000497,Renovada - Expirada,BOGOTA D.C,BOGOTA D.C,28/03/2020,AU. NORTE - CL 127 (S-N),SECRETARIA DISTRITAL DE MOVILIDAD,Distrital,"C.14, C.29, C.35, D.2",None,Radar Doppler,Fijo,DEI36CAM04,4.709357,-74.053075,,816,18/03/2025,09/07/2025,,,23/07/2025,,,27/03/2025
,SOL0000003041,CU000000000495,Renovada - Expirada,BOGOTA D.C,BOGOTA D.C,28/03/2020,AU. NORTE - CL 127 (S-N),SECRETARIA DISTRITAL DE MOVILIDAD,Distrital,"C.14, C.29, C.35, D.2",None,Radar Doppler,Fijo,DEI36CAM03,4.709374,-74.053268,,815,18/03/2025,09/07/2025,,,23/07/2025,,,27/03/2025
,SOL0000003041,CU000000000491,Renovada - Expirada,BOGOTA D.C,BOGOTA D.C,28/03/2020,Cl 116 X KR 9,SECRETARIA DISTRITAL DE MOVILIDAD,Distrital,"C.14, C.29, C.35, D.2",None,Radar Doppler,Fijo,DEI34CAM01,4.693124,-74.035219,,794,18/03/2025,09/07/2025,,,23/07/2025,,,27/03/2025
,SOL0000003041,CU000000000490,Renovada - Expirada,BOGOTA D.C,BOGOTA D.C,28/03/2020,Cl 63 Sur Cra. 98 A,SECRETARIA DISTRITAL DE MOVILIDAD,Distrital,"C.14, C.29, C.35, D.2",None,Radar Doppler,Fijo,DEI40CAM01,4.633862,-74.198416,,812,18/03/2025,09/07/2025,,,23/07/2025,,,27/03/2025
,SOL0000003041,CU000000000481,Renovada - Expirada,BOGOTA D.C,BOGOTA D.C,28/03/2020,AU. NORTE - CL 127B (N-S) C. LEN,SECRETARIA DISTRITAL DE MOVILIDAD,Distrital,"C.14, C.29, C.35, D.2",None,Radar Doppler,Fijo,DEI36CAM01,4.70998,-74.05369,,803,18/03/2025,09/07/2025,,,23/07/2025,,,27/03/2025
,SOL0000003041,CU000000000486,Renovada - Expirada,BOGOTA D.C,BOGOTA D.C,28/03/2020,AU. NORTE - CL 127B (N-S) C. RAP,SECRETARIA DISTRITAL DE MOVILIDAD,Distrital,"C.14, C.29, C.35, D.2",None,Radar Doppler,Fijo,DEI36CAM02,4.709959,-74.053494,,802,18/03/2025,09/07/2025,,,23/07/2025,,,27/03/2025
,SOL0000003041,CU000000000474,Renovada - Expirada,BOGOTA D.C,BOGOTA D.C,28/03/2020,AV VILLAVICENCIO - CR 32 (O-E),SECRETARIA DISTRITAL DE MOVILIDAD,Distrital,"C.14, C.29, C.35, D.2, D.4",None,Radar Doppler,Fijo,DEI26CAM01,4.57081,-74.149282,,798,17/03/2025,10/07/2025,,,24/07/2025,,,27/03/2025
,SOL0000003041,CU000000000500,Renovada - Expirada,BOGOTA D.C,BOGOTA D.C,28/03/2020,Av Cl 61 Sur X Cra. 32,SECRETARIA DISTRITAL DE MOVILIDAD,Distrital,"C.14, C.29, C.35, D.2, D.4",None,Video Detección (Con Analítica de Video),Fijo,DEI26CAM02,4.570567,-74.148791,,798,17/03/2025,10/07/2025,,,24/07/2025,,,27/03/2025
,SOL0000003041,CU000000000478,Renovada - Expirada,BOGOTA D.C,BOGOTA D.C,28/03/2020,AK 10 A X C 19,SECRETARIA DISTRITAL DE MOVILIDAD,Distrital,"C.14, C.29, C.35, D.2, D.4",None,Radar Doppler,Fijo,DEI27CAM01,4.607345,-74.07374,,793,17/03/2025,09/07/2025,,,23/07/2025,,,27/03/2025
,SOL0000003041,CU000000000475,Renovada - Expirada,BOGOTA D.C,BOGOTA D.C,28/03/2020,AV CR 10 - CL 19 (N-S),SECRETARIA DISTRITAL DE MOVILIDAD,Distrital,"C.14, C.29, C.35, D.2, D.4",None,Radar Doppler,Fijo,DEI27CAM02,4.606397,-74.073989,,793,17/03/2025,09/07/2025,,,23/07/2025,,,27/03/2025
,SOL0000003041,CU000000000504,Prorrogada - Vencida,BOGOTA D.C,BOGOTA D.C,28/03/2020,AV CIUDAD DE CALI - AV SUBA (S-N),SECRETARIA DISTRITAL DE MOVILIDAD,Distrital,"C.14, C.29, C.35, D.2, D.4",None,Radar Doppler,Fijo,DEI32CAM01,4.746056,-74.0965,,819,17/03/2025,09/07/2025,,,,23/07/2025,,27/03/2025
,SOL0000003041,CU000000000498,Prorrogada - Vencida,BOGOTA D.C,BOGOTA D.C,28/03/2020,AV CIUDAD DE CALI - AV SUBA (N-S),SECRETARIA DISTRITAL DE MOVILIDAD,Distrital,"C.14, C.29, C.35, D.2, D.4",None,Radar Doppler,Fijo,DEI32CAM02,4.74701,-74.096011,,819,17/03/2025,09/07/2025,,,,23/07/2025,,27/03/2025
,SOL0000003041,CU000000000503,Renovada - Expirada,BOGOTA D.C,BOGOTA D.C,28/03/2020,Autonorte X Cl 116,SECRETARIA DISTRITAL DE MOVILIDAD,Distrital,"C.14, C.29, C.35, D.2",None,Radar Doppler,Fijo,DEI29CAM02,4.696583,-74.055696,,775,17/03/2025,02/07/2025,,,16/07/2025,,,27/03/2025
,SOL0000003041,CU000000000492,Renovada - Expirada,BOGOTA D.C,BOGOTA D.C,28/03/2020,Autonorte X Cl 116,SECRETARIA DISTRITAL DE MOVILIDAD,Distrital,"C.14, C.29, C.35, D.2",None,Radar Doppler,Fijo,DEI29CAM01,4.696591,-74.055795,,775,17/03/2025,02/07/2025,,,16/07/2025,,,27/03/2025
,SOL0000003041,CU000000000485,Renovada - Expirada,BOGOTA D.C,BOGOTA D.C,28/03/2020,AU. NORTE - CL 109 (S-N) C. RAP,SECRETARIA DISTRITAL DE MOVILIDAD,Distrital,"C.14, C.29, C.35, D.2",None,Radar Doppler,Fijo,DEI29CAM03,4.696998,-74.055279,,775,17/03/2025,02/07/2025,,,16/07/2025,,,27/03/2025
,SOL0000003041,CU000000000496,Renovada - Expirada,BOGOTA D.C,BOGOTA D.C,28/03/2020,Autonorte X Cl 116,SECRETARIA DISTRITAL DE MOVILIDAD,Distrital,"C.14, C.29, C.35, D.2",None,Radar Doppler,Fijo,DEI29CAM04,4.69697,-74.05512,,775,17/03/2025,02/07/2025,,,16/07/2025,,,27/03/2025
,SOL0000003041,CU000000000494,Renovada - Expirada,BOGOTA D.C,BOGOTA D.C,28/03/2020,AV CALLE 80 - CR 114 (E-O),SECRETARIA DISTRITAL DE MOVILIDAD,Distrital,"C.14, C.29, C.35, D.2",None,Radar Doppler,Fijo,DEI33CAM02,4.723064,-74.122144,,768,17/03/2025,02/07/2025,,,16/07/2025,,,27/03/2025
,SOL0000003041,CU000000000479,Renovada - Expirada,BOGOTA D.C,BOGOTA D.C,28/03/2020,AV CALLE 80 - CR 114 (O-E),SECRETARIA DISTRITAL DE MOVILIDAD,Distrital,"C.14, C.29, C.35, D.2",None,Radar Doppler,Fijo,DEI33CAM01,4.722724,-74.122138,,768,17/03/2025,02/07/2025,,,16/07/2025,,,27/03/2025
,SOL0000002961,CU000000000470,Prorrogada - Vencida,BOGOTA D.C,BOGOTA D.C,20/01/2020,AU. NORTE - CL 169 (N-S),SECRETARIA DISTRITAL DE MOVILIDAD,Distrital,"C.14, C.29, C.35, D.2",None,Radar Doppler,Fijo,DEI22CAM01,4.750689,-74.046951,,532,10/01/2025,05/05/2025,,,,19/05/2025,,19/01/2025
,SOL0000002961,CU000000000456,Prorrogada - Vencida,BOGOTA D.C,BOGOTA D.C,20/01/2020,AU. NORTE - CL 172A (S-N),SECRETARIA DISTRITAL DE MOVILIDAD,Distrital,"C.14, C.29, C.35, D.2",None,Radar Doppler,Fijo,DEI22CAM03,4.755324,-74.045449,,532,10/01/2025,05/05/2025,,,,19/05/2025,,19/01/2025
,SOL0000002961,CU000000000472,Renovada - Expirada,BOGOTA D.C,BOGOTA D.C,20/01/2020,Av. Ciudad de Cali X AC 80,SECRETARIA DISTRITAL DE MOVILIDAD,Distrital,"C.14, C.29, C.35, D.2",None,Radar Doppler,Fijo,DEI20CAM02,4.700493,-74.102949,,519,10/01/2025,02/05/2025,,,16/05/2025,,,19/01/2025
,SOL0000002961,CU000000000464,Renovada - Expirada,BOGOTA D.C,BOGOTA D.C,20/01/2020,Av. Boyacá  X  AC 26,SECRETARIA DISTRITAL DE MOVILIDAD,Distrital,"C.14, C.29, C.35, D.2",None,Radar Doppler,Fijo,DEI23CAM02,4.663862,-74.113855,,520,10/01/2025,02/05/2025,,,16/05/2025,,,19/01/2025
,SOL0000002961,CU000000000463,Renovada - Expirada,BOGOTA D.C,BOGOTA D.C,20/01/2020,AU. NORTE - CL 103 (S-N) C. RAP,SECRETARIA DISTRITAL DE MOVILIDAD,Distrital,"C.14, C.29, C.35, D.2",None,Radar Doppler,Fijo,DEI17CAM03,4.689808,-74.056519,,531,10/01/2025,02/05/2025,,,16/05/2025,,,19/01/2025
,SOL0000002961,CU000000000459,Renovada - Expirada,BOGOTA D.C,BOGOTA D.C,20/01/2020,NQS X AC 72,SECRETARIA DISTRITAL DE MOVILIDAD,Distrital,"C.14, C.29, C.35, D.2",None,Radar Doppler,Fijo,DEI19CAM02,4.668773,-74.072153,,515,10/01/2025,02/05/2025,,,16/05/2025,,,19/01/2025
,SOL0000002961,CU000000000457,Renovada - Expirada,BOGOTA D.C,BOGOTA D.C,20/01/2020,AU. NORTE - CL 102 A (N-S) C. RAP,SECRETARIA DISTRITAL DE MOVILIDAD,Distrital,"C.14, C.29, C.35, D.2",None,Radar Doppler,Fijo,DEI17CAM02,4.689558,-74.057024,,531,10/01/2025,02/05/2025,,,16/05/2025,,,19/01/2025
,SOL0000002961,CU000000000455,Renovada - Expirada,BOGOTA D.C,BOGOTA D.C,20/01/2020,AU. NORTE - CL 103 (S-N) C. LEN,SECRETARIA DISTRITAL DE MOVILIDAD,Distrital,"C.14, C.29, C.35, D.2",None,Radar Doppler,Fijo,DEI17CAM04,4.689784,-74.056347,,531,10/01/2025,02/05/2025,,,16/05/2025,,,19/01/2025
,SOL0000002961,CU000000000451,Renovada - Expirada,BOGOTA D.C,BOGOTA D.C,20/01/2020,Autonorte X Cl 100,SECRETARIA DISTRITAL DE MOVILIDAD,Distrital,"C.14, C.29, C.35, D.2",None,Radar Doppler,Fijo,DEI17CAM01,4.68957,-74.057123,,531,10/01/2025,02/05/2025,,,16/05/2025,,,19/01/2025
,SOL0000002961,CU000000000450,Renovada - Expirada,BOGOTA D.C,BOGOTA D.C,20/01/2020,AV NQS - AV CL 72 (N-S),SECRETARIA DISTRITAL DE MOVILIDAD,Distrital,"C.14, C.29, C.35, D.2",None,Radar Doppler,Fijo,DEI19CAM01,4.667425,-74.074036,,515,10/01/2025,02/05/2025,,,16/05/2025,,,19/01/2025
,SOL0000002961,CU000000000449,Renovada - Expirada,BOGOTA D.C,BOGOTA D.C,20/01/2020,Av. Boyacá  X  AC 26,SECRETARIA DISTRITAL DE MOVILIDAD,Distrital,"C.14, C.29, C.35, D.2",None,Radar Doppler,Fijo,DEI23CAM01,4.663929,-74.113866,,520,10/01/2025,02/05/2025,,,16/05/2025,,,19/01/2025
,SOL0000002961,CU000000000447,Renovada - Expirada,BOGOTA D.C,BOGOTA D.C,20/01/2020,Av. Ciudad de Cali X AC 80,SECRETARIA DISTRITAL DE MOVILIDAD,Distrital,"C.14, C.29, C.35, D.2",None,Radar Doppler,Fijo,DEI20CAM01,4.700817,-74.102772,,519,10/01/2025,02/05/2025,,,16/05/2025,,,19/01/2025
,SOL0000002961,CU000000000471,Prorrogada - Vencida,BOGOTA D.C,BOGOTA D.C,20/01/2020,AV NQS - CL 58A (N-S),SECRETARIA DISTRITAL DE MOVILIDAD,Distrital,"C.14, C.29, C.35, D.2",None,Radar Doppler,Fijo,DEI16CAM01,4.64907,-74.078438,,526,10/01/2025,02/05/2025,,,,16/05/2025,,19/01/2025
,SOL0000002961,CU000000000467,Prorrogada - Vencida,BOGOTA D.C,BOGOTA D.C,20/01/2020,AV NQS - CL 58A (S-N),SECRETARIA DISTRITAL DE MOVILIDAD,Distrital,"C.14, C.29, C.35, D.2",None,Radar Doppler,Fijo,DEI16CAM02,4.649063,-74.078201,,526,10/01/2025,02/05/2025,,,,16/05/2025,,19/01/2025
,SOL0000002961,CU000000000461,Prorrogada - Vencida,BOGOTA D.C,BOGOTA D.C,20/01/2020,AV AMÉRICAS - CR 78 (O-E),SECRETARIA DISTRITAL DE MOVILIDAD,Distrital,"C.14, C.29, C.35, D.2",None,Radar Doppler,Fijo,DEI24CAM01,4.630949,-74.145344,,526,10/01/2025,02/05/2025,,,,16/05/2025,,19/01/2025
,SOL0000002961,CU000000000448,Prorrogada - Vencida,BOGOTA D.C,BOGOTA D.C,20/01/2020,AV AMÉRICAS - CR 78C (E-O),SECRETARIA DISTRITAL DE MOVILIDAD,Distrital,"C.14, C.29, C.35, D.2",None,Radar Doppler,Fijo,DEI24CAM02,4.633058,-74.15041,,526,10/01/2025,02/05/2025,,,,16/05/2025,,19/01/2025
,SOL0000002961,CU000000000469,Prorrogada - Vencida,BOGOTA D.C,BOGOTA D.C,20/01/2020,Cl 11 Sur X Cra. 10,SECRETARIA DISTRITAL DE MOVILIDAD,Distrital,"C.14, C.29, C.35, D.2",None,Radar Doppler,Fijo,DEI18CAM02,4.580292,-74.091083,,526,10/01/2025,02/05/2025,,,,16/05/2025,,19/01/2025
,SOL0000002961,CU000000000466,Prorrogada - Vencida,BOGOTA D.C,BOGOTA D.C,20/01/2020,Cl 11 Sur X Cra. 10,SECRETARIA DISTRITAL DE MOVILIDAD,Distrital,"C.14, C.29, C.35, D.2",None,Radar Doppler,Fijo,DEI18CAM01,4.580441,-74.091327,,526,10/01/2025,02/05/2025,,,,16/05/2025,,19/01/2025
,SOL0000002961,CU000000000454,Prorrogada - Vencida,BOGOTA D.C,BOGOTA D.C,20/01/2020,NQS X Cl 59,SECRETARIA DISTRITAL DE MOVILIDAD,Distrital,"C.14, C.29, C.35, D.2",None,Radar Doppler,Fijo,DEI16CAM03,4.649535,-74.078818,,526,10/01/2025,02/05/2025,,,,16/05/2025,,19/01/2025
,SOL0000002701,CU000000000430,Renovada - Expirada,BOGOTA D.C,BOGOTA D.C,26/12/2019,AV CIUDAD DE CALI - CL 15A (S-N),SECRETARIA DISTRITAL DE MOVILIDAD,Distrital,"C.14, C.29, C.35, D.2",None,Radar Doppler,Fijo,DEI11CAM01,4.657056,-74.138196,,500,18/12/2024,25/04/2025,,,12/05/2025,,,25/12/2024
,SOL0000002701,CU000000000438,Renovada - Expirada,BOGOTA D.C,BOGOTA D.C,26/12/2019,AU. NORTE - CL 95 (N-S) C. LEN,SECRETARIA DISTRITAL DE MOVILIDAD,Distrital,"C.14, C.29, C.35, D.2",None,Radar Doppler,Fijo,DEI10CAM02,4.683755,-74.058104,,443,18/12/2024,10/04/2025,,,28/04/2025,,,25/12/2024
,SOL0000002701,CU000000000429,Renovada - Expirada,BOGOTA D.C,BOGOTA D.C,26/12/2019,AV BOSA - CR 78F (E-O),SECRETARIA DISTRITAL DE MOVILIDAD,Distrital,"C.14, C.29, C.35, D.2",None,Radar Doppler,Fijo,DEI08CAM02,4.604664,-74.179862,,446,18/12/2024,10/04/2025,,,28/04/2025,,,25/12/2024
,SOL0000002701,CU000000000428,Renovada - Expirada,BOGOTA D.C,BOGOTA D.C,26/12/2019,Av. Boyacá   X Av. Suba,SECRETARIA DISTRITAL DE MOVILIDAD,Distrital,"C.14, C.29, C.35, D.2",None,Radar Doppler,Fijo,DEI09CAM01,4.722892,-74.073829,,444,18/12/2024,10/04/2025,,,28/04/2025,,,25/12/2024
,SOL0000002701,CU000000000423,Renovada - Expirada,BOGOTA D.C,BOGOTA D.C,26/12/2019,AU. NORTE - CL 95 (N-S) C. RAP,SECRETARIA DISTRITAL DE MOVILIDAD,Distrital,"C.14, C.29, C.35, D.2",None,Radar Doppler,Fijo,DEI10CAM01,4.683743,-74.057933,,443,18/12/2024,10/04/2025,,,28/04/2025,,,25/12/2024
,SOL0000002701,CU000000000422,Renovada - Expirada,BOGOTA D.C,BOGOTA D.C,26/12/2019,Av. Boyacá   X Av. Suba,SECRETARIA DISTRITAL DE MOVILIDAD,Distrital,"C.14, C.29, C.35, D.2",None,Radar Doppler,Fijo,DEI09CAM02,4.722668,-74.073843,,444,18/12/2024,10/04/2025,,,28/04/2025,,,25/12/2024
,SOL0000002701,CU000000000417,Renovada - Expirada,BOGOTA D.C,BOGOTA D.C,26/12/2019,AU. NORTE - CL 97 (S-N) C. RAP,SECRETARIA DISTRITAL DE MOVILIDAD,Distrital,"C.14, C.29, C.35, D.2",None,Radar Doppler,Fijo,DEI10CAM03,4.684901,-74.057286,,435,18/12/2024,10/04/2025,,,28/04/2025,,,25/12/2024
,SOL0000002701,CU000000000416,Renovada - Expirada,BOGOTA D.C,BOGOTA D.C,26/12/2019,AV 1 DE MAYO - CL 45 SUR (S-N),SECRETARIA DISTRITAL DE MOVILIDAD,Distrital,"C.14, C.29, C.35, D.4",None,Radar Doppler,Fijo,DEI14CAM01,4.614278,-74.164796,,423,18/12/2024,10/04/2025,,,28/04/2025,,,25/12/2024
,SOL0000002701,CU000000000435,Renovada - Expirada,BOGOTA D.C,BOGOTA D.C,26/12/2019,AV BOSA - CR 78F (O-E),SECRETARIA DISTRITAL DE MOVILIDAD,Distrital,"C.14, C.29, C.35, D.2",None,Radar Doppler,Fijo,DEI08CAM01,4.60459,-74.180026,,446,18/12/2024,10/04/2025,,,28/04/2025,,,25/12/2024
,SOL0000002701,CU000000000432,Renovada - Expirada,BOGOTA D.C,BOGOTA D.C,26/12/2019,AV 1 DE MAYO - CL 45 SUR (N-S),SECRETARIA DISTRITAL DE MOVILIDAD,Distrital,"C.14, C.29, D.2, D.4",None,Video Detección (Con Analítica de Video),Fijo,DEI14CAM02,4.614665,-74.164117,,423,18/12/2024,10/04/2025,,,28/04/2025,,,25/12/2024
,SOL0000002701,CU000000000431,Renovada - Expirada,BOGOTA D.C,BOGOTA D.C,26/12/2019,AV CIUDAD DE CALI - CL 135A (N-S),SECRETARIA DISTRITAL DE MOVILIDAD,Distrital,"C.14, C.29, C.35, D.2",None,Radar Doppler,Fijo,DEI15CAM01,4.739127,-74.099365,,436,18/12/2024,09/04/2025,,,25/04/2025,,,25/12/2024
,SOL0000002701,CU000000000421,Renovada - Expirada,BOGOTA D.C,BOGOTA D.C,26/12/2019,AV CIUDAD DE CALI - CL 135A (S-N),SECRETARIA DISTRITAL DE MOVILIDAD,Distrital,"C.14, C.29, C.35, D.2",None,Radar Doppler,Fijo,DEI15CAM02,4.738997,-74.099386,,436,18/12/2024,09/04/2025,,,25/04/2025,,,25/12/2024
,SOL0000002701,CU000000000437,Renovada - Expirada,BOGOTA D.C,BOGOTA D.C,26/12/2019,NQS X Av.Americas,SECRETARIA DISTRITAL DE MOVILIDAD,Distrital,"C.14, C.29, C.35, D.2",None,Radar Doppler,Fijo,DEI12CAM02,4.62198,-74.0855444,,422,18/12/2024,08/04/2025,,,24/04/2025,,,25/12/2024
,SOL0000002701,CU000000000436,Renovada - Expirada,BOGOTA D.C,BOGOTA D.C,26/12/2019,AV BOYACÁ - CL 63D (S-N),SECRETARIA DISTRITAL DE MOVILIDAD,Distrital,"C.14, C.29, C.35, D.2",None,Radar Doppler,Fijo,DEI07CAM03,4.675944,-74.102881,,427,18/12/2024,08/04/2025,,,24/04/2025,,,25/12/2024
,SOL0000002701,CU000000000426,Renovada - Expirada,BOGOTA D.C,BOGOTA D.C,26/12/2019,AC 80 X Cra. 102,SECRETARIA DISTRITAL DE MOVILIDAD,Distrital,"C.14, C.29, C.35, D.2",None,Radar Doppler,Fijo,DEI13CAM01,4.711927,-74.114011,,444,18/12/2024,08/04/2025,,,24/04/2025,,,25/12/2024
,SOL0000002701,CU000000000434,Renovada - Expirada,BOGOTA D.C,BOGOTA D.C,26/12/2019,NQS X Av.Americas,SECRETARIA DISTRITAL DE MOVILIDAD,Distrital,"C.14, C.29, C.35, D.2",None,Radar Doppler,Fijo,DEI12CAM01,4.62201,-74.085441,,422,18/12/2024,08/04/2025,,,24/04/2025,,,25/12/2024
,SOL0000002701,CU000000000419,Renovada - Expirada,BOGOTA D.C,BOGOTA D.C,26/12/2019,AV CALLE 80 - CR 102 (O-E),SECRETARIA DISTRITAL DE MOVILIDAD,Distrital,"C.14, C.29, C.35, D.2",None,Radar Doppler,Fijo,DEI13CAM02,4.712027,-74.114374,,406,18/12/2024,08/04/2025,,,24/04/2025,,,25/12/2024
,SOL0000002701,CU000000000425,Renovada - Expirada,BOGOTA D.C,BOGOTA D.C,26/12/2019,AV BOYACÁ - CL 53 (N-S),SECRETARIA DISTRITAL DE MOVILIDAD,Distrital,"C.14, C.29, C.35, D.2, D.4",None,Radar Doppler,Fijo,DEI07CAM02,4.671711,-74.106668,,444,18/12/2024,03/04/2025,,,21/04/2025,,,25/12/2024
,SOL0000002701,CU000000000427,Renovada - Expirada,BOGOTA D.C,BOGOTA D.C,26/12/2019,AV BOYACÁ - DG 49 SUR (N-S),SECRETARIA DISTRITAL DE MOVILIDAD,Distrital,"C.14, C.29, C.35, D.2",None,Radar Doppler,Fijo,DEI06CAM01,4.592948,-74.145381,,444,18/12/2024,28/03/2025,,,11/04/2025,,,25/12/2024
,SOL0000002701,CU000000000420,Renovada - Expirada,BOGOTA D.C,BOGOTA D.C,26/12/2019,AV BOYACÁ - DG 49 SUR (S-N),SECRETARIA DISTRITAL DE MOVILIDAD,Distrital,"C.14, C.29, C.35, D.2",None,Radar Doppler,Fijo,DEI06CAM02,4.592972,-74.145308,,386,18/12/2024,28/03/2025,,,11/04/2025,,,25/12/2024
,SOL0000002701,CU000000000418,Renovada - Expirada,BOGOTA D.C,BOGOTA D.C,26/12/2019,Av. Boyacá  X Cl 53,SECRETARIA DISTRITAL DE MOVILIDAD,Distrital,"C.14, C.29, C.35, D.2, D.4",None,Radar Doppler,Fijo,DEI07CAM01,4.670859,-74.106976,,402,10/12/2024,03/04/2025,,,21/04/2025,,,25/12/2024
,SOL0000002681,CU000000000409,Renovada - Expirada,BOGOTA D.C,BOGOTA D.C,13/12/2019,Cl 139 X TV 136- Sentido Oriente - Occidente,SECRETARIA DISTRITAL DE MOVILIDAD,Distrital,"C.14, C.29, C.35, D.2",None,Radar Doppler,Fijo,DEI04CAM1,4.7465292,-74.1124386,,384,03/12/2024,26/03/2025,,,09/04/2025,,,12/12/2024
,SOL0000002681,CU000000000411,Renovada - Expirada,BOGOTA D.C,BOGOTA D.C,13/12/2019,AV BOYACÁ - CL 35 SUR (N-S),SECRETARIA DISTRITAL DE MOVILIDAD,Distrital,"C.14, C.29, C.35, D.2",None,Radar Doppler,Fijo,DEI01CAM1,4.615664,-74.140267,,371,03/12/2024,25/03/2025,,,08/04/2025,,,12/12/2024
,SOL0000002681,CU000000000410,Renovada - Expirada,BOGOTA D.C,BOGOTA D.C,13/12/2019,AV BOYACÁ - CL 5A (N-S),SECRETARIA DISTRITAL DE MOVILIDAD,Distrital,"C.14, C.29, C.35, D.2",None,Radar Doppler,Fijo,DEI02CAM1,4.628593,-74.13798,,379,03/12/2024,25/03/2025,,,08/04/2025,,,12/12/2024
,SOL0000002681,CU000000000403,Renovada - Expirada,BOGOTA D.C,BOGOTA D.C,13/12/2019,AV BOYACÁ - CL 5A (S-N),SECRETARIA DISTRITAL DE MOVILIDAD,Distrital,"C.14, C.29, C.35, D.2",None,Radar Doppler,Fijo,DEI02CAM2,4.628479,-74.137915,,379,03/12/2024,25/03/2025,,,08/04/2025,,,12/12/2024
,SOL0000002681,CU000000000405,Renovada - Expirada,BOGOTA D.C,BOGOTA D.C,13/12/2019,AV BOYACÁ - CL 35 SUR (S-N),SECRETARIA DISTRITAL DE MOVILIDAD,Distrital,"C.14, C.29, C.35, D.2",None,Radar Doppler,Fijo,DEI01CAM2,4.615398,-74.140261,,371,03/12/2024,25/03/2025,,,08/04/2025,,,12/12/2024
,SOL0000002681,CU000000000404,Prorrogada - Vencida,BOGOTA D.C,BOGOTA D.C,13/12/2019,CR 33 - CL 41 SUR (S-N),SECRETARIA DISTRITAL DE MOVILIDAD,Distrital,"C.14, C.29, C.35, D.2",None,Radar Doppler,Fijo,DEI05CAM1,4.587857,-74.125872,,367,03/12/2024,21/03/2025,,,,07/04/2025,,12/12/2024
,SOL0000002401,CU000000000473,Renovada - Expirada,CESAR,AGUACHICA,13/02/2020,Variante Aguachica PR2+850 (sentido norte-sur),INSTITUTO MUNICIPAL DE TRANSITO Y TRANSPORTE DE AGUACHICA,Nacional,"C.29, D.2",None,Radar Doppler,Móvil,PUNTO6,8.324417,-73.588944,,361,29/11/2024,19/03/2025,,,03/04/2025,,,12/02/2025
,SOL0000000381,CU000000000018,Renovada - Expirada,ANTIOQUIA,MEDELLIN,10/12/2018,Km 7 +300 Vía Tunel de Occidente E-O,SECRETARIA DE MOVILIDAD DE MEDELLIN,Municipal,,None,Laser (Lidar) / Infrarrojo,,68TuneOrOc,6.2791,-75.6449,,50,18/11/2024,22/01/2025,,,05/02/2025,,,21/11/2024
,SOL0000000361,CU000000000066,Renovada - Expirada,VALLE DEL CAUCA,CALI,10/12/2018,CALLE 18 CON CARRERA 130,SECRETARIA DE MOVILIDAD SANTIAGO DE CALI,Municipal,,None,Lazo Inductivo de Piso (Espiras),,Cl18Cr130,3.3274078,-76.53311,,256,16/11/2024,26/02/2025,,,12/03/2025,,,21/11/2024
,SOL0000001981,CU000000000284,Renovada - Expirada,ATLANTICO,MALAMBO,23/05/2019,Avenida Aeropuerto con Carrera 41 (Malambo),INSTITUTO DE TRANSITO DEL ATLANTICO,Nacional,"C.24, C.29, C.32, C.35, C.37, D.10, D.2, D.3, D.4, D.5, D.6, D.7, D.8, H.07",None,Radar Doppler,,ATMLS001,10.889146,-74.769846,,268,15/11/2024,04/03/2025,,,19/03/2025,,,21/11/2024
,SOL0000001982,CU000000000279,Renovada - Expirada,ATLANTICO,MALAMBO,10/05/2019,Calle 10A con Carrera 17 (Malambo),INSTITUTO DE TRANSITO DEL ATLANTICO,Nacional,"C.24, C.29, C.32, C.35, C.37, D.10, D.2, D.3, D.4, D.5, D.6, D.7, D.8, H.07",None,Radar Doppler,,ATMLRS01,10.870283,-74.77136,,273,15/11/2024,04/03/2025,,,19/03/2025,,,21/11/2024
,SOL0000001983,CU000000000283,Renovada - Expirada,ATLANTICO,MALAMBO,23/05/2019,Vía Oriental con Carrera 19 (Malambo),INSTITUTO DE TRANSITO DEL ATLANTICO,Nacional,"C.24, C.29, C.32, C.35, C.37, D.10, D.2, D.3, D.4, D.5, D.6, D.7, D.8, H.07",None,Radar Doppler,,ATMLRS02,10.864616,-74.772149,,278,15/11/2024,03/03/2025,,,17/03/2025,,,21/11/2024
,SOL0000002441,CU000000000239,Renovada - Expirada,N. DE SANTANDER,CUCUTA,20/09/2019,Av. 1 con calle 24,Secretaría de tránsito y Transporte de la Alcaldía de San José de Cúcuta,Municipal,"C.19, C.2, C.24, C.29, C.35, D.2, D.3, D.6, D.7",None,Radar Doppler,,MESTAFUSIO,7.873421,-72.500829,,261,14/11/2024,04/03/2025,,,19/03/2025,,,21/11/2024
,SOL0000002441,CU000000000240,Renovada - Expirada,N. DE SANTANDER,CUCUTA,20/09/2019,Av. 1 con Calle 25,Secretaría de tránsito y Transporte de la Alcaldía de San José de Cúcuta,Municipal,"C.19, C.2, C.24, C.29, C.35, D.2, D.3, D.6, D.7",None,Radar Doppler,,MESTAFUSIO,7.872508,-72.501116,,261,14/11/2024,04/03/2025,,,19/03/2025,,,21/11/2024
,SOL0000000367,CU000000000229,Renovada - Expirada,BOLIVAR,ARJONA,27/02/2019,SIN DIRECCION,SECRETARIA MUNICIPAL DE TRANSPORTE Y TRANSITO DE ARJONA,Nacional,C.29,None,Radar Doppler,,BOARS001,10.248456,-75.347295,,280,14/11/2024,03/03/2025,,,17/03/2025,,,21/11/2024
,SOL0000002362,CU000000000389,Prorrogada - Vencida,CESAR,AGUACHICA,28/11/2019,Vía San Alberto - La Mata PR 64+900 (Restaurante Gran Chalet) Sentido Sur-Norte,INSTITUTO MUNICIPAL DE TRANSITO Y TRANSPORTE DE AGUACHICA,Nacional,"C.29, D.2",None,Radar Doppler,,PUNTO5,8.299583,-73.598667,,258,14/11/2024,03/03/2025,,,,17/03/2025,,27/11/2024
,SOL0000002541,CU000000000385,Prorrogada - Vencida,BOGOTA D.C,BOGOTA D.C,20/11/2019,Av. Cra. 7 X Cl 94(Sentido Norte - Sur),SECRETARIA DISTRITAL DE MOVILIDAD,Distrital,"C.14, C.29, C.35, D.2",None,Radar Doppler,,DEI28C01,4.673883,-74.042353,,253,14/11/2024,27/02/2025,,,,13/03/2025,,21/11/2024
,SOL0000002541,CU000000000384,Prorrogada - Vencida,BOGOTA D.C,BOGOTA D.C,20/11/2019,Av. Cra. 7 X Cl 94 (Sentido Sur- Norte),SECRETARIA DISTRITAL DE MOVILIDAD,Distrital,"C.14, C.29, C.35, D.2",None,Radar Doppler,,DEI28C02,4.673842,-74.042309,,266,14/11/2024,27/02/2025,,,,13/03/2025,,21/11/2024
,SOL0000001841,CU000000000296,Renovada - Expirada,N. DE SANTANDER,CUCUTA,10/06/2019,SIN DIRECCION,Secretaría de tránsito y Transporte de la Alcaldía de San José de Cúcuta,Municipal,"C.2, C.24, C.29, C.35, D.2",None,Radar Doppler,,Mesta,7.89064,-72.50562,,147,14/11/2024,06/02/2025,,,20/02/2025,,,21/11/2024
,SOL0000001161,CU000000000308,Prorrogada - Vencida,VALLE DEL CAUCA,CARTAGO,27/06/2019,SIN DIRECCION,SECRETARIA DE MOVILIDAD Y TRANSPORTES DE CARTAGO,Municipal,C.29,None,Laser (Lidar) / Infrarrojo,,POLISCAN,4.7428117,-75.9031523,,269,13/11/2024,03/03/2025,14/03/2025,11/07/2025,,11/07/2025,,21/11/2024
,SOL0000000541,CU000000000160,Renovada - Expirada,BOGOTA D.C,BOGOTA D.C,12/12/2018,KR 62 A X AV AUTOPISTA SUR (CALE45 A SUR),SECRETARIA DISTRITAL DE MOVILIDAD,Distrital,"C.14, C.2, C.3, C.31, C.32, C02, C03, C14, C31, C32, C35, D02",None,Semi-Automática (Acción Remota),,Cam79XTS,4.5954996,-74.1508546,,277,13/11/2024,28/02/2025,,,14/03/2025,,,21/11/2024
,SOL0000000541,CU000000000156,Renovada - Expirada,BOGOTA D.C,BOGOTA D.C,12/12/2018,AV PRIMERO DE MAYO X CL 40 sur,SECRETARIA DISTRITAL DE MOVILIDAD,Distrital,"C.14, C.2, C.3, C.31, C.32, C02, C03, C14, C31, C32, C35, D02",None,Semi-Automática (Acción Remota),,Cam74XTS,4.61713,-74.15281,,272,13/11/2024,28/02/2025,,,14/03/2025,,,21/11/2024
,SOL0000001822,CU000000000295,Renovada - Expirada,N. DE SANTANDER,CUCUTA,10/06/2019,SIN DIRECCION,Secretaría de tránsito y Transporte de la Alcaldía de San José de Cúcuta,Municipal,"C.2, C.24, C.29, C.35, D.2",None,Radar Doppler,,Mestafusio,7.887145,-72.497162,,279,13/11/2024,28/02/2025,,,14/03/2025,,,21/11/2024
,SOL0000001402,CU000000000291,Prorrogada - Vencida,CUNDINAMARCA,SIBATE,24/05/2019,Vía Bogota Girardot  Km 100 +500 sector el Soche,SECRETARIA DE MOVILIDAD CONTEMPORANEA DE CUNDINAMARCA,Departamental,"C.24, C.29, D.3, D.5, D.6",None,Radar Doppler,,RRS24FSD2,4.528889,-74.321824,,274,13/11/2024,28/02/2025,,,,28/02/2025,,21/11/2024
,SOL0000000541,CU000000000135,Renovada - Expirada,BOGOTA D.C,BOGOTA D.C,12/12/2018,AUTOPISTA SUR X CL 59 SUR,SECRETARIA DISTRITAL DE MOVILIDAD,Distrital,"C.14, C.2, C.3, C.31, C.32, C02, C03, C14, C31, C32, C35, D02",None,Semi-Automática (Acción Remota),,Cam97XTS,4.5971725,-74.1775094,,259,13/11/2024,27/02/2025,,,13/03/2025,,,21/11/2024
,SOL0000000541,CU000000000139,Renovada - Expirada,BOGOTA D.C,BOGOTA D.C,12/12/2018,AV BOYACA X AC 138,SECRETARIA DISTRITAL DE MOVILIDAD,Distrital,"C.14, C.2, C.3, C.31, C.32, C02, C03, C14, C31, C32, C35, D02",None,Semi-Automática (Acción Remota),,Cam18XTS,4.7298,-74.06864,,245,13/11/2024,26/02/2025,,,12/03/2025,,,21/11/2024
,SOL0000000541,CU000000000157,Renovada - Expirada,BOGOTA D.C,BOGOTA D.C,12/12/2018,KR 6 X AV PRIMERO DE MAYO (CL 20 SUR),SECRETARIA DISTRITAL DE MOVILIDAD,Distrital,"C.14, C.19, C.2, C.31, C.32, C02, C14, C19, C31, C32, C35, D02",None,Semi-Automática (Acción Remota),,Cam75XTS,4.572552,-74.091717,,240,13/11/2024,24/02/2025,,,10/03/2025,,,21/11/2024
,SOL0000001404,CU000000000290,Prorrogada - Vencida,CUNDINAMARCA,SIBATE,24/05/2019,Via Bogotá Girardot km93+600,SECRETARIA DE MOVILIDAD CONTEMPORANEA DE CUNDINAMARCA,Departamental,"C.24, C.29, D.3, D.5, D.6",None,Radar Doppler,,RRS24FSD2,4.503708,-74.364935,,154,13/11/2024,10/02/2025,18/02/2025,,,,,21/11/2024
,SOL0000001384,CU000000000292,Prorrogada - Vencida,CUNDINAMARCA,LA MESA,24/05/2019,Se Encuentra Ubicado en el Municipio de Anapoima en CRA 5 NO. 9 50,SECRETARIA DE MOVILIDAD CONTEMPORANEA DE CUNDINAMARCA,Departamental,"C.24, C.29, D.3, D.5, D.7",None,Radar Doppler,,RRS24FSD2,4.554758,-74.532514,,285,12/11/2024,11/03/2025,,,,11/03/2025,,21/11/2024
,SOL0000001403,CU000000000306,Prorrogada - Vencida,CUNDINAMARCA,SIBATE,27/06/2019,VIA SOACHA SIBATE KM7,SECRETARIA DE MOVILIDAD CONTEMPORANEA DE CUNDINAMARCA,Departamental,"C.29, D.5",None,Radar Doppler,,RRS24FSD2,4.524055,-74.242203,,257,12/11/2024,27/02/2025,,,,27/02/2025,,21/11/2024
,SOL0000002403,CU000000000439,Prorrogada - Vencida,CESAR,AGUACHICA,10/01/2020,Vía Gamarra - Aguachica PR 13 (Colegio ITI). Sentido  este-oeste y oeste – este,INSTITUTO MUNICIPAL DE TRANSITO Y TRANSPORTE DE AGUACHICA,Nacional,"C.29, D.2",None,Radar Doppler,Móvil,PUNTO8,8.313633,-73.636756,,247,10/11/2024,26/02/2025,,,,12/03/2025,,09/01/2025
,SOL0000002601,CU000000000445,Renovada - Expirada,CORDOBA,PLANETA RICA,14/01/2020,SAST MOVIL UBICADO EN VIA NACIONAL 23-10 KM 4 + 500 M - VIA PLANETA RICA - MONTERIA,SecretarÍa de Transporte y Tránsito del Municipio de Planeta Rica,Nacional,"C.29, C.35, C.6, D.2, D.6, D.7",None,Video Detección (Con Analítica de Video),Móvil,P2LOMAZ,8.452919,-75.595571,,244,08/11/2024,25/02/2025,,,11/03/2025,,,13/01/2025
,SOL0000000481,CU000000000201,Prorrogada - Vencida,ANTIOQUIA,MEDELLIN,19/12/2018,Avenida Industriales por Calle 29,SECRETARIA DE MOVILIDAD DE MEDELLIN,Municipal,,None,Laser (Lidar) / Infrarrojo,,K48C29,6.231349,-75.574606,,179,08/11/2024,12/02/2025,,,,23/07/2025,,21/11/2024
,SOL0000000481,CU000000000205,Renovada - Expirada,ANTIOQUIA,MEDELLIN,19/12/2018,Carrera 65 por Calle 59A,SECRETARIA DE MOVILIDAD DE MEDELLIN,Municipal,,None,Laser (Lidar) / Infrarrojo,,K65C58,6.264378,-75.578181,,166,08/11/2024,11/02/2025,25/02/2025,15/07/2025,15/07/2025,,,21/11/2024
,SOL0000001452,CU000000000305,Prorrogada - Vencida,CUNDINAMARCA,COTA,27/06/2019,Via Mosquera Cota km 16 sentido siberia cota,SECRETARIA DE MOVILIDAD CONTEMPORANEA DE CUNDINAMARCA,Departamental,"C.24, C.29, D.3, D.5, D.6",None,Radar Doppler,,RRS24FSD2,4.79277,-74.115819,,246,07/11/2024,26/02/2025,04/03/2025,22/05/2025,,22/05/2025,,21/11/2024
,SOL0000000481,CU000000000198,Renovada - Expirada,ANTIOQUIA,MEDELLIN,19/12/2018,Carrera 65 por Calle 72,SECRETARIA DE MOVILIDAD DE MEDELLIN,Municipal,,None,Laser (Lidar) / Infrarrojo,,K65C71,6.271337,-75.575589,,79,07/11/2024,28/01/2025,,,11/02/2025,,,21/11/2024
,SOL0000000481,CU000000000193,Renovada - Expirada,ANTIOQUIA,MEDELLIN,19/12/2018,Autopista Sur por Calle 44A,SECRETARIA DE MOVILIDAD DE MEDELLIN,Municipal,,None,Laser (Lidar) / Infrarrojo,,K63C44,6.249763,-75.58005,,75,07/11/2024,28/01/2025,,,11/02/2025,,,21/11/2024
,SOL0000000481,CU000000000192,Renovada - Expirada,ANTIOQUIA,MEDELLIN,19/12/2018,Carrera 64C por Calle 97A,SECRETARIA DE MOVILIDAD DE MEDELLIN,Municipal,,None,Laser (Lidar) / Infrarrojo,,K64CC97A,6.292095,-75.568481,,062,07/11/2024,28/01/2025,,,11/02/2025,,,21/11/2024
,SOL0000000481,CU000000000195,Renovada - Expirada,ANTIOQUIA,MEDELLIN,19/12/2018,Carrera 48 por Calle 9,SECRETARIA DE MOVILIDAD DE MEDELLIN,Municipal,,None,Laser (Lidar) / Infrarrojo,,K48C7,6.210951,-75.576402,,137,06/11/2024,05/02/2025,19/02/2025,15/07/2025,15/07/2025,,,21/11/2024
,SOL0000000381,CU000000000016,Renovada - Expirada,ANTIOQUIA,MEDELLIN,10/12/2018,Avenida 33 por Carrera 66B,SECRETARIA DE MOVILIDAD DE MEDELLIN,Municipal,,None,Lazo Inductivo de Piso (Espiras),,65DepBuler,6.239238,-75.589314,,134,06/11/2024,04/02/2025,18/02/2025,14/07/2025,14/07/2025,,,21/11/2024
,SOL0000000201,CU000000000106,Renovada - Expirada,ANTIOQUIA,MEDELLIN,10/12/2018,Carrera 43 A por Calle 9,SECRETARIA DE MOVILIDAD DE MEDELLIN,Municipal,,None,Lazo Inductivo de Piso (Espiras),,30ParquePo,6.2098,-75.5709,,132,06/11/2024,04/02/2025,18/02/2025,09/07/2025,09/07/2025,,,21/11/2024
,SOL0000000201,CU000000000122,Renovada - Expirada,ANTIOQUIA,MEDELLIN,10/12/2018,Calle 67 por Carrera 45,SECRETARIA DE MOVILIDAD DE MEDELLIN,Municipal,,None,Lazo Inductivo de Piso (Espiras),,24PalosVer,6.2614,-75.5564,,100,06/11/2024,31/01/2025,14/02/2025,16/05/2025,16/05/2025,,,21/11/2024
,SOL0000000201,CU000000000092,Renovada - Expirada,ANTIOQUIA,MEDELLIN,10/12/2018,Calle 10 A por Carrera 36,SECRETARIA DE MOVILIDAD DE MEDELLIN,Municipal,,None,Lazo Inductivo de Piso (Espiras),,03Hotel10,6.2097,-75.5656,,102,06/11/2024,30/01/2025,,,13/02/2025,,,21/11/2024
,SOL0000000481,CU000000000197,Renovada - Expirada,ANTIOQUIA,MEDELLIN,19/12/2018,Carrera 65 por Calle 8B,SECRETARIA DE MOVILIDAD DE MEDELLIN,Municipal,,None,Laser (Lidar) / Infrarrojo,,K65C8B,6.215575,-75.586398,,60,06/11/2024,28/01/2025,,,11/02/2025,,,21/11/2024
,SOL0000001451,CU000000000269,Prorrogada - Vencida,CUNDINAMARCA,COTA,30/04/2019,Via Mosquera Cota Km14,SECRETARIA DE MOVILIDAD CONTEMPORANEA DE CUNDINAMARCA,Departamental,"C.24, C.29, D.3, D.5, D.6",None,Radar Doppler,,RRS24FSD2,4.782882,-74.130177,,207,05/11/2024,14/05/2025,04/03/2025,,,15/05/2025,,21/11/2024
,SOL0000002361,CU000000000440,Prorrogada - Vencida,CESAR,AGUACHICA,10/01/2020,CALLE 5 CON CARRERA 23,INSTITUTO MUNICIPAL DE TRANSITO Y TRANSPORTE DE AGUACHICA,Municipal,"C.14, C.15, C.24, C.32, D.4, D.7",None,Video Detección (Con Analítica de Video),Fijo,PUNTO2,8.309806,-73.61175,,219,03/11/2024,21/02/2025,,,,07/03/2025,,09/01/2025
,SOL0000000382,CU000000000232,Renovada - Expirada,ANTIOQUIA,BELLO,27/02/2019,Calle 24A Carrera 58,SECRETARÍA DE MOVILIDAD DE BELLO,Municipal,,None,Lazo Inductivo de Piso (Espiras),,Cabanas2,6.313999,-75.5637476,,199,01/11/2024,17/02/2025,,,03/03/2025,,,21/11/2024
,SOL0000001449,CU000000000304,Prorrogada - Vencida,CUNDINAMARCA,COTA,27/06/2019,VÍA MOSQUERA COTA KM 12 Sentido Sur-occidente Norte-oriente,SECRETARIA DE MOVILIDAD CONTEMPORANEA DE CUNDINAMARCA,Departamental,"C.24, C.29, D.3, D.5, D.6",None,Radar Doppler,,RRS24FSD2,4.773019,-74.145638,,176,01/11/2024,13/02/2025,04/03/2025,14/05/2025,,14/05/2025,,21/11/2024
,SOL0000000381,CU000000000021,Renovada - Expirada,ANTIOQUIA,MEDELLIN,10/12/2018,Carrera 65 por Calle 44,SECRETARIA DE MOVILIDAD DE MEDELLIN,Municipal,,None,Laser (Lidar) / Infrarrojo,,55SnJuan65,6.2482,-75.5833,,130,01/11/2024,04/02/2025,18/02/2025,14/07/2025,14/07/2025,,,21/11/2024
,SOL0000000201,CU000000000086,Renovada - Expirada,ANTIOQUIA,MEDELLIN,10/12/2018,Calle 50 por Carrera 65,SECRETARIA DE MOVILIDAD DE MEDELLIN,Municipal,,None,Lazo Inductivo de Piso (Espiras),,21Motomari,6.2561,-75.5809,,065,01/11/2024,27/01/2025,,,10/02/2025,,,21/11/2024
,SOL0000001462,CU000000000303,Prorrogada - Vencida,CUNDINAMARCA,RICAURTE,27/06/2019,Via Bogota Girardot Km 14+600 Nilo,SECRETARIA DE MOVILIDAD CONTEMPORANEA DE CUNDINAMARCA,Departamental,"C.24, C.29, D.3, D.5, D.6",None,Radar Doppler,,RRS24FSD2,4.239328,-74.720923,,210,31/10/2024,20/02/2025,04/03/2025,19/05/2025,,16/05/2025,,21/11/2024
,SOL0000000381,CU000000000028,Renovada - Expirada,ANTIOQUIA,MEDELLIN,10/12/2018,Carrera 70 por Calle 19,SECRETARIA DE MOVILIDAD DE MEDELLIN,Municipal,,None,Lazo Inductivo de Piso (Espiras),,60Aeroparq,6.2231,-75.592,,149,31/10/2024,07/02/2025,,,21/02/2025,,,21/11/2024
,SOL0000000381,CU000000000027,Renovada - Expirada,ANTIOQUIA,MEDELLIN,10/12/2018,Carrera 65 por Calle 80,SECRETARIA DE MOVILIDAD DE MEDELLIN,Municipal,,None,Lazo Inductivo de Piso (Espiras),,56Cementer,6.276587,-75.573367,,125,31/10/2024,04/02/2025,18/02/2025,15/07/2025,15/07/2025,,,21/11/2024
,SOL0000000201,CU000000000095,Renovada - Expirada,ANTIOQUIA,MEDELLIN,10/12/2018,Carrera 45 por Calle 46,SECRETARIA DE MOVILIDAD DE MEDELLIN,Municipal,,None,Lazo Inductivo de Piso (Espiras),,31PaloHuev,6.2446,-75.5664,,109,31/10/2024,03/02/2025,,,17/02/2025,,,21/11/2024
,SOL0000000201,CU000000000101,Renovada - Expirada,ANTIOQUIA,MEDELLIN,10/12/2018,Carrera 52 por Calle 12 Sur,SECRETARIA DE MOVILIDAD DE MEDELLIN,Municipal,,None,Lazo Inductivo de Piso (Espiras),,44Guayabal,6.1977,-75.5897,,099,31/10/2024,29/01/2025,,,12/02/2025,,,21/11/2024
,SOL0000000381,CU000000000025,Renovada - Expirada,ANTIOQUIA,MEDELLIN,10/12/2018,Avenida 80 por Calle 55,SECRETARIA DE MOVILIDAD DE MEDELLIN,Municipal,,None,Lazo Inductivo de Piso (Espiras),,63Mediterr,6.2693,-75.5953,,56,31/10/2024,23/01/2025,,,06/02/2025,,,21/11/2024
,SOL0000000201,CU000000000093,Renovada - Expirada,ANTIOQUIA,MEDELLIN,10/12/2018,Carrera 52 por Calle 2 Sur,SECRETARIA DE MOVILIDAD DE MEDELLIN,Municipal,,None,Lazo Inductivo de Piso (Espiras),,46CristoSN,6.2065,-75.5861,,24,31/10/2024,15/01/2025,,,29/01/2025,,,21/11/2024
,SOL0000001728,CU000000000331,Renovada - Expirada,SANTANDER,BARRANCABERMEJA,20/09/2019,Carrera 28 Calle 45 acceso norte.   Orientación: norte-sur  (Solo se va a supervisar e infraccionar en un solo sentido),INSPECCION DE TRANSITO Y TRANSPORTE DE BARRANCABERMEJA,Municipal,"B.11, B.5, C.14, C.16, C.2, C.20, C.21, C.24, C.26, C.3, C.31, C.32, C.35, C.37, C.4, C.7, D.2, D.3, D.4, D.5, D.8",None,Video Detección (Con Analítica de Video),,GatsoTser,7.056758,-73.850483,,206,30/10/2024,19/02/2025,,,05/03/2025,,,21/11/2024
,SOL0000001728,CU000000000330,Renovada - Expirada,SANTANDER,BARRANCABERMEJA,20/09/2019,Carrera 28 calle 45 acceso sur.  Orientación: sur- norte. (olo se va a supervisar e infraccionar en un solo sentido),INSPECCION DE TRANSITO Y TRANSPORTE DE BARRANCABERMEJA,Municipal,"B.11, B.5, C.14, C.16, C.2, C.20, C.21, C.24, C.26, C.3, C.31, C.32, C.35, C.37, C.4, C.7, D.2, D.3, D.4, D.5, D.8",None,Video Detección (Con Analítica de Video),,GatsoTser,7.0561,-73.850167,,206,30/10/2024,19/02/2025,,,05/03/2025,,,21/11/2024
,SOL0000001728,CU000000000329,Renovada - Expirada,SANTANDER,BARRANCABERMEJA,20/09/2019,Calle 45 Carrera 28 acceso occidente.   Orientación: occidente-oriente (Solo se va a supervisar e infraccionar en un solo sentido),INSPECCION DE TRANSITO Y TRANSPORTE DE BARRANCABERMEJA,Municipal,"B.11, B.5, C.14, C.16, C.2, C.20, C.21, C.24, C.26, C.3, C.31, C.32, C.35, C.37, C.4, C.7, D.2, D.3, D.4, D.5, D.8",None,Video Detección (Con Analítica de Video),,GatsoTser,7.056281,-73.850689,,206,30/10/2024,19/02/2025,,,05/03/2025,,,21/11/2024
,SOL0000000381,CU000000000022,Renovada - Expirada,ANTIOQUIA,MEDELLIN,10/12/2018,Carrera 65 por Calle 25,SECRETARIA DE MOVILIDAD DE MEDELLIN,Municipal,,None,Lazo Inductivo de Piso (Espiras),,54BarrioAn,6.226302,-75.58362,,108,30/10/2024,03/02/2025,,,17/02/2025,,,21/11/2024
,SOL0000000201,CU000000000085,Renovada - Expirada,ANTIOQUIA,MEDELLIN,10/12/2018,Carrera 48 por Calle 58,SECRETARIA DE MOVILIDAD DE MEDELLIN,Municipal,,None,Lazo Inductivo de Piso (Espiras),,36Turantio,6.2549,-75.563,,59,30/10/2024,29/01/2025,,,12/02/2025,,,21/11/2024
,SOL0000001781,CU000000000336,Prorrogada - Vencida,SANTANDER,BARRANCABERMEJA,20/09/2019,Calle 60 carrera 21 acceso oriental.   Orientación: oriente-occidente,INSPECCION DE TRANSITO Y TRANSPORTE DE BARRANCABERMEJA,Municipal,"B.11, B.5, C.14, C.16, C.2, C.20, C.21, C.24, C.26, C.3, C.31, C.32, C.35, C.37, C.4, C.7, D.2, D.3, D.4, D.5, D.8",None,Video Detección (Con Analítica de Video),,GatsoTser,7.068624,-73.855471,,,30/10/2024,,,,,09/12/2024,,21/11/2024
,SOL0000001781,CU000000000335,Prorrogada - Vencida,SANTANDER,BARRANCABERMEJA,20/09/2019,Calle 60 carrera 21 acceso occidente.       Orientación: occidente-oriente,INSPECCION DE TRANSITO Y TRANSPORTE DE BARRANCABERMEJA,Municipal,"B.11, B.5, C.14, C.16, C.2, C.20, C.21, C.24, C.26, C.3, C.31, C.32, C.35, C.37, C.4, C.7, D.2, D.3, D.4, D.5, D.8",None,Video Detección (Con Analítica de Video),,GatsoTser,7.068317,-73.856159,,,30/10/2024,,,,,09/12/2024,,21/11/2024
,SOL0000001447,CU000000000294,Prorrogada - Vencida,CUNDINAMARCA,CHOCONTA,27/05/2019,"El equipo se ubica en la Carrera 8 N° 9 – 04 en el Municipio de Chocontá,  El sentido el cual se realizará el control es en sentido Bogotá Tunja, sentido Suroccidente  a Nororiente",SECRETARIA DE MOVILIDAD CONTEMPORANEA DE CUNDINAMARCA,Departamental,"C.24, C.29, D.3, D.5, D.6",None,Radar Doppler,,RRS24FSD2,5.148254,-73.683745,,221,29/10/2024,21/02/2025,04/03/2025,22/05/2025,,22/05/2025,,21/11/2024
,SOL0000001446,CU000000000289,Prorrogada - Vencida,CUNDINAMARCA,CHOCONTA,24/05/2019,GACHANCIAPA VIA BOGOTA TUNJA K31+500,SECRETARIA DE MOVILIDAD CONTEMPORANEA DE CUNDINAMARCA,Departamental,"C.24, C.29, D.3, D.5, D.6",None,Radar Doppler,,RRS24FSD2,4.99607,-73.869959,,151,29/10/2024,10/02/2025,,,,25/02/2025,,21/11/2024
,SOL0000000381,CU000000000020,Renovada - Expirada,ANTIOQUIA,MEDELLIN,10/12/2018,Carrera 70 por Calle 19,SECRETARIA DE MOVILIDAD DE MEDELLIN,Municipal,,None,Lazo Inductivo de Piso (Espiras),,59JnPablo2,6.2226,-75.5919,,148,29/10/2024,06/02/2025,,,20/02/2025,,,21/11/2024
,SOL0000000381,CU000000000015,Renovada - Expirada,ANTIOQUIA,MEDELLIN,10/12/2018,Carrera 65 por Calle 95,SECRETARIA DE MOVILIDAD DE MEDELLIN,Municipal,,None,Lazo Inductivo de Piso (Espiras),,57PqJuanes,6.289662,-75.570158,,86,29/10/2024,31/01/2025,,,14/02/2025,,,21/11/2024
,SOL0000000201,CU000000000087,Renovada - Expirada,ANTIOQUIA,MEDELLIN,10/12/2018,Calle 57B por Carrera 57,SECRETARIA DE MOVILIDAD DE MEDELLIN,Municipal,,None,Lazo Inductivo de Piso (Espiras),,23Minorist,6.2579,-75.5721,,61,29/10/2024,23/01/2025,,,06/02/2025,,,21/11/2024
,SOL0000000201,CU000000000099,Renovada - Expirada,ANTIOQUIA,MEDELLIN,10/12/2018,Carrera 48 por Calle 16 A,SECRETARIA DE MOVILIDAD DE MEDELLIN,Municipal,,None,Lazo Inductivo de Piso (Espiras),,34BombEsso,6.218091,-75.575764,,85,28/10/2024,31/01/2025,14/02/2025,17/06/2025,17/06/2025,,,21/11/2024
,SOL0000000381,CU000000000010,Renovada - Expirada,ANTIOQUIA,MEDELLIN,10/12/2018,Avenida 80 por Carrera 65,SECRETARIA DE MOVILIDAD DE MEDELLIN,Municipal,,None,Lazo Inductivo de Piso (Espiras),,53CamposPa,6.2074,-75.5892,,111,28/10/2024,31/01/2025,14/02/2025,16/05/2025,16/05/2025,,,21/11/2024
,SOL0000000201,CU000000000103,Renovada - Expirada,ANTIOQUIA,MEDELLIN,10/12/2018,Calle 33 por Carrera 76,SECRETARIA DE MOVILIDAD DE MEDELLIN,Municipal,,None,Lazo Inductivo de Piso (Espiras),,11Almendro,6.2389,-75.5969,,58,28/10/2024,24/01/2025,,,07/02/2025,,,21/11/2024
,SOL0000002283,CU000000000441,Prorrogada - Vencida,MAGDALENA,SANTA MARTA,10/01/2020,Avenida Río con Carrera 19 (sentido este - oeste),SECRETARIA DE MOVILIDAD MULTIMODAL Y SOSTENIBLE - SANTA MARTA,Municipal,"C.14, C.15, C.24, C.32, C.35, C.37, D.2, D.3, D.4, D.5, D.7",None,Video Detección (Con Analítica de Video),Fijo,PUNTO8,11.236464,-74.194479,,204,27/10/2024,18/02/2025,,,,04/03/2025,,09/01/2025
,SOL0000000541,CU000000000146,Renovada - Expirada,BOGOTA D.C,BOGOTA D.C,12/12/2018,AK 7 X CL 45,SECRETARIA DISTRITAL DE MOVILIDAD,Distrital,"C.14, C.2, C.3, C.31, C.32, C02, C03, C14, C31, C32, C35, D02",None,Semi-Automática (Acción Remota),,Cam36XTS,4.6313959,-74.0642157,,189,25/10/2024,17/02/2025,,,03/03/2025,,,21/11/2024
,SOL0000000541,CU000000000143,Renovada - Expirada,BOGOTA D.C,BOGOTA D.C,12/12/2018,KR 27 X AV PRIMERO DE MAYO,SECRETARIA DISTRITAL DE MOVILIDAD,Distrital,"C.14, C.2, C.3, C.31, C.32, C02, C03, C14, C31, C32, C35, D02",None,Semi-Automática (Acción Remota),,Cam72XTS,4.589056,-74.109026,,183,25/10/2024,13/02/2025,,,27/02/2025,,,21/11/2024
,SOL0000000541,CU000000000158,Renovada - Expirada,BOGOTA D.C,BOGOTA D.C,12/12/2018,KR 27 X AC 19,SECRETARIA DISTRITAL DE MOVILIDAD,Distrital,"C.2, C.3, C.31, C.32, C02, C03, C31, C32, C35, D02",None,Semi-Automática (Acción Remota),,Cam46XTS,4.615899,-74.08575,,164,25/10/2024,12/02/2025,,,26/02/2025,,,21/11/2024
,SOL0000000541,CU000000000137,Renovada - Expirada,BOGOTA D.C,BOGOTA D.C,12/12/2018,KR 10 X CL 10,SECRETARIA DISTRITAL DE MOVILIDAD,Distrital,"C.14, C.2, C.32, C02, C14, C32, C35, D02",None,Semi-Automática (Acción Remota),,Cam43XTS,4.599114,-74.078412,,173,25/10/2024,11/02/2025,,,25/02/2025,,,21/11/2024
,SOL0000000201,CU000000000091,Renovada - Expirada,ANTIOQUIA,MEDELLIN,10/12/2018,Carrera 43A por Calle 31,SECRETARIA DE MOVILIDAD DE MEDELLIN,Municipal,,None,Lazo Inductivo de Piso (Espiras),,29Carneval,6.2311,-75.5699,,110,25/10/2024,04/02/2025,,,18/02/2025,,,21/11/2024
,SOL0000000201,CU000000000084,Renovada - Expirada,ANTIOQUIA,MEDELLIN,10/12/2018,Calle 10 por Carrera 40,SECRETARIA DE MOVILIDAD DE MEDELLIN,Municipal,,None,Lazo Inductivo de Piso (Espiras),,04Mondongo,6.2098,-75.5682,,076,25/10/2024,28/01/2025,,,11/02/2025,,,21/11/2024
,SOL0000000541,CU000000000152,Renovada - Expirada,BOGOTA D.C,BOGOTA D.C,12/12/2018,AV QUITO X AC 3,SECRETARIA DISTRITAL DE MOVILIDAD,Distrital,"C.14, C.2, C.3, C.31, C.32, C02, C03, C14, C31, C32, C35, D02",None,Semi-Automática (Acción Remota),,Cam67XTS,4.603148,-74.100475,,297,24/10/2024,07/03/2025,,,25/03/2025,,,21/11/2024
,SOL0000000541,CU000000000153,Renovada - Expirada,BOGOTA D.C,BOGOTA D.C,12/12/2018,KR 50 X AV ESPERANZA (AC 24),SECRETARIA DISTRITAL DE MOVILIDAD,Distrital,"C.2, C.3, C.31, C.32, C02, C03, C31, C32, C35, D02",None,Semi-Automática (Acción Remota),,Cam55XTS,4.637768,-74.09742,,181,24/10/2024,13/02/2025,,,27/02/2025,,,21/11/2024
,SOL0000000541,CU000000000136,Renovada - Expirada,BOGOTA D.C,BOGOTA D.C,12/12/2018,AV QUITO X CL 8 SUR,SECRETARIA DISTRITAL DE MOVILIDAD,Distrital,"C.14, C.2, C.3, C.31, C.32, C02, C03, C14, C31, C32, C35, D02",None,Semi-Automática (Acción Remota),,Cam68XTS,4.5984922,-74.1069537,,190,24/10/2024,13/02/2025,,,27/02/2025,,,21/11/2024
,SOL0000000541,CU000000000130,Renovada - Expirada,BOGOTA D.C,BOGOTA D.C,12/12/2018,KR 7 X AC 92,SECRETARIA DISTRITAL DE MOVILIDAD,Distrital,"C.14, C.2, C.3, C.31, C.32, C02, C03, C14, C31, C32, C35, D02",None,Semi-Automática (Acción Remota),,Cam52XTS,4.67153,-74.04369,,186,24/10/2024,12/02/2025,,,26/02/2025,,,21/11/2024
,SOL0000000541,CU000000000138,Renovada - Expirada,BOGOTA D.C,BOGOTA D.C,12/12/2018,KR 27 X AC 6,SECRETARIA DISTRITAL DE MOVILIDAD,Distrital,"C.2, C.3, C.31, C.32, C02, C03, C31, C32, C35, D02",None,Semi-Automática (Acción Remota),,Cam41XTS,4.604657,-74.095158,,161,24/10/2024,11/02/2025,,,25/02/2025,,,21/11/2024
,SOL0000000541,CU000000000127,Renovada - Expirada,BOGOTA D.C,BOGOTA D.C,12/12/2018,AV CARACAS X AC 19,SECRETARIA DISTRITAL DE MOVILIDAD,Distrital,"C.14, C.2, C.3, C.31, C.32, C02, C03, C14, C31, C32, C35, D02",None,Semi-Automática (Acción Remota),,Cam38XTS,4.60875,-74.075999,,118,24/10/2024,05/02/2025,,,19/02/2025,,,21/11/2024
,SOL0000000201,CU000000000078,Renovada - Expirada,ANTIOQUIA,MEDELLIN,10/12/2018,Calle 10 por Carrera 43F,SECRETARIA DE MOVILIDAD DE MEDELLIN,Municipal,,None,Lazo Inductivo de Piso (Espiras),,05ExitoPob,6.2125,-75.5747,,94,24/10/2024,29/01/2025,,,12/02/2025,,,21/11/2024
,SOL0000000201,CU000000000116,Renovada - Expirada,ANTIOQUIA,MEDELLIN,10/12/2018,Autopista Sur por Calle 4 Sur,SECRETARIA DE MOVILIDAD DE MEDELLIN,Municipal,,None,Laser (Lidar) / Infrarrojo,,42Carrefou,6.20218,-75.58008,,84,24/10/2024,28/01/2025,,,11/02/2025,,,21/11/2024
,SOL0000000201,CU000000000113,Renovada - Expirada,ANTIOQUIA,MEDELLIN,10/12/2018,Avenida Guayabal por Calle 20,SECRETARIA DE MOVILIDAD DE MEDELLIN,Municipal,,None,Laser (Lidar) / Infrarrojo,,48Zoologic,6.2224,-75.5796,,33,24/10/2024,28/01/2025,,,11/02/2025,,,21/11/2024
,SOL0000000201,CU000000000100,Renovada - Expirada,ANTIOQUIA,MEDELLIN,10/12/2018,Avenida Regional por Calle 18,SECRETARIA DE MOVILIDAD DE MEDELLIN,Municipal,,None,Lazo Inductivo de Piso (Espiras),,39ServienR,6.22,-75.57676,,141,23/10/2024,05/02/2025,19/02/2025,15/07/2025,15/07/2025,,,21/11/2024
,SOL0000000201,CU000000000079,Renovada - Expirada,ANTIOQUIA,MEDELLIN,10/12/2018,Avenida Guayabal por Calle 17,SECRETARIA DE MOVILIDAD DE MEDELLIN,Municipal,,None,Lazo Inductivo de Piso (Espiras),,45BodegasO,6.2201,-75.5802,,82,23/10/2024,29/01/2025,,,12/02/2025,,,21/11/2024
,SOL0000000381,CU000000000019,Renovada - Expirada,ANTIOQUIA,MEDELLIN,10/12/2018,Avenida 80 por Calle 76,SECRETARIA DE MOVILIDAD DE MEDELLIN,Municipal,,None,Lazo Inductivo de Piso (Espiras),,64DnMaria,6.2773,-75.5894,,088,23/10/2024,29/01/2025,,,12/02/2025,,,21/11/2024
,SOL0000000201,CU000000000104,Renovada - Expirada,ANTIOQUIA,MEDELLIN,10/12/2018,Carrera 25 por Calle 9A Sur,SECRETARIA DE MOVILIDAD DE MEDELLIN,Municipal,,None,Lazo Inductivo de Piso (Espiras),,26TrSuperi,6.1895,-75.5608,,112,22/10/2024,03/02/2025,,,17/02/2025,,,21/11/2024
,SOL0000000381,CU000000000026,Renovada - Expirada,ANTIOQUIA,MEDELLIN,10/12/2018,Km 7 +300 Vía Tunel de Occidente O-E,SECRETARIA DE MOVILIDAD DE MEDELLIN,Municipal,,None,Laser (Lidar) / Infrarrojo,,67TuneOcOr,6.279144,-75.644991,,95,22/10/2024,30/01/2025,13/02/2025,11/07/2025,11/07/2025,,,21/11/2024
,SOL0000000201,CU000000000090,Renovada - Expirada,ANTIOQUIA,MEDELLIN,10/12/2018,Avenida 80 por Calle 35,SECRETARIA DE MOVILIDAD DE MEDELLIN,Municipal,,None,Lazo Inductivo de Piso (Espiras),,01Quijote,6.2433,-75.6025,,052,22/10/2024,22/01/2025,,,05/02/2025,,,21/11/2024
,SOL0000000201,CU000000000089,Renovada - Expirada,ANTIOQUIA,MEDELLIN,10/12/2018,Carrera 38 por Calle 19,SECRETARIA DE MOVILIDAD DE MEDELLIN,Municipal,,None,Lazo Inductivo de Piso (Espiras),,28LaPalmas,6.2222,-75.5653,,92,21/10/2024,03/02/2025,,,17/02/2025,,,21/11/2024
,SOL0000000201,CU000000000117,Renovada - Expirada,ANTIOQUIA,MEDELLIN,10/12/2018,Avenida Regional por Calle 18,SECRETARIA DE MOVILIDAD DE MEDELLIN,Municipal,,None,Lazo Inductivo de Piso (Espiras),,40ServienD,6.220488,-75.576676,,055,21/10/2024,23/01/2025,,,06/02/2025,,,21/11/2024
,SOL0000000201,CU000000000118,Renovada - Expirada,ANTIOQUIA,MEDELLIN,10/12/2018,Calle 44 por Carrera 53,SECRETARIA DE MOVILIDAD DE MEDELLIN,Municipal,,None,Lazo Inductivo de Piso (Espiras),,15AlpujaR,6.2459,-75.573,,140,18/10/2024,05/02/2025,,,19/02/2025,,,21/11/2024
,SOL0000000201,CU000000000083,Renovada - Expirada,ANTIOQUIA,MEDELLIN,10/12/2018,Avenida Regional por Calle 17A Sur,SECRETARIA DE MOVILIDAD DE MEDELLIN,Municipal,,None,Lazo Inductivo de Piso (Espiras),,38Tugo,6.1887,-75.583,,98,18/10/2024,04/02/2025,18/02/2025,15/07/2025,15/07/2025,,,21/11/2024
,SOL0000000201,CU000000000107,Renovada - Expirada,ANTIOQUIA,MEDELLIN,10/12/2018,Calle 29 por Carrera 44,SECRETARIA DE MOVILIDAD DE MEDELLIN,Municipal,,None,Lazo Inductivo de Piso (Espiras),,09PremiumP,6.2291,-75.5715,,136,18/10/2024,04/02/2025,18/02/2025,17/06/2025,17/06/2025,,,21/11/2024
,SOL0000000201,CU000000000109,Renovada - Expirada,ANTIOQUIA,MEDELLIN,10/12/2018,Calle 50 por Carrera 65,SECRETARIA DE MOVILIDAD DE MEDELLIN,Municipal,,None,Lazo Inductivo de Piso (Espiras),,20Sauces,6.256,-75.5811,,96,18/10/2024,31/01/2025,14/02/2025,16/05/2025,16/05/2025,,,21/11/2024
,SOL0000000201,CU000000000121,Renovada - Expirada,ANTIOQUIA,MEDELLIN,10/12/2018,Calle 37 por Carrera 51,SECRETARIA DE MOVILIDAD DE MEDELLIN,Municipal,,None,Lazo Inductivo de Piso (Espiras),,13Exposici,6.2384,-75.5734,,97,17/10/2024,04/02/2025,18/02/2025,15/07/2025,15/07/2025,,,21/11/2024
,SOL0000000201,CU000000000111,Renovada - Expirada,ANTIOQUIA,MEDELLIN,10/12/2018,Calle 30 por Carrera 66B,SECRETARIA DE MOVILIDAD DE MEDELLIN,Municipal,,None,Lazo Inductivo de Piso (Espiras),,10Fatima,6.2315,-75.5873,,078,17/10/2024,29/01/2025,,,12/02/2025,,,21/11/2024
,SOL0000000201,CU000000000120,Renovada - Expirada,ANTIOQUIA,MEDELLIN,10/12/2018,Carrera 52 por Calle 2 Sur,SECRETARIA DE MOVILIDAD DE MEDELLIN,Municipal,,None,Lazo Inductivo de Piso (Espiras),,47CristoNS,6.2069,-75.5861,,107,16/10/2024,04/02/2025,,,18/02/2025,,,21/11/2024
,SOL0000000201,CU000000000077,Renovada - Expirada,ANTIOQUIA,MEDELLIN,10/12/2018,Carrera 22 por Calle 16,SECRETARIA DE MOVILIDAD DE MEDELLIN,Municipal,,None,Lazo Inductivo de Piso (Espiras),,08Chuscali,6.2159,-75.5526,,104,16/10/2024,03/02/2025,,,17/02/2025,,,21/11/2024
,SOL0000000481,CU000000000202,Renovada - Expirada,ANTIOQUIA,MEDELLIN,19/12/2018,Carrera 48 por Calle 10 Sur,SECRETARIA DE MOVILIDAD DE MEDELLIN,Municipal,,None,Laser (Lidar) / Infrarrojo,,K48C10Sur,6.196922,-75.578398,,57,16/10/2024,28/01/2025,,,11/02/2025,,,21/11/2024
,SOL0000000201,CU000000000125,Prorrogada - Vencida,ANTIOQUIA,MEDELLIN,10/12/2018,Carrera 49 por Calle 17 A Sur,SECRETARIA DE MOVILIDAD DE MEDELLIN,Municipal,,None,Lazo Inductivo de Piso (Espiras),,37TugoII,6.19,-75.5826,,135,15/10/2024,04/02/2025,,,,04/02/2025,,21/11/2024
,SOL0000000201,CU000000000123,Renovada - Expirada,ANTIOQUIA,MEDELLIN,10/12/2018,Avenida 80 por Carrera 76,SECRETARIA DE MOVILIDAD DE MEDELLIN,Municipal,,None,Lazo Inductivo de Piso (Espiras),,02LaMota,6.21919,-75.599256,,32,15/10/2024,28/01/2025,,,11/02/2025,,,21/11/2024
,SOL0000000201,CU000000000110,Renovada - Expirada,ANTIOQUIA,MEDELLIN,10/12/2018,Calle 44 por Carrera 70,SECRETARIA DE MOVILIDAD DE MEDELLIN,Municipal,,None,Lazo Inductivo de Piso (Espiras),,17Exito70,6.2493,-75.5888,,54,15/10/2024,28/01/2025,,,11/02/2025,,,21/11/2024
,SOL0000001741,CU000000000340,Prorrogada - Vencida,SANTANDER,BARRANCABERMEJA,20/09/2019,carrera 52 calle 33 acceso norte.  Orientación: norte-sur,INSPECCION DE TRANSITO Y TRANSPORTE DE BARRANCABERMEJA,Municipal,"B.11, B.5, C.14, C.16, C.2, C.20, C.21, C.24, C.26, C.3, C.31, C.32, C.35, C.37, C.4, C.7, D.2, D.3, D.4, D.5, D.8",None,Video Detección (Con Analítica de Video),,GatsoTser,7.041222,-73.839386,,,15/10/2024,,,,,23/01/2025,,21/11/2024
,SOL0000001741,CU000000000339,Prorrogada - Vencida,SANTANDER,BARRANCABERMEJA,20/09/2019,carrera 52 calle 33,INSPECCION DE TRANSITO Y TRANSPORTE DE BARRANCABERMEJA,Municipal,"B.11, B.5, C.14, C.16, C.2, C.20, C.21, C.24, C.26, C.3, C.31, C.32, C.35, C.37, C.4, C.7, D.2, D.3, D.4, D.5, D.8",None,Video Detección (Con Analítica de Video),,GatsoTser,7.040311,-73.839683,,,15/10/2024,,,,,23/01/2025,,21/11/2024
,SOL0000001741,CU000000000338,Prorrogada - Vencida,SANTANDER,BARRANCABERMEJA,20/09/2019,Calle 33 carrera 52 acceso occidente.   Orientación: occidente-oriente,INSPECCION DE TRANSITO Y TRANSPORTE DE BARRANCABERMEJA,Municipal,"B.11, B.5, C.14, C.16, C.2, C.20, C.21, C.24, C.26, C.3, C.31, C.32, C.35, C.37, C.4, C.7, D.2, D.3, D.4, D.5, D.8",None,Video Detección (Con Analítica de Video),,GatsoTser,7.041061,-73.83988,,,15/10/2024,,,,,23/01/2025,,21/11/2024
,SOL0000001729,CU000000000342,Prorrogada - Vencida,SANTANDER,BARRANCABERMEJA,20/09/2019,Calle 50 carrera 15 acceso oriental.    Orientación: oriente-occidente,INSPECCION DE TRANSITO Y TRANSPORTE DE BARRANCABERMEJA,Municipal,"B.11, B.5, C.14, C.16, C.2, C.20, C.21, C.24, C.26, C.3, C.31, C.32, C.35, C.37, C.4, C.7, D.2, D.3, D.4, D.5, D.8",None,Video Detección (Con Analítica de Video),,GatsoTser,7.060175,-73.861997,,,15/10/2024,,,,,09/12/2024,,21/11/2024
,SOL0000001729,CU000000000341,Prorrogada - Vencida,SANTANDER,BARRANCABERMEJA,20/09/2019,Carrera 15 calle 50 acceso norte.   Orientación: norte-sur,INSPECCION DE TRANSITO Y TRANSPORTE DE BARRANCABERMEJA,Municipal,"B.11, B.5, C.14, C.16, C.2, C.20, C.21, C.24, C.26, C.3, C.31, C.32, C.35, C.37, C.4, C.7, D.2, D.3, D.4, D.5, D.8",None,Video Detección (Con Analítica de Video),,GatsoTser,7.060592,-73.862372,,,15/10/2024,,,,,09/12/2024,,21/11/2024
,SOL0000002381,CU000000000414,Renovada - Expirada,CESAR,AGUACHICA,24/12/2019,Troncal Carrera 40 con Calle 1 Norte al frente de UPC -  Vía San Alberto - La Mata PR 66+257 (sentido norte sur y sur norte).,INSTITUTO MUNICIPAL DE TRANSITO Y TRANSPORTE DE AGUACHICA,Nacional,"C.29, D.2",None,Radar Doppler,Móvil,PUNTO3,8.315056,-73.596694,,83,06/10/2024,28/01/2025,,,11/02/2025,,,23/12/2024
,SOL0000002101,CU000000000309,Renovada - Expirada,ANTIOQUIA,ITAGUI,08/07/2019,CALLE 36 CARRERA 65,SECRETARIA DE MOVILIDAD DE ITAGUI,Municipal,"C.14, C.29, C.35, D.2",None,Lazo Inductivo de Piso (Espiras),,DITAIRES,6.17242,-75.62977,,081,02/10/2024,28/01/2025,,,11/02/2025,,,21/11/2024
,SOL0000002501,CU000000000383,Renovada - Expirada,ANTIOQUIA,ITAGUI,20/11/2019,Calle 85 Carrera 48,SECRETARIA DE MOVILIDAD DE ITAGUI,Municipal,"C.14, C.29, C.35, D.2",None,Laser (Lidar) / Infrarrojo,,MAYORISTA,6.1893754,-75.5891497,,043,02/10/2024,21/01/2025,,,04/02/2025,,,21/11/2024
,SOL0000002061,CU000000000315,Renovada - Expirada,ANTIOQUIA,ITAGUI,30/07/2019,Carrera 52 Calle 85,SECRETARIA DE MOVILIDAD DE ITAGUI,Municipal,"C.14, C.26, C.29, C.32, C.35, D.2, D.4",None,Lazo Inductivo de Piso (Espiras),,SANTAMARIA,6.191318,-75.592445,,042,01/10/2024,21/01/2025,,,04/02/2025,,,21/11/2024
,SOL0000001762,CU000000000352,Prorrogada - Vencida,SANTANDER,BARRANCABERMEJA,20/09/2019,Calle 52 Carrera 30 Acceso Norte.         Orientación: norte-sur,INSPECCION DE TRANSITO Y TRANSPORTE DE BARRANCABERMEJA,Municipal,"B.11, B.5, C.14, C.16, C.2, C.20, C.21, C.24, C.26, C.3, C.31, C.32, C.35, C.37, C.4, C.7, D.2, D.3, D.4, D.5, D.8",None,Video Detección (Con Analítica de Video),,GatsoTser,7.062244,-73.850442,,39,30/09/2024,21/01/2025,30/01/2025,19/03/2025,,30/05/2025,,21/11/2024
,SOL0000001762,CU000000000349,Prorrogada - Vencida,SANTANDER,BARRANCABERMEJA,20/09/2019,Calle 52 Carrera 30 accesos oriente.   Orientación: Oriente-Occidente,INSPECCION DE TRANSITO Y TRANSPORTE DE BARRANCABERMEJA,Municipal,"B.11, B.5, C.14, C.16, C.2, C.20, C.21, C.24, C.26, C.3, C.31, C.32, C.35, C.37, C.4, C.7, D.2, D.3, D.4, D.5, D.8",None,Video Detección (Con Analítica de Video),,GatsoTser,7.061962,-73.850114,,39,30/09/2024,21/01/2025,30/01/2025,19/03/2025,,30/05/2025,,21/11/2024
,SOL0000001762,CU000000000350,Prorrogada - Vencida,SANTANDER,BARRANCABERMEJA,20/09/2019,Diagonal 49 Carrera 30 Calle 52 acceso sur-occidental.   Orientación: sur norte,INSPECCION DE TRANSITO Y TRANSPORTE DE BARRANCABERMEJA,Municipal,"B.11, B.5, C.14, C.16, C.2, C.20, C.21, C.24, C.26, C.3, C.31, C.32, C.35, C.37, C.4, C.7, D.2, D.3, D.4, D.5, D.8",None,Video Detección (Con Analítica de Video),,GatsoTser,7.061369,-73.851025,,39,30/09/2024,21/01/2025,30/01/2025,19/03/2025,,30/05/2025,,21/11/2024
,SOL0000001762,CU000000000351,Prorrogada - Vencida,SANTANDER,BARRANCABERMEJA,20/09/2019,Calle 52 carrera 30 acceso occidente.     Orientación: Occidente Oriente,INSPECCION DE TRANSITO Y TRANSPORTE DE BARRANCABERMEJA,Municipal,"B.11, B.5, C.14, C.16, C.2, C.20, C.21, C.24, C.26, C.3, C.31, C.32, C.35, C.37, C.4, C.7, D.2, D.3, D.4, D.5, D.8",None,Video Detección (Con Analítica de Video),,GatsoTser,7.061647,-73.851267,,39,30/09/2024,21/01/2025,,,,30/05/2025,,21/11/2024
,SOL0000002281,CU000000000412,Prorrogada - Vencida,MAGDALENA,SANTA MARTA,24/12/2019,AV. Ferrocarril (Calle 23) con Av. Estudiantes (Carrera 12). Sentido sur - norte.,SECRETARIA DE MOVILIDAD MULTIMODAL Y SOSTENIBLE - SANTA MARTA,Municipal,"C.14, C.15, C.24, C.32, C.35, C.37, D.2, D.3, D.4, D.5, D.7",None,Video Detección (Con Analítica de Video),,PUNTO3,11.23705,-74.204771,,31,30/09/2024,20/01/2025,,,,03/02/2025,,23/12/2024
,SOL0000002262,CU000000000413,Prorrogada - Vencida,MAGDALENA,SANTA MARTA,24/12/2019,AV. Libertador (Carrera 32) con Av. Río (Calle 24a). Sentido sur - norte,SECRETARIA DE MOVILIDAD MULTIMODAL Y SOSTENIBLE - SANTA MARTA,Municipal,"C.14, C.15, C.24, C.32, C.35, C.37, D.2, D.3, D.4, D.5, D.7",None,Video Detección (Con Analítica de Video),,PUNTO7,11.233668,-74.177321,,30,30/09/2024,17/01/2025,,,,31/01/2025,,23/12/2024
,SOL0000001701,CU000000000346,Prorrogada - Vencida,SANTANDER,BARRANCABERMEJA,20/09/2019,Calle 52 carrera 30 Acceso Norte.  Orientación: norte sur (Solo se va a supervisar e infraccionar en un solo sentido),INSPECCION DE TRANSITO Y TRANSPORTE DE BARRANCABERMEJA,Municipal,"B.11, B.5, C.14, C.16, C.2, C.20, C.21, C.24, C.26, C.3, C.31, C.32, C.35, C.37, C.4, C.7, D.2, D.3, D.4, D.5, D.8",None,Video Detección (Con Analítica de Video),,GatsoTser,7.061938,-73.854522,,,30/09/2024,,,,,09/12/2024,,21/11/2024
,SOL0000001701,CU000000000345,Prorrogada - Vencida,SANTANDER,BARRANCABERMEJA,20/09/2019,Calle 53 carrera 24. acceso Occidente.   Orientación: Occidente oriente,INSPECCION DE TRANSITO Y TRANSPORTE DE BARRANCABERMEJA,Municipal,"B.11, B.5, C.14, C.16, C.2, C.20, C.21, C.24, C.26, C.3, C.31, C.32, C.35, C.37, C.4, C.7, D.2, D.3, D.4, D.5, D.8",None,Video Detección (Con Analítica de Video),,GatsoTser,7.061239,-73.854894,,,30/09/2024,,,,,09/12/2024,,21/11/2024
,SOL0000001701,CU000000000344,Prorrogada - Vencida,SANTANDER,BARRANCABERMEJA,20/09/2019,Calle 52 Carrera 24 acceso sur.     Orientación: sur - norte (Solo se va a supervisar e infraccionar en un solo sentido),INSPECCION DE TRANSITO Y TRANSPORTE DE BARRANCABERMEJA,Municipal,"B.5, C.14, C.16, C.2, C.20, C.21, C.24, C.26, C.3, C.31, C.32, C.35, C.37, C.4, C.7, D.2, D.3, D.4, D.5, D.8",None,Video Detección (Con Analítica de Video),,GatsoTser,7.060883,-73.854454,,,30/09/2024,,,,,09/12/2024,,21/11/2024
,SOL0000001701,CU000000000343,Prorrogada - Vencida,SANTANDER,BARRANCABERMEJA,20/09/2019,Call 52 carrera 30 Acceso oriente.       Orientación: oriente occidente,INSPECCION DE TRANSITO Y TRANSPORTE DE BARRANCABERMEJA,Municipal,"B.11, B.5, C.14, C.16, C.2, C.20, C.21, C.24, C.26, C.3, C.31, C.32, C.35, C.37, C.4, C.7, D.2, D.3, D.4, D.5, D.8",None,Video Detección (Con Analítica de Video),,GatsoTser,7.061631,-73.854111,,,30/09/2024,,,,,09/12/2024,,21/11/2024
,SOL0000001043,CU000000000244,Renovada - Expirada,N. DE SANTANDER,CUCUTA,26/03/2019,AVENIDA 17 CON CALLE 4,Secretaría de tránsito y Transporte de la Alcaldía de San José de Cúcuta,Municipal,"C.24, C.29, C.35, D.2, D.7",None,Radar Doppler,,Mestafusio,7.90499,-72.51833,,008,20/09/2024,09/01/2025,,,23/01/2025,,,21/11/2024
,SOL0000002461,CU000000000337,Renovada - Expirada,N. DE SANTANDER,CUCUTA,20/09/2019,Parque Simón Bolívar intersección Av. La Gran Colombia con Av. Guaimaral,Secretaría de tránsito y Transporte de la Alcaldía de San José de Cúcuta,Municipal,"C.2, C.24, C.29, C.3, C.35, D.2, D.4, D.7",None,Radar Doppler,,MESTAFUSIO,7.89416,-72.49027,,013,19/09/2024,09/01/2025,,,23/01/2025,,,21/11/2024
,SOL0000001581,CU000000000238,Renovada - Expirada,N. DE SANTANDER,CUCUTA,26/03/2019,AVENIDA 4 CALLE 7,Secretaría de tránsito y Transporte de la Alcaldía de San José de Cúcuta,Municipal,"A.5, C.2, C.24, C.29, C.32, C.35, D.10, D.2, D.4, D.8",None,Radar Doppler,,Mestafusio,7.89008,-72.50387,,12,19/09/2024,08/01/2025,,,22/01/2025,,,21/11/2024
,SOL0000002202,CU000000000370,Prorrogada - Vencida,MAGDALENA,SANTA MARTA,15/11/2019,Carrera 4 con Calle 11c (Centro comercial Arrecife). Sentido norte – sur y sur – norte (ambos sentidos),SECRETARIA DE MOVILIDAD MULTIMODAL Y SOSTENIBLE - SANTA MARTA,Municipal,"C.24, C.29, C.32, C.35, C.37, D.10, D.2, D.3",None,Radar Doppler,,PUNTO14,11.199951,-74.226071,,1128,15/09/2024,31/12/2024,,,,16/01/2025,,21/11/2024
,SOL0000001722,CU000000000358,Prorrogada - Vencida,SANTANDER,BARRANCABERMEJA,20/09/2019,Calle 48 Carrera 28 acceso oriente.    Orientación: oriente-occidente,INSPECCION DE TRANSITO Y TRANSPORTE DE BARRANCABERMEJA,Municipal,"B.11, B.5, C.14, C.16, C.2, C.20, C.21, C.24, C.26, C.3, C.31, C.32, C.35, C.37, C.4, C.7, D.2, D.3, D.4, D.5, D.8",None,Video Detección (Con Analítica de Video),,GatsoTser,7.059378,-73.850778,,,15/09/2024,,,,,25/12/2024,,21/11/2024
,SOL0000001722,CU000000000357,Prorrogada - Vencida,SANTANDER,BARRANCABERMEJA,20/09/2019,Carrera 28 Calle 48 Acceso sur.   Orientación: sur-norte,INSPECCION DE TRANSITO Y TRANSPORTE DE BARRANCABERMEJA,Municipal,"B.11, B.5, C.14, C.16, C.2, C.20, C.21, C.24, C.26, C.28, C.3, C.31, C.32, C.35, C.37, C.4, C.7, D.2, D.3, D.4, D.5, D.8",None,Video Detección (Con Analítica de Video),,GatsoTser,7.058806,-73.850961,,,15/09/2024,,,,,25/12/2024,,21/11/2024
,SOL0000001722,CU000000000356,Prorrogada - Vencida,SANTANDER,BARRANCABERMEJA,20/09/2019,Calle 48 Carrera 28 acceso norte.    Orientación: norte- sur.,INSPECCION DE TRANSITO Y TRANSPORTE DE BARRANCABERMEJA,Municipal,"B.11, B.5, C.14, C.16, C.2, C.20, C.21, C.24, C.26, C.3, C.31, C.32, C.35, C.37, C.4, C.7, D.2, D.3, D.4, D.5, D.8",None,Video Detección (Con Analítica de Video),,GatsoTser,7.059478,-73.851301,,,15/09/2024,,,,,25/12/2024,,21/11/2024
,SOL0000001744,CU000000000355,Prorrogada - Vencida,SANTANDER,BARRANCABERMEJA,20/09/2019,Carrera 34c Calle 39 acceso sur.   Orientación Sur-norte,INSPECCION DE TRANSITO Y TRANSPORTE DE BARRANCABERMEJA,Municipal,"B.11, B.5, C.14, C.16, C.2, C.20, C.21, C.24, C.26, C.3, C.31, C.32, C.35, C.37, C.4, C.7, D.2, D.3, D.4, D.5, D.8",None,Video Detección (Con Analítica de Video),,GatsoTser,7.063322,-73.844415,,,15/09/2024,,,,,10/12/2024,,21/11/2024
,SOL0000001744,CU000000000354,Prorrogada - Vencida,SANTANDER,BARRANCABERMEJA,20/09/2019,Calle 39 Carrera 34c acceso Oriente.    Orientación: oriente-occidente,INSPECCION DE TRANSITO Y TRANSPORTE DE BARRANCABERMEJA,Municipal,"B.11, B.5, C.14, C.16, C.2, C.20, C.21, C.24, C.26, C.3, C.31, C.32, C.35, C.37, C.4, C.7, D.2, D.3, D.4, D.5, D.8",None,Video Detección (Con Analítica de Video),,GatsoTser,7.06345,-73.843795,,,15/09/2024,,,,,10/12/2024,,21/11/2024
,SOL0000001744,CU000000000353,Prorrogada - Vencida,SANTANDER,BARRANCABERMEJA,20/09/2019,Calle 39 Carrera 34c acceso Occidental.    Orientación: Occidente-Oriente,INSPECCION DE TRANSITO Y TRANSPORTE DE BARRANCABERMEJA,Municipal,"B.11, B.5, C.14, C.16, C.2, C.20, C.21, C.24, C.26, C.3, C.31, C.32, C.35, C.37, C.4, C.7, D.2, D.3, D.4, D.5, D.8",None,Video Detección (Con Analítica de Video),,GatsoTser,7.063811,-73.84454,,,15/09/2024,,,,,10/12/2024,,21/11/2024
,SOL0000000901,CU000000000282,Renovada - Expirada,N. DE SANTANDER,LOS PATIOS,10/05/2019,AV 10 CALLE 51 COMFANORTE SENTIDO PAMPLONA - CUCUTA,Instituto de Tránsito y Transporte del Municipio de Los Patios,Municipal,"C.29, C.35, D.2",None,Laser (Lidar) / Infrarrojo,,13242,7.858613,-72.5008388,,1080,12/09/2024,23/12/2024,,,09/01/2025,,,21/11/2024
,SOL0000001561,CU000000000268,Renovada - Expirada,N. DE SANTANDER,CUCUTA,30/04/2019,SIN DIRECCION,Secretaría de tránsito y Transporte de la Alcaldía de San José de Cúcuta,Municipal,"C.24, C.29, C.35, D.2, D.4",None,Radar Doppler,,Mestafusio,7.88884,-72.50218,,1125,10/09/2024,30/12/2024,,,15/01/2025,,,21/11/2024
,SOL0000001561,CU000000000267,Renovada - Expirada,N. DE SANTANDER,CUCUTA,30/04/2019,SIN DIRECCION,Secretaría de tránsito y Transporte de la Alcaldía de San José de Cúcuta,Municipal,"C.24, C.29, C.35, D.2, D.4",None,Radar Doppler,,Mestafusio,7.8893,-72.50188,,1125,10/09/2024,30/12/2024,,,15/01/2025,,,21/11/2024
,SOL0000001041,CU000000000241,Renovada - Expirada,N. DE SANTANDER,CUCUTA,26/03/2019,AVENIDA 0 CON CALLE 1 (Atalaya),Secretaría de tránsito y Transporte de la Alcaldía de San José de Cúcuta,Municipal,"C.24, C.29, C.35, D.2",None,Radar Doppler,,Mestafusio,7.908724,-72.517832,,1104,04/09/2024,23/12/2024,,,09/01/2025,,,21/11/2024
,SOL0000001221,CU000000000307,Prorrogada - Vencida,VALLE DEL CAUCA,CARTAGO,27/06/2019,SIN DIRECCION,SECRETARIA DE MOVILIDAD Y TRANSPORTES DE CARTAGO,Municipal,C.29,None,Laser (Lidar) / Infrarrojo,,POLISCAN,4.7269902,-75.9143884,,1083,02/09/2024,23/12/2024,02/01/2025,14/03/2025,,14/03/2025,,21/11/2024
,SOL0000002261,CU000000000391,Prorrogada - Vencida,MAGDALENA,SANTA MARTA,09/12/2019,AV. Ferrocarril (Carrera 15) con Calle 29h. Sentido norte - sur,SECRETARIA DE MOVILIDAD MULTIMODAL Y SOSTENIBLE - SANTA MARTA,Municipal,"C.14, C.15, C.24, C.32, C.35, C.37, D.2, D.3, D.4, D.5, D.7",None,Video Detección (Con Analítica de Video),,PUNTO1,11.223059,-74.1935,,1077,02/09/2024,19/12/2024,,,,07/01/2025,,08/12/2024
,SOL0000001621,CU000000000246,Renovada - Expirada,ANTIOQUIA,BELLO,26/03/2019,SIN DIRECCION,SECRETARÍA DE MOVILIDAD DE BELLO,Municipal,"C.29, C.35, D.2",None,Lazo Inductivo de Piso (Espiras),,Regional2,6.330147,-75.550323,,1062,31/08/2024,18/12/2024,,,03/01/2025,,,21/11/2024
,SOL0000000382,CU000000000230,Renovada - Expirada,ANTIOQUIA,BELLO,27/02/2019,Avenida 38 Pedro Nel Gomez Km2 +280 Sentido S-N,SECRETARÍA DE MOVILIDAD DE BELLO,Municipal,,None,Lazo Inductivo de Piso (Espiras),,Regional,6.329922,-75.550549,,1056,31/08/2024,17/12/2024,,,02/01/2025,,,21/11/2024
,SOL0000001063,CU000000000249,Renovada - Expirada,N. DE SANTANDER,CUCUTA,26/03/2019,AVENIDA 0– DIAGONAL SANTANDER (CLL 6),Secretaría de tránsito y Transporte de la Alcaldía de San José de Cúcuta,Municipal,"C.24, C.29, C.35, D.2, D.4, D.7",None,Radar Doppler,,Mestafusio,7.890144,-72.498783,,1055,30/08/2024,19/12/2024,,,07/01/2025,,,21/11/2024
,SOL0000001063,CU000000000248,Renovada - Expirada,N. DE SANTANDER,CUCUTA,26/03/2019,AVENIDA 0– DIAGONAL SANTANDER (CLL 8) ,Secretaría de tránsito y Transporte de la Alcaldía de San José de Cúcuta,Municipal,"C.24, C.29, C.35, D.2, D.4",None,Radar Doppler,,MestaFusio,7.891276,-72.499015,,1055,30/08/2024,19/12/2024,,,07/01/2025,,,21/11/2024
,SOL0000001641,CU000000000272,Renovada - Expirada,N. DE SANTANDER,CUCUTA,09/05/2019,SIN DIRECCION,Secretaría de tránsito y Transporte de la Alcaldía de San José de Cúcuta,Municipal,"C.24, C.29, C.35, D.2, D.4, D.7",None,Radar Doppler,,Mestafusio,7.93286,-72.49854,,1076,30/08/2024,19/12/2024,,,07/01/2025,,,21/11/2024
,SOL0000001641,CU000000000271,Renovada - Expirada,N. DE SANTANDER,CUCUTA,09/05/2019,SIN DIRECCION,Secretaría de tránsito y Transporte de la Alcaldía de San José de Cúcuta,Municipal,"C.24, C.29, C.35, D.2, D.4, D.7",None,Radar Doppler,,Mestafusio,7.93337,-72.49795,,1076,30/08/2024,19/12/2024,,,07/01/2025,,,21/11/2024
,SOL0000002221,CU000000000374,Prorrogada - Vencida,MAGDALENA,SANTA MARTA,18/11/2019,Avenida Río con Carrera 19 (sentido oriente - occidente),SECRETARIA DE MOVILIDAD MULTIMODAL Y SOSTENIBLE - SANTA MARTA,Municipal,"C.14, C.15, C.24, C.32, C.35, C.37, D.2, D.3, D.4, D.5, D.7",None,Video Detección (Con Analítica de Video),,PUNTO5,11.232068,-74.194879,,1069,30/08/2024,19/12/2024,,,,07/01/2025,,21/11/2024
,SOL0000000382,CU000000000233,Renovada - Expirada,ANTIOQUIA,BELLO,27/02/2019,Carrera 50 Calle 40,SECRETARÍA DE MOVILIDAD DE BELLO,Municipal,,None,Lazo Inductivo de Piso (Espiras),,Postobon,6.327839,-75.558023,,1058,30/08/2024,17/12/2024,,,02/01/2026,,,21/11/2024
,SOL0000001481,CU000000000288,Renovada - Expirada,N. DE SANTANDER,CUCUTA,24/05/2019,SIN DIRECCION,Secretaría de tránsito y Transporte de la Alcaldía de San José de Cúcuta,Municipal,"C.24, C.29, C.35, D.2, D.4",None,Radar Doppler,,Mestafusio,7.90063,-72.50076,,1057,30/08/2024,17/12/2024,,,02/01/2025,,,21/11/2024
,SOL0000001481,CU000000000287,Renovada - Expirada,N. DE SANTANDER,CUCUTA,24/05/2019,SIN DIRECCION,Secretaría de tránsito y Transporte de la Alcaldía de San José de Cúcuta,Municipal,"C.24, C.29, C.35, D.2, D.4, D.7",None,Radar Doppler,,MestaFusio,7.89991,-72.50063,,1057,30/08/2024,17/12/2024,,,02/01/2025,,,21/11/2024
,SOL0000000382,CU000000000234,Renovada - Expirada,ANTIOQUIA,BELLO,27/02/2019,Carrera 50 Calle 38,SECRETARÍA DE MOVILIDAD DE BELLO,Municipal,,None,Lazo Inductivo de Piso (Espiras),,Fabricato,6.325391,-75.557602,,940,30/08/2024,29/11/2024,,,13/12/2024,,,21/11/2024
,SOL0000001726,CU000000000366,Prorrogada - Vencida,SANTANDER,BARRANCABERMEJA,26/09/2019,Calle 39 carrera 36d. aceso occidental.   Orientación: Occidente Oriente (solo se va a supervisar e infraccionar en un solo sentido),INSPECCION DE TRANSITO Y TRANSPORTE DE BARRANCABERMEJA,Municipal,"B.11, B.5, C.14, C.16, C.2, C.20, C.21, C.24, C.26, C.3, C.31, C.32, C.35, C.37, C.4, C.7, D.2, D.3, D.4, D.5, D.8",None,Video Detección (Con Analítica de Video),,GatsoTser,7.062468,-73.840031,,,30/08/2024,,,,,09/12/2024,,21/11/2024
,SOL0000001726,CU000000000365,Prorrogada - Vencida,SANTANDER,BARRANCABERMEJA,26/09/2019,Calle 54 (calle39) x Carrera 36e. acceso Oriente    Orientación: Oriente-Occidente (solo se va a supervisar e infraccionar en un solo sentido),INSPECCION DE TRANSITO Y TRANSPORTE DE BARRANCABERMEJA,Municipal,"B.11, B.5, C.14, C.16, C.2, C.20, C.21, C.24, C.26, C.3, C.31, C.32, C.35, C.37, C.4, C.7, D.2, D.3, D.4, D.5, D.8",None,Video Detección (Con Analítica de Video),,GatsoTser,7.062964,-73.838958,,,30/08/2024,,,,,09/12/2024,,21/11/2024
,SOL0000001726,CU000000000362,Prorrogada - Vencida,SANTANDER,BARRANCABERMEJA,26/09/2019,Calle 52A x calle 39 (calle 54). acceso oriental-sur.     Orientación oriente-occidente (Solo se va a supervisar e infraccionar en un solo sentido),INSPECCION DE TRANSITO Y TRANSPORTE DE BARRANCABERMEJA,Municipal,"B.11, B.5, C.14, C.16, C.2, C.20, C.21, C.24, C.26, C.3, C.31, C.32, C.35, C.37, C.4, C.7, D.2, D.3, D.4, D.5, D.8",None,Video Detección (Con Analítica de Video),,GatsoTser,7.062703,-73.839019,,,30/08/2024,,,,,09/12/2024,,21/11/2024
,SOL0000001726,CU000000000364,Prorrogada - Vencida,SANTANDER,BARRANCABERMEJA,26/09/2019,Carrera 36d Calle 39 acceso sur.     Orientación: Sur-norte (olo se va a supervisar e infraccionar en un solo sentido),INSPECCION DE TRANSITO Y TRANSPORTE DE BARRANCABERMEJA,Municipal,"B.11, B.5, C.14, C.16, C.2, C.20, C.21, C.24, C.26, C.3, C.31, C.32, C.35, C.37, C.4, C.7, D.2, D.3, D.4, D.5, D.8",None,Video Detección (Con Analítica de Video),,GatsoTser,7.062217,-73.839577,,,30/08/2024,,,,,09/12/2024,,21/11/2024
,SOL0000001726,CU000000000363,Prorrogada - Vencida,SANTANDER,BARRANCABERMEJA,26/09/2019,Carrera 36e Calle 54 (cl 39). Acceso norte (intersección).   Orientación: norte-sur (solo se va a supervisar e infraccionar en un solo sentido),INSPECCION DE TRANSITO Y TRANSPORTE DE BARRANCABERMEJA,Municipal,"B.11, B.5, C.14, C.16, C.2, C.20, C.21, C.24, C.26, C.3, C.31, C.32, C.35, C.37, C.4, C.7, D.2, D.3, D.4, D.5, D.8",None,Video Detección (Con Analítica de Video),,GatsoTser,7.063147,-73.839292,,,30/08/2024,,,,,09/12/2024,,21/11/2024
,SOL0000002282,CU000000000387,Prorrogada - Vencida,MAGDALENA,SANTA MARTA,21/11/2019,AV. FERROCARRIL CON CALLES 14 Y 15 - SENTIDO NORTE - SUR,SECRETARIA DE MOVILIDAD MULTIMODAL Y SOSTENIBLE - SANTA MARTA,Municipal,"C.14, C.15, C.24, C.32, C.35, C.37, D.2, D.3, D.4, D.5, D.7",None,Video Detección (Con Analítica de Video),,PUNTO4,11.243769,-74.207265,,1039,20/08/2024,09/12/2024,,,,23/12/2024,,21/11/2024
,SOL0000002203,CU000000000386,Prorrogada - Vencida,MAGDALENA,SANTA MARTA,21/11/2019,Av. Estudiantes con Av. Libertador (sentido oriente - occidente),SECRETARIA DE MOVILIDAD MULTIMODAL Y SOSTENIBLE - SANTA MARTA,Municipal,"C.14, C.15, C.24, C.32, C.35, C.37, D.2, D.3, D.4, D.5, D.7",None,Video Detección (Con Analítica de Video),,PUNTO17,11.243808,-74.203557,,1039,20/08/2024,09/12/2024,,,,23/12/2024,,21/11/2024
,SOL0000000361,CU000000000069,Renovada - Expirada,VALLE DEL CAUCA,CALI,10/12/2018,CALLE 18 CON CARRERA 122,SECRETARIA DE MOVILIDAD SANTIAGO DE CALI,Municipal,,None,Lazo Inductivo de Piso (Espiras),,Cl18Cr122,3.3428313,-76.5309674,,971,15/08/2024,29/11/2024,,,13/12/2024,,,21/11/2024
,SOL0000000361,CU000000000037,Renovada - Expirada,VALLE DEL CAUCA,CALI,10/12/2018,CALLE 70 CON CARRERA 1B,SECRETARIA DE MOVILIDAD SANTIAGO DE CALI,Municipal,,None,Lazo Inductivo de Piso (Espiras),,Cl70Cr1B,3.4792551,-76.488393,,943,15/08/2024,27/11/2024,,,11/12/2024,,,21/11/2024
,SOL0000000361,CU000000000039,Renovada - Expirada,VALLE DEL CAUCA,CALI,10/12/2018,CALLE 13 CON CARRERA 50,SECRETARIA DE MOVILIDAD SANTIAGO DE CALI,Municipal,,None,Lazo Inductivo de Piso (Espiras),,Cl13Cr50,3.4093168,-76.534435,,934,15/08/2024,22/11/2024,,,06/12/2024,,,21/11/2024
,SOL0000000361,CU000000000032,Renovada - Expirada,VALLE DEL CAUCA,CALI,10/12/2018,CALLE 70 CON CARRERA 9,SECRETARIA DE MOVILIDAD SANTIAGO DE CALI,Municipal,,None,Laser (Lidar) / Infrarrojo,,Cl70Cr9,3.4502579,-76.4875828,,901,15/08/2024,20/11/2024,,,04/12/2024,,,21/11/2024
,SOL0000000361,CU000000000038,Renovada - Expirada,VALLE DEL CAUCA,CALI,10/12/2018,CALLE 13 CON CARRERA 66,SECRETARIA DE MOVILIDAD SANTIAGO DE CALI,Municipal,,None,Lazo Inductivo de Piso (Espiras),,Cl13Cr66,3.3984059,-76.5378339,,899,15/08/2024,19/11/2024,,,03/12/2024,,,21/11/2024
,SOL0000000361,CU000000000034,Renovada - Expirada,VALLE DEL CAUCA,CALI,10/12/2018,CALLE 9 CON CARRERA 38,SECRETARIA DE MOVILIDAD SANTIAGO DE CALI,Municipal,,None,Lazo Inductivo de Piso (Espiras),,Cl9Cr38,3.4224253,-76.538248,,876,15/08/2024,19/11/2024,,,03/12/2024,,,21/11/2024
,SOL0000000361,CU000000000031,Renovada - Expirada,VALLE DEL CAUCA,CALI,10/12/2018,CARRERA 5 CON CALLE 23,SECRETARIA DE MOVILIDAD SANTIAGO DE CALI,Municipal,,None,Lazo Inductivo de Piso (Espiras),,Cr5Cl23,3.4560002,-76.5223654,,893,15/08/2024,18/11/2024,,,02/12/2024,,,21/11/2024
,SOL0000000361,CU000000000070,Renovada - Expirada,VALLE DEL CAUCA,CALI,10/12/2018,CARRERA 46 CON CALLE 36,SECRETARIA DE MOVILIDAD SANTIAGO DE CALI,Municipal,,None,Lazo Inductivo de Piso (Espiras),,Cr46Cl36,3.4093953,-76.5178873,,870,15/08/2024,13/11/2024,,,27/11/2024,,,21/11/2024
,SOL0000000361,CU000000000035,Renovada - Expirada,VALLE DEL CAUCA,CALI,10/12/2018,CALLE 13 CON CARRERA 23,SECRETARIA DE MOVILIDAD SANTIAGO DE CALI,Municipal,,None,Lazo Inductivo de Piso (Espiras),,Cl13Cr23,3.4356575,-76.5281992,,869,15/08/2024,13/11/2024,,,27/11/2024,,,21/11/2024
,SOL0000001941,CU000000000264,Renovada - Expirada,ATLANTICO,SUAN,30/04/2019,Vía Troncal de Occidente Ruta 2516 PR 9+308,INSTITUTO DE TRANSITO DEL ATLANTICO,Nacional,"C.24, C.29, C.32, C.35, C.37, D.10, D.2, D.3, D.4, D.5, D.6, D.7, D.8, H.07",None,Radar Doppler,,ATSUS004,10.339479,-74.879307,,967,14/08/2024,29/11/2024,,,13/12/2024,,,21/11/2024
,SOL0000000384,CU000000000252,Renovada - Expirada,ATLANTICO,SOLEDAD,26/03/2019,SIN DIRECCION,INSTITUTO MUNICIPAL DE TRANSITO Y TRANSPORTE DE SOLEDAD,Distrital,C.29,None,Radar Doppler,,ATSORS02,10.910575,-74.799143,,996,13/08/2024,03/12/2024,,,17/12/2024,,,21/11/2024
,SOL0000000385,CU000000000253,Renovada - Expirada,ATLANTICO,SOLEDAD,26/03/2019,SIN DIRECCION,INSTITUTO MUNICIPAL DE TRANSITO Y TRANSPORTE DE SOLEDAD,Distrital,C.29,None,Radar Doppler,,ATSOS002,10.927281,-74.787766,,970,13/08/2024,29/11/2024,,,13/12/2024,,,21/11/2024
,SOL0000002081,CU000000000297,Renovada - Expirada,ATLANTICO,SOLEDAD,10/06/2019,Av. Calle 30 con Carrera 19 (Soledad),INSTITUTO MUNICIPAL DE TRANSITO Y TRANSPORTE DE SOLEDAD,Nacional,"C.24, C.29, C.32, C.35, C.37, D.10, D.2, D.3, D.4, D.5, D.6, D.7, D.8, H.07",None,Radar Doppler,,ATSORS01,10.917662,-74.774931,,973,13/08/2024,29/11/2024,,,13/12/2024,,,21/11/2024
,SOL0000001723,CU000000000361,Prorrogada - Vencida,SANTANDER,BARRANCABERMEJA,20/09/2019,calle 63 diagonal 60 acceso oriente.  Orientación: oriente-occidente,INSPECCION DE TRANSITO Y TRANSPORTE DE BARRANCABERMEJA,Municipal,"B.11, B.5, C.14, C.16, C.2, C.20, C.21, C.22, C.24, C.26, C.3, C.31, C.32, C.35, C.37, C.4, C.7, D.2, D.3, D.4, D.5, D.8",None,Video Detección (Con Analítica de Video),,GatsoTser,7.071898,-73.843365,,963,07/08/2024,28/11/2024,,,,12/12/2024,,21/11/2024
,SOL0000001723,CU000000000360,Prorrogada - Vencida,SANTANDER,BARRANCABERMEJA,20/09/2019,Diagonal 60 Calle 63 Acceso norte.    Orientación norte-sur,INSPECCION DE TRANSITO Y TRANSPORTE DE BARRANCABERMEJA,Municipal,"B.11, B.5, C.14, C.16, C.2, C.20, C.21, C.24, C.26, C.3, C.31, C.32, C.35, C.37, C.4, C.7, D.2, D.3, D.4, D.5, D.8",None,Video Detección (Con Analítica de Video),,GatsoTser,7.072276,-73.843598,,963,07/08/2024,28/11/2024,,,,12/12/2024,,21/11/2024
,SOL0000001723,CU000000000359,Prorrogada - Vencida,SANTANDER,BARRANCABERMEJA,20/09/2019,diagonal 60 calle 63  acceso sur.     Orientación: sur-norte,INSPECCION DE TRANSITO Y TRANSPORTE DE BARRANCABERMEJA,Municipal,"B.11, B.5, C.14, C.16, C.2, C.20, C.21, C.24, C.26, C.3, C.31, C.32, C.35, C.37, C.4, C.7, D.2, D.3, D.4, D.5, D.8",None,Video Detección (Con Analítica de Video),,GatsoTser,7.071286,-73.844066,,963,07/08/2024,28/11/2024,,,,12/12/2024,,21/11/2024
,SOL0000001724,CU000000000334,Prorrogada - Vencida,SANTANDER,BARRANCABERMEJA,20/09/2019,Diagonal 60 Transversal 48 acceso sur.     Orientación: sur-norte,INSPECCION DE TRANSITO Y TRANSPORTE DE BARRANCABERMEJA,Municipal,"B.11, B.5, C.14, C.16, C.2, C.20, C.21, C.24, C.26, C.3, C.31, C.32, C.35, C.37, C.4, C.7, D.2, D.3, D.4, D.5, D.8",None,Video Detección (Con Analítica de Video),,GatsoTser,7.074878,-73.827381,,958,07/08/2024,28/11/2024,,,,12/12/2024,,21/11/2024
,SOL0000001724,CU000000000333,Prorrogada - Vencida,SANTANDER,BARRANCABERMEJA,20/09/2019,Transversal 48 Diagonal 60 acceso occidente.  Orientación: occidente-oriente,INSPECCION DE TRANSITO Y TRANSPORTE DE BARRANCABERMEJA,Municipal,"B.11, B.5, C.14, C.16, C.2, C.20, C.21, C.24, C.26, C.3, C.31, C.32, C.35, C.37, C.4, C.7, D.2, D.3, D.4, D.5, D.8",None,Video Detección (Con Analítica de Video),,GatsoTser,7.075313,-73.827449,,958,07/08/2024,28/11/2024,,,,12/12/2024,,21/11/2024
,SOL0000001724,CU000000000332,Prorrogada - Vencida,SANTANDER,BARRANCABERMEJA,20/09/2019,Transversal 48 Diagonal 60 acceso oriente.  Orientación: oriente-occidente,INSPECCION DE TRANSITO Y TRANSPORTE DE BARRANCABERMEJA,Municipal,"B.11, B.5, C.14, C.16, C.2, C.20, C.21, C.24, C.26, C.3, C.31, C.32, C.35, C.37, C.4, C.7, D.2, D.3, D.4, D.5, D.8",None,Video Detección (Con Analítica de Video),,GatsoTser,7.075011,-73.826844,,958,07/08/2024,28/11/2024,,,,12/12/2024,,21/11/2024
,SOL0000002661,CU000000000511,Renovada - Expirada,ANTIOQUIA,SABANETA,02/07/2020,"Avenida Regional con Calle 69 Sur (tramo de vía, sentido sur - norte).",SECRETARIA DE MOVILIDAD Y TRANSITO DE SABANETA,Municipal,"C.14, C.26, C.29, C.35, D.2",None,Lazo Inductivo de Piso (Espiras),Fijo,2012534001,6.156162,-75.61912,,961,05/08/2024,28/11/2024,,,12/12/2024,,,01/07/2025
,SOL0000002661,CU000000000510,Renovada - Expirada,ANTIOQUIA,SABANETA,02/07/2020,"Avenida Las Vegas con Calle 60 Sur (intersección, sentido norte - sur).",SECRETARIA DE MOVILIDAD Y TRANSITO DE SABANETA,Municipal,"C.14, C.29, C.32, C.35, D.2, D.4",None,Lazo Inductivo de Piso (Espiras),Fijo,2012534002,6.158101,-75.609045,,950,05/08/2024,28/11/2024,,,12/12/2024,,,01/07/2025
,SOL0000002661,CU000000000512,Renovada - Expirada,ANTIOQUIA,SABANETA,02/07/2020,"Avenida Las Vegas con Calle 60 Sur (intersección, sentido sur - norte).",SECRETARIA DE MOVILIDAD Y TRANSITO DE SABANETA,Municipal,"C.14, C.29, C.32, C.35, D.2, D.4",None,Lazo Inductivo de Piso (Espiras),Fijo,2012534003,6.157558,-75.609631,,942,05/08/2024,27/11/2024,,,11/12/2024,,,01/07/2025
,SOL0000000361,CU000000000044,Renovada - Expirada,VALLE DEL CAUCA,CALI,10/12/2018,CALLE 36 CON CARRERA 42B,SECRETARIA DE MOVILIDAD SANTIAGO DE CALI,Municipal,,None,Lazo Inductivo de Piso (Espiras),,Cl36Cr42B,3.4124376,-76.5152203,,900,30/07/2024,20/11/2024,,,04/12/2024,,,21/11/2024
,SOL0000000361,CU000000000043,Renovada - Expirada,VALLE DEL CAUCA,CALI,10/12/2018,CALLE 52 CON CARRERA 1,SECRETARIA DE MOVILIDAD SANTIAGO DE CALI,Municipal,,None,Lazo Inductivo de Piso (Espiras),,Cl52Cr1,3.4756242,-76.5041172,,906,30/07/2024,20/11/2024,,,04/12/2024,,,21/11/2024
,SOL0000001121,CU000000000324,Renovada - Expirada,MAGDALENA,CIENAGA,08/08/2019,RUTA 9007 KM 72 + 700,INSTITUTO DE TRANSITO Y TRANSPORTE MUNICIPAL DE CIENAGA,Municipal,"C.29, C.35, D.2",None,Radar Doppler,,COLOSSUS,11.0707153,-74.2125469,,892,30/07/2024,19/11/2024,,,03/12/2024,,,21/11/2024
,SOL0000000361,CU000000000040,Renovada - Expirada,VALLE DEL CAUCA,CALI,10/12/2018,CARRERA 56 CON CALLE 9,SECRETARIA DE MOVILIDAD SANTIAGO DE CALI,Municipal,,None,Lazo Inductivo de Piso (Espiras),,Cr56Cl9,3.407457,-76.5424192,,880,30/07/2024,18/11/2024,,,02/12/2024,,,21/11/2024
,SOL0000000382,CU000000000231,Renovada - Expirada,ANTIOQUIA,BELLO,27/02/2019,Calle 24A Carrera 57A,SECRETARÍA DE MOVILIDAD DE BELLO,Municipal,,None,Lazo Inductivo de Piso (Espiras),,Cabanas1,6.314005,-75.562133,,879,30/07/2024,14/11/2024,,,28/11/2024,,,21/11/2024
,SOL0000000361,CU000000000049,Renovada - Expirada,VALLE DEL CAUCA,CALI,10/12/2018,CALLE 6 CON CARRERA 29,SECRETARIA DE MOVILIDAD SANTIAGO DE CALI,Municipal,,None,Lazo Inductivo de Piso (Espiras),,Cl6Cr29,3.4320396,-76.53883,,871,30/07/2024,13/11/2024,,,27/11/2024,,,21/11/2024
,SOL0000000361,CU000000000041,Renovada - Expirada,VALLE DEL CAUCA,CALI,10/12/2018,CARRERA 56 CON CALLE 18A,SECRETARIA DE MOVILIDAD SANTIAGO DE CALI,Municipal,,None,Lazo Inductivo de Piso (Espiras),,Cr56Cl18A,3.4018078,-76.524469,,820,30/07/2024,28/10/2024,,,13/11/2024,,,21/11/2024
,SOL0000000361,CU000000000048,Renovada - Expirada,VALLE DEL CAUCA,CALI,10/12/2018,CALLE 70 CON CARRERA 7MBIS,SECRETARIA DE MOVILIDAD SANTIAGO DE CALI,Municipal,,None,Laser (Lidar) / Infrarrojo,,Cl70Cr7Mbs,3.4552027,-76.484845,,768,30/07/2024,15/10/2024,,,29/10/2024,,,21/11/2024
,SOL0000001102,CU000000000320,Renovada - Expirada,VALLE DEL CAUCA,YOTOCO,30/07/2019,SIN DIRECCION,"SECRETARÍA DE TRÁNSITO, TRANSPORTE Y MOVILIDAD DEL MUNICIPIO DE YOTOCO (VALLE)",Nacional,"C.24, C.29, C.32, C.35, D.10, D.2, D.4",None,Radar Doppler,,Punto3,3.880631,-76.375349,,860,17/07/2024,07/11/2024,,,22/11/2024,,23/02/2026,21/11/2024
,SOL0000001101,CU000000000313,Renovada - Expirada,VALLE DEL CAUCA,YOTOCO,08/07/2019,SIN DIRECCION,"SECRETARÍA DE TRÁNSITO, TRANSPORTE Y MOVILIDAD DEL MUNICIPIO DE YOTOCO (VALLE)",Nacional,"C.24, C.29, C.32, C.35, D.10, D.2, D.4",None,Radar Doppler,,Punto2,3.813821,-76.391971,,856,17/07/2024,06/11/2024,,,21/11/2024,,16/03/2026,21/11/2024
,SOL0000001081,CU000000000319,Renovada - Expirada,VALLE DEL CAUCA,YOTOCO,30/07/2019,SIN DIRECCION,"SECRETARÍA DE TRÁNSITO, TRANSPORTE Y MOVILIDAD DEL MUNICIPIO DE YOTOCO (VALLE)",Nacional,"C.24, C.29, C.32, C.35, D.10, D.2, D.4",None,Radar Doppler,,Punto1,3.786458,-76.400148,,858,17/07/2024,06/11/2024,,,21/11/2024,,16/03/2026,21/11/2024
,SOL0000001363,CU000000000318,Renovada - Expirada,VALLE DEL CAUCA,YUMBO,30/07/2019,SIN DIRECCION,SECRETARIA DE TRANSITO Y TRANSPORTE DE YUMBO,Nacional,"C.24, C.29, C.32, C.35, D.10, D.2, D.4",None,Radar Doppler,,PUNTO6,3.52985,-76.495667,,840,15/07/2024,01/11/2024,,,19/11/2024,,,21/11/2024
,SOL0000001364,CU000000000317,Renovada - Expirada,VALLE DEL CAUCA,YUMBO,30/07/2019,SIN DIRECCION,SECRETARIA DE TRANSITO Y TRANSPORTE DE YUMBO,Nacional,"C.24, C.29, C.32, C.35, D.10, D.2, D.4",None,Radar Doppler,,PUNTO7,3.529883,-76.4959,,840,15/07/2024,01/11/2024,,,19/11/2024,,,21/11/2024
,SOL0000001342,CU000000000311,Renovada - Expirada,VALLE DEL CAUCA,YUMBO,08/07/2019,SIN DIRECCION,SECRETARIA DE TRANSITO Y TRANSPORTE DE YUMBO,Departamental,"C.24, C.29, C.32, C.35, C.37, D.10, D.2, D.3, D.4, D.5, D.6, D.7, D.8, H.07",None,Radar Doppler,,PUNTO4,3.52675,-76.514983,,833,15/07/2024,30/10/2024,,,15/11/2024,,,21/11/2024
,SOL0000001343,CU000000000310,Renovada - Expirada,VALLE DEL CAUCA,YUMBO,08/07/2019,Calle 10 frente al Colegio Liceo Francés Paul Valery Sentido Norte -Sur.,SECRETARIA DE TRANSITO Y TRANSPORTE DE YUMBO,Departamental,"C.24, C.29, C.32, C.35, C.37, D.10, D.2, D.3, D.4, D.5, D.6, D.7, D.8, H.07",None,Radar Doppler,,PUNTO5,3.528183,-76.514517,,833,15/07/2024,30/10/2024,,,15/11/2024,,,21/11/2024
,SOL0000001362,CU000000000312,Renovada - Expirada,VALLE DEL CAUCA,YUMBO,08/07/2019,Calle 10 entre Carreras 20 y 21,SECRETARIA DE TRANSITO Y TRANSPORTE DE YUMBO,Departamental,"C.24, C.29, C.32, C.35, D.10, D.2, D.4",None,Radar Doppler,,PUNTO3,3.554974,-76.501121,,827,15/07/2024,29/10/2024,,,14/11/2024,,,21/11/2024
,SOL0000001965,CU000000000263,Renovada - Expirada,ATLANTICO,PALMAR DE VARELA,30/04/2019,Vía Troncal de Occidente Ruta 2516 PR 54+000,INSTITUTO DE TRANSITO DEL ATLANTICO,Nacional,"C.24, C.29, C.32, C.35, C.37, D.10, D.2, D.3, D.4, D.5, D.6, D.7, D.8, H.07",None,Radar Doppler,,ATPOS002,10.705271,-74.750647,,841,14/07/2024,01/11/2024,,,19/11/2024,,,21/11/2024
,SOL0000001963,CU000000000274,Renovada - Expirada,ATLANTICO,PONEDERA,09/05/2019,Vía Troncal del Occidente Ruta 2516 PR 41+000,INSTITUTO DE TRANSITO DEL ATLANTICO,Nacional,"C.24, C.29, C.32, C.35, C.37, D.10, D.2, D.3, D.4, D.5, D.6, D.7, D.8, H.07",None,Radar Doppler,,ATSRS009,10.592196,-74.780466,,845,14/07/2024,01/11/2024,,,19/11/2024,,,21/11/2024
,SOL0000001964,CU000000000273,Renovada - Expirada,ATLANTICO,PONEDERA,09/05/2019,Vía Troncal del Occidente Ruta 2516 46+000,INSTITUTO DE TRANSITO DEL ATLANTICO,Nacional,"C.24, C.29, C.32, C.35, C.37, D.10, D.2, D.3, D.4, D.5, D.6, D.7, D.8, H.07",None,Radar Doppler,,ATPOS011,10.635661,-74.758829,,838,14/07/2024,01/11/2024,,,19/11/2024,,,21/11/2024
,SOL0000000361,CU000000000029,Renovada - Expirada,VALLE DEL CAUCA,CALI,10/12/2018,AVENIDA 6N CON CALLE 47,SECRETARIA DE MOVILIDAD SANTIAGO DE CALI,Municipal,,None,Lazo Inductivo de Piso (Espiras),,Av6Cl47,3.4846512,-76.5260089,,812,12/07/2024,23/10/2024,,,07/11/2024,,,21/11/2024
,SOL0000000361,CU000000000036,Renovada - Expirada,VALLE DEL CAUCA,CALI,10/12/2018,CALLE 14 CON CARRERA 80,SECRETARIA DE MOVILIDAD SANTIAGO DE CALI,Municipal,,None,Lazo Inductivo de Piso (Espiras),,Cl14Cr80,3.3873908,-76.532488,,795,12/07/2024,18/10/2024,,,01/11/2024,,,21/11/2024
,SOL0000000361,CU000000000047,Renovada - Expirada,VALLE DEL CAUCA,CALI,10/12/2018,CALLE 25 CON AVENIDA 2,SECRETARIA DE MOVILIDAD SANTIAGO DE CALI,Municipal,,None,Lazo Inductivo de Piso (Espiras),,Cl25Av2,3.4628735,-76.521979,,782,12/07/2024,17/10/2024,,,31/10/2024,,,21/11/2024
,SOL0000000361,CU000000000045,Renovada - Expirada,VALLE DEL CAUCA,CALI,10/12/2018,CALLE 9 CON CARRERA 50,SECRETARIA DE MOVILIDAD SANTIAGO DE CALI,Municipal,,None,Lazo Inductivo de Piso (Espiras),,Cl9Cr50,3.4108353,-76.5417392,,793,12/07/2024,17/10/2024,,,31/10/2024,,,21/11/2024
,SOL0000000361,CU000000000033,Renovada - Expirada,VALLE DEL CAUCA,CALI,10/12/2018,CALLE 70 AVENIDA 2AN,SECRETARIA DE MOVILIDAD SANTIAGO DE CALI,Municipal,,None,Lazo Inductivo de Piso (Espiras),,Cl70Av2AN,3.4891759,-76.5055641,,783,12/07/2024,15/10/2024,,,29/10/2024,,,21/11/2024
,SOL0000000541,CU000000000150,Renovada - Expirada,BOGOTA D.C,BOGOTA D.C,12/12/2018,AV SUBA X AC 127,SECRETARIA DISTRITAL DE MOVILIDAD,Distrital,"C.14, C.2, C.3, C.31, C.32, C02, C03, C14, C31, C32, C35, D02",None,Semi-Automática (Acción Remota),,Cam19XTS,4.710749,-74.071543,,798,05/07/2024,22/10/2024,,,06/11/2024,,,21/11/2024
,SOL0000000541,CU000000000148,Renovada - Expirada,BOGOTA D.C,BOGOTA D.C,12/12/2018,AK 7 X CL 63,SECRETARIA DISTRITAL DE MOVILIDAD,Distrital,"C.14, C.2, C.3, C.31, C.32, C02, C03, C14, C31, C32, C35, D02",None,Semi-Automática (Acción Remota),,Cam32XTS,4.647979,-74.059831,,802,05/07/2024,22/10/2024,,,06/11/2024,,,21/11/2024
,SOL0000000541,CU000000000129,Renovada - Expirada,BOGOTA D.C,BOGOTA D.C,12/12/2018,AV CALLE 80 CON CARRERA 98,SECRETARIA DISTRITAL DE MOVILIDAD,Distrital,"C.14, C.19, C.2, C.3, C.31, C.32, C02, C03, C14, C19, C31, C32, C35, D02",None,Semi-Automática (Acción Remota),,Cam23XTS,4.70846,-74.11061,,785,05/07/2024,16/10/2024,,,30/10/2024,,,21/11/2024
,SOL0000000541,CU000000000147,Renovada - Expirada,BOGOTA D.C,BOGOTA D.C,12/12/2018,AK 7 X AC 53,SECRETARIA DISTRITAL DE MOVILIDAD,Distrital,"C.14, C.2, C.3, C.31, C.32, C02, C03, C14, C31, C32, C35, D02",None,Semi-Automática (Acción Remota),,Cam35XTS,4.639412,-74.062918,,780,05/07/2024,15/10/2024,,,30/10/2024,,,21/11/2024
,SOL0000000541,CU000000000162,Renovada - Expirada,BOGOTA D.C,BOGOTA D.C,12/12/2018,AV BOYACA X AV SAN JOSE,SECRETARIA DISTRITAL DE MOVILIDAD,Distrital,"C.2, C.31, C.32, C02, C31, C32, C35, D02",None,Semi-Automática (Acción Remota),,Cam16XTS,4.760406,-74.066093,,779,05/07/2024,15/10/2024,,,29/10/2024,,,21/11/2024
,SOL0000000541,CU000000000142,Renovada - Expirada,BOGOTA D.C,BOGOTA D.C,12/12/2018,AK 7 X AC 72,SECRETARIA DISTRITAL DE MOVILIDAD,Distrital,"C.14, C.2, C.3, C.31, C.32, C02, C03, C14, C31, C32, C35, D02",None,Semi-Automática (Acción Remota),,Cam07XTS,4.654698,-74.055475,,781,05/07/2024,15/10/2024,,,29/10/2024,,,21/11/2024
,SOL0000000541,CU000000000144,Renovada - Expirada,BOGOTA D.C,BOGOTA D.C,12/12/2018,AK 24 X AC 80,SECRETARIA DISTRITAL DE MOVILIDAD,Distrital,"C.2, C.3, C.31, C.32, C02, C03, C31, C32, C35, D02",None,Semi-Automática (Acción Remota),,Cam05XTS,4.66906,-74.0634,,771,05/07/2024,11/10/2024,,,28/10/2024,,,21/11/2024
,SOL0000000541,CU000000000133,Renovada - Expirada,BOGOTA D.C,BOGOTA D.C,12/12/2018,AK 9 X CL 140,SECRETARIA DISTRITAL DE MOVILIDAD,Distrital,"C.2, C.3, C.31, C.32, C02, C03, C31, C32, C35, D02",None,Semi-Automática (Acción Remota),,Cam14XTS,4.7176777,-74.0323417,,772,05/07/2024,11/10/2024,,,28/10/2024,,,21/11/2024
,SOL0000000541,CU000000000131,Renovada - Expirada,BOGOTA D.C,BOGOTA D.C,12/12/2018,AV CARACAS X CL 53,SECRETARIA DISTRITAL DE MOVILIDAD,Distrital,"C.14, C.2, C.3, C.31, C.32, C02, C03, C14, C31, C32, C35, D02",None,Semi-Automática (Acción Remota),,Cam33XTS,4.640483,-74.066464,,773,05/07/2024,11/10/2024,,,28/10/2024,,,21/11/2024
,SOL0000001062,CU000000000247,Renovada - Expirada,N. DE SANTANDER,CUCUTA,26/03/2019,SIN DIRECCION,Secretaría de tránsito y Transporte de la Alcaldía de San José de Cúcuta,Municipal,"C.2, C.24, C.29, C.35, D.2",None,Radar Doppler,,Mestafusio,7.89555,-72.5077,,708,02/07/2024,26/09/2024,,,10/10/2024,,,21/11/2024
,SOL0000001121,CU000000000322,Renovada - Expirada,MAGDALENA,CIENAGA,08/08/2019,RUTA 9007 KM 66 + 977,INSTITUTO DE TRANSITO Y TRANSPORTE MUNICIPAL DE CIENAGA,Municipal,"C.29, C.35, D.2",None,Radar Doppler,,COLOSSUS,11.0221411,-74.2089761,,784,29/06/2024,15/10/2024,,,29/10/2024,,,21/11/2024
,SOL0000001121,CU000000000326,Renovada - Expirada,MAGDALENA,CIENAGA,08/08/2019,RUTA 9007 KM 66 + 890,INSTITUTO DE TRANSITO Y TRANSPORTE MUNICIPAL DE CIENAGA,Municipal,"C.29, C.35, D.2",None,Radar Doppler,,COLOSSUS,11.0219464,-74.2095139,,766,27/06/2024,10/10/2024,,,25/10/2024,,,21/11/2024
,SOL0000000681,CU000000000278,Prorrogada - Vencida,MAGDALENA,FUNDACION,10/05/2019,"RUTA 4518 TRONCAL DEL CARIBE ""RUTA DEL SOL 3"" PR-32 +500 (TOMA DE EVIDENCIAS ELECTRONICAS EN AMBOS SENTIDOS DE CIRCULACION)",ENTIDAD DESCENTRALIZADA – INSTITUTO MUNICIPAL DE TRANSITO Y TRANSPORTE “INTRASFUN”,Nacional,"C.29, C.35, D.2, D.6, D.7",None,Video Detección (Con Analítica de Video),,CHRONOS3D,10.4996667,-74.161183,,750,14/06/2024,03/10/2024,18/10/2024,14/01/2025,,14/01/2025,,21/11/2024
,SOL0000000442,CU000000000237,Renovada - Expirada,ATLANTICO,JUAN DE ACOSTA,14/03/2019,SIN DIRECCION,INSTITUTO DE TRANSITO DEL ATLANTICO,Nacional,C.29,None,Radar Doppler,,ATJAS006,10.834457,-75.142016,,736,14/06/2024,03/10/2024,,,18/10/2024,,,21/11/2024
,SOL0000000443,CU000000000228,Renovada - Expirada,ATLANTICO,JUAN DE ACOSTA,27/02/2019,SIN DIRECCION,INSTITUTO DE TRANSITO DEL ATLANTICO,Nacional,C.29,None,Radar Doppler,,ATJAS007,10.864337,-75.099612,,656,14/06/2024,19/09/2024,,,03/10/2024,,,21/11/2024
,SOL0000000361,CU000000000051,Renovada - Expirada,VALLE DEL CAUCA,CALI,10/12/2018,CALLE 23 CON CARRERA 23,SECRETARIA DE MOVILIDAD SANTIAGO DE CALI,Municipal,,None,Lazo Inductivo de Piso (Espiras),,Cl23Cr23,3.4359883,-76.5200453,,671,30/05/2024,18/09/2024,,,02/10/2024,,,21/11/2024
,SOL0000000361,CU000000000067,Renovada - Expirada,VALLE DEL CAUCA,CALI,10/12/2018,CALLE 5 CON CARRERA 80,SECRETARIA DE MOVILIDAD SANTIAGO DE CALI,Municipal,,None,Lazo Inductivo de Piso (Espiras),,Cl5Cr80,3.3855963,-76.5444215,,662,28/05/2024,12/09/2024,,,26/09/2024,,,21/11/2024
,SOL0000000361,CU000000000050,Renovada - Expirada,VALLE DEL CAUCA,CALI,10/12/2018,AVENIDA 2 CON CALLE 6,SECRETARIA DE MOVILIDAD SANTIAGO DE CALI,Municipal,,None,Lazo Inductivo de Piso (Espiras),,Av2Cl6,3.4525322,-76.537772,,672,27/05/2024,13/09/2024,,,27/09/2024,,,21/11/2024
,SOL0000000361,CU000000000052,Renovada - Expirada,VALLE DEL CAUCA,CALI,10/12/2018,CALLE 70 CON CARRERA 1A-12,SECRETARIA DE MOVILIDAD SANTIAGO DE CALI,Municipal,,None,Lazo Inductivo de Piso (Espiras),,Cl70Cr1A12,3.4806964,-76.4894095,,619,27/05/2024,03/09/2024,,,17/09/2024,,,21/11/2024
,SOL0000000361,CU000000000055,Renovada - Expirada,VALLE DEL CAUCA,CALI,10/12/2018,CALLE 10 CON CARRERA 45,SECRETARIA DE MOVILIDAD SANTIAGO DE CALI,Municipal,,None,Laser (Lidar) / Infrarrojo,,Cl10Cr45,3.4149691,-76.5371256,,624,26/05/2024,13/09/2024,,,27/09/2024,,,21/11/2024
,SOL0000000361,CU000000000053,Renovada - Expirada,VALLE DEL CAUCA,CALI,10/12/2018,AVENIDA 6N CON CALLE 26,SECRETARIA DE MOVILIDAD SANTIAGO DE CALI,Municipal,,None,Lazo Inductivo de Piso (Espiras),,Av6Cl26,3.4678576,-76.5293658,,669,26/05/2024,12/09/2024,,,26/09/2024,,,21/11/2024
,SOL0000000361,CU000000000057,Renovada - Expirada,VALLE DEL CAUCA,CALI,10/12/2018,CALLE 52 AVENIDA 3N,SECRETARIA DE MOVILIDAD SANTIAGO DE CALI,Municipal,,None,Lazo Inductivo de Piso (Espiras),,Cl52Av3,3.4839147,-76.5141141,,658,26/05/2024,09/09/2024,,,23/09/2024,,,21/11/2024
,SOL0000000361,CU000000000056,Renovada - Expirada,VALLE DEL CAUCA,CALI,10/12/2018,CALLE 10 CON CARRERA 15,SECRETARIA DE MOVILIDAD SANTIAGO DE CALI,Municipal,,None,Lazo Inductivo de Piso (Espiras),,Cl10Cr15,3.4427762,-76.531974,,632,26/05/2024,04/09/2024,,,18/09/2024,,,21/11/2024
,SOL0000000361,CU000000000054,Renovada - Expirada,VALLE DEL CAUCA,CALI,10/12/2018,CALLE 25 CON CARRERA 73,SECRETARIA DE MOVILIDAD SANTIAGO DE CALI,Municipal,,None,Lazo Inductivo de Piso (Espiras),,Cl25Cr73,3.3905044,-76.5240686,,665,25/05/2024,11/09/2024,,,25/09/2024,,,21/11/2024
,SOL0000000361,CU000000000063,Renovada - Expirada,VALLE DEL CAUCA,CALI,10/12/2018,CALLE 10 CON CARRERA 44A,SECRETARIA DE MOVILIDAD SANTIAGO DE CALI,Municipal,,None,Laser (Lidar) / Infrarrojo,,Cl10Cr44A,3.4152051,-76.537151,,657,24/05/2024,13/09/2024,,,27/09/2024,,,21/11/2024
,SOL0000000361,CU000000000061,Renovada - Expirada,VALLE DEL CAUCA,CALI,10/12/2018,CALLE 13 CON CARRERA 100,SECRETARIA DE MOVILIDAD SANTIAGO DE CALI,Municipal,,None,Lazo Inductivo de Piso (Espiras),,Cl13Cr100,3.3703348,-76.5371272,,666,24/05/2024,11/09/2024,,,25/09/2024,,,21/11/2024
,SOL0000000361,CU000000000060,Renovada - Expirada,VALLE DEL CAUCA,CALI,10/12/2018,CALLE 7 CON CARRERA 29,SECRETARIA DE MOVILIDAD SANTIAGO DE CALI,Municipal,,None,Lazo Inductivo de Piso (Espiras),,Cl7Cr29,3.4314865,-76.5376072,,621,24/05/2024,10/09/2024,,,24/09/2024,,,21/11/2024
,SOL0000000361,CU000000000064,Renovada - Expirada,VALLE DEL CAUCA,CALI,10/12/2018,CALLE 14 CON CARRERA 70,SECRETARIA DE MOVILIDAD SANTIAGO DE CALI,Municipal,,None,Lazo Inductivo de Piso (Espiras),,Cl14Cr70,3.3933259,-76.532425,,626,24/05/2024,09/09/2024,,,23/09/2024,,,21/11/2024
,SOL0000000361,CU000000000068,Renovada - Expirada,VALLE DEL CAUCA,CALI,10/12/2018,CARRERA 66 CON CALLE 5,SECRETARIA DE MOVILIDAD SANTIAGO DE CALI,Municipal,,None,Lazo Inductivo de Piso (Espiras),,Cr66Cl5,3.3981553,-76.5468447,,657,24/05/2024,03/09/2024,,,17/09/2024,,,21/11/2024
,SOL0000000962,CU000000000314,Renovada - Expirada,N. DE SANTANDER,LOS PATIOS,08/07/2019,AV 10 URBANIZACION MONTEBELLO 2,Instituto de Tránsito y Transporte del Municipio de Los Patios,Municipal,"C.29, C.35, D.2",None,Laser (Lidar) / Infrarrojo,,13243,7.8034528,-72.5202225,,623,17/05/2024,09/09/2024,,,23/09/2024,,,21/11/2024
,SOL0000000941,CU000000000281,Renovada - Expirada,N. DE SANTANDER,LOS PATIOS,10/05/2019,AV 10 CALLE 12 SENTIDO CUCUTA - PAMPLONA,Instituto de Tránsito y Transporte del Municipio de Los Patios,Municipal,"C.29, C.35, D.2",None,Laser (Lidar) / Infrarrojo,,13244,7.823875,-72.5133388,,636,17/05/2024,05/09/2024,,,19/09/2024,,,21/11/2024
,SOL0000000961,CU000000000280,Renovada - Expirada,N. DE SANTANDER,LOS PATIOS,10/05/2019,"AV 10 CALLE K53 , este equipo funciona en sentidos NORTE - SUR",Instituto de Tránsito y Transporte del Municipio de Los Patios,Municipal,"C.29, C.35, D.2",None,Laser (Lidar) / Infrarrojo,,13242,7.8081389,-72.5174694,,638,16/05/2024,06/09/2024,,,20/09/2024,,,21/11/2024
,SOL0000002141,CU000000000367,Renovada - Expirada,N. DE SANTANDER,LOS PATIOS,10/10/2019,AV 10 CALLE 37,Instituto de Tránsito y Transporte del Municipio de Los Patios,Municipal,"C.24, C.32, C.35, C.37, D.10, D.2, D.3, D.4, D.5, D.6, D.7, D.8, H.07",None,Laser (Lidar) / Infrarrojo,,00000001,7.8460806,-72.506033,,622,16/05/2024,05/09/2024,,,19/09/2024,,,21/11/2024
,SOL0000002142,CU000000000368,Renovada - Expirada,N. DE SANTANDER,LOS PATIOS,10/10/2019,AV 10 CALLE 7,Instituto de Tránsito y Transporte del Municipio de Los Patios,Municipal,"C.24, C.32, C.35, C.37, D.10, D.2, D.3, D.4, D.5, D.6, D.7, D.8, H.07",None,Laser (Lidar) / Infrarrojo,,0000002,7.818908,-72.514847,,602,16/05/2024,29/08/2024,,,12/09/2024,,,21/11/2024
,SOL0000000387,CU000000000174,Renovada - Expirada,SUCRE,COROZAL,18/12/2018,VIA TRONCAL DE OCCIDENTE - KM 7+750,INSTITUTO MUNICIPAL DE  TRANSPORTES Y TRANSITO DE COROZAL,Nacional,C.29,None,Radar Doppler,,SUCOS001,9.319717,-75.304748,,599,14/05/2024,28/08/2024,,,11/09/2024,,,21/11/2024
,SOL0000001942,CU000000000265,Renovada - Expirada,ATLANTICO,CAMPO DE LA CRUZ,30/04/2019,Vía Troncal del Occidente Ruta 2516 PR 24+650,INSTITUTO DE TRANSITO DEL ATLANTICO,Nacional,"C.24, C.29, C.32, C.35, C.37, D.10, D.2, D.3, D.4, D.5, D.6, D.7, D.8, H.07",None,Radar Doppler,,ATBOS008,10.459206,-74.833683,,585,08/05/2024,23/08/2024,,,06/09/2024,,,21/11/2024
,SOL0000001961,CU000000000270,Renovada - Expirada,ATLANTICO,CAMPO DE LA CRUZ,30/04/2019,Vía Troncal del Occidente Ruta 2516 PR 14+000,INSTITUTO DE TRANSITO DEL ATLANTICO,Nacional,"C.24, C.29, C.32, C.35, C.37, D.10, D.2, D.3, D.4, D.5, D.6, D.7, D.8, H.07",None,Radar Doppler,,ATCCS010,10.377133,-74.86939,,497,08/05/2024,24/07/2024,,,08/08/2024,,,21/11/2024
,SOL0000001962,CU000000000266,Renovada - Expirada,ATLANTICO,CAMPO DE LA CRUZ,30/04/2019,Vía Troncal de Occidente Ruta 2516 PR 17+972,INSTITUTO DE TRANSITO DEL ATLANTICO,Nacional,"C.24, C.29, C.32, C.35, C.37, D.10, D.2, D.3, D.4, D.5, D.6, D.7, D.8, H.07",None,Radar Doppler,,ATCCS003,10.407569,-74.850196,,478,08/05/2024,17/07/2024,,,31/07/2024,,,21/11/2024
,SOL0000000231,CU000000000190,Renovada - Expirada,ATLANTICO,BARRANQUILLA,18/12/2018,Via 40 # 73-290,SECRETARÍA DISTRITAL DE TRÁNSITO Y SEGURIDAD VIAL - BARRANQUILLA,Distrital,"A.1, A.10, A.11, A.12, A.2, A.3, A.4, A.5, A.6, A.7, A.8, A.9, B.1, B.10, B.11, B.12, B.13, B.14, B.15, B.16, B.17, B.18, B.19, B.2, B.20, B.21, B.22, B.23, B.3, B.4, B.5, B.6, B.7, B.8, B.9, C.1, C.10, C.11, C.12, C.13, C.14, C.15, C.16, C.17, C.18, C.19, C.2, C.20, C.21, C.22, C.23, C.24, C.25, C.26, C.27, C.28, C.29, C.3, C.30, C.31, C.32, C.33, C.34, C.35, C.36, C.37, C.38, C.39, C.4, C.40, C.5, C.6, C.7, C.8, C.9, D.1, D.10, D.11, D.12, D.13, D.14, D.15, D.16, D.17, D.2, D.3, D.4, D.5, D.6, D.7, D.8, D.9, E.1, E.2, E.3, E.4, H.01, H.02, H.03, H.04, H.05, H.06, H.07, H.08, H.09, H.10, H.11, H.12, H.13, I.01, I.02",None,Radar Doppler,,VIA40XCR73,11.01211,-74.7925,,456,14/03/2024,09/07/2024,,,23/07/2024,,,21/11/2024
,SOL0000000245,CU000000000182,Renovada - Expirada,ATLANTICO,BARRANQUILLA,18/12/2018,Carrera 21 # 78-44,SECRETARÍA DISTRITAL DE TRÁNSITO Y SEGURIDAD VIAL - BARRANQUILLA,Distrital,"A.1, A.10, A.11, A.12, A.2, A.3, A.4, A.5, A.6, A.7, A.8, A.9, B.1, B.10, B.11, B.12, B.13, B.14, B.15, B.16, B.17, B.18, B.19, B.2, B.20, B.21, B.22, B.23, B.3, B.4, B.5, B.6, B.7, B.8, B.9, C.1, C.10, C.11, C.12, C.13, C.14, C.15, C.16, C.17, C.18, C.19, C.2, C.20, C.21, C.22, C.23, C.24, C.25, C.26, C.27, C.28, C.29, C.3, C.30, C.31, C.32, C.33, C.34, C.35, C.36, C.37, C.38, C.39, C.4, C.40, C.5, C.6, C.7, C.8, C.9, D.1, D.10, D.11, D.12, D.13, D.14, D.15, D.16, D.17, D.2, D.3, D.4, D.5, D.6, D.7, D.8, D.9, E.1, E.2, E.3, E.4, H.01, H.02, H.03, H.04, H.05, H.06, H.07, H.08, H.09, H.10, H.11, H.12, H.13, I.01, I.02",None,Radar Doppler,,CL87XCR21,10.97109,-74.823,,448,14/03/2024,09/07/2024,,,23/07/2024,,,21/11/2024
,SOL0000001985,CU000000000275,Renovada - Expirada,ATLANTICO,BARANOA,09/05/2019,Vía Cordialidad Km 96,INSTITUTO DE TRANSITO DEL ATLANTICO,Nacional,"C.24, C.29, C.32, C.35, C.37, D.10, D.2, D.3, D.4, D.5, D.6, D.7, D.8, H.07",None,Radar Doppler,,ATBAS005,10.781367,-74.905706,,451,14/03/2024,02/07/2024,,,16/07/2024,,,21/11/2024
,SOL0000000232,CU000000000214,Renovada - Expirada,ATLANTICO,BARRANQUILLA,27/12/2018,Calle 84 # 59-34,SECRETARÍA DISTRITAL DE TRÁNSITO Y SEGURIDAD VIAL - BARRANQUILLA,Distrital,"A.1, A.10, A.11, A.12, A.2, A.3, A.4, A.5, A.6, A.7, A.8, A.9, B.1, B.10, B.11, B.12, B.13, B.14, B.15, B.16, B.17, B.18, B.19, B.2, B.20, B.21, B.22, B.23, B.3, B.4, B.5, B.6, B.7, B.8, B.9, C.1, C.10, C.11, C.12, C.13, C.14, C.15, C.16, C.17, C.18, C.19, C.2, C.20, C.21, C.22, C.23, C.24, C.25, C.26, C.27, C.28, C.29, C.3, C.30, C.31, C.32, C.33, C.34, C.35, C.36, C.37, C.38, C.39, C.4, C.40, C.5, C.6, C.7, C.8, C.9, D.1, D.10, D.11, D.12, D.13, D.14, D.15, D.16, D.17, D.2, D.3, D.4, D.5, D.6, D.7, D.8, D.9, E.1, E.2, E.3, E.4, H.01, H.02, H.03, H.04, H.05, H.06, H.07, H.08, H.09, H.10, H.11, H.12, H.13, I.01, I.02",None,Radar Doppler,,CL84XCR59B,11.01113,-74.81144,,455,14/03/2024,,,,26/07/2024,,,21/11/2024
,SOL0000000256,CU000000000213,Renovada - Expirada,ATLANTICO,BARRANQUILLA,27/12/2018,Calle 45 con carrera 27,SECRETARÍA DISTRITAL DE TRÁNSITO Y SEGURIDAD VIAL - BARRANQUILLA,Distrital,"C.24, C.3, C.32, C.35, C.37, D.2, D.4, D.7, H.07",None,Video Detección (Con Analítica de Video),,CL45XK27,10.96959,-74.78989,,,29/07/2023,,,,21/11/2023,,,21/11/2024
,SOL0000000225,CU000000000183,Renovada - Expirada,ATLANTICO,BARRANQUILLA,18/12/2018,Carrera 51B - Calle 102,SECRETARÍA DISTRITAL DE TRÁNSITO Y SEGURIDAD VIAL - BARRANQUILLA,Distrital,"A.1, A.10, A.11, A.12, A.2, A.3, A.4, A.5, A.6, A.7, A.8, A.9, B.1, B.10, B.11, B.12, B.13, B.14, B.15, B.16, B.17, B.18, B.19, B.2, B.20, B.21, B.22, B.23, B.3, B.4, B.5, B.6, B.7, B.8, B.9, C.1, C.10, C.11, C.12, C.13, C.14, C.15, C.16, C.17, C.18, C.19, C.2, C.20, C.21, C.22, C.23, C.24, C.25, C.26, C.27, C.28, C.29, C.3, C.30, C.31, C.32, C.33, C.34, C.35, C.36, C.37, C.38, C.39, C.4, C.40, C.5, C.6, C.7, C.8, C.9, D.1, D.10, D.11, D.12, D.13, D.14, D.15, D.16, D.17, D.2, D.3, D.4, D.5, D.6, D.7, D.8, D.9, E.1, E.2, E.3, E.4, H.01, H.02, H.03, H.04, H.05, H.06, H.07, H.08, H.09, H.10, H.11, H.12, H.13, I.01, I.02",None,Radar Doppler,,CL103CR51B,11.0131,-74.83406,,448,28/07/2023,09/07/2024,,,23/07/2024,,,21/11/2024
,SOL0000000227,CU000000000187,Renovada - Expirada,ATLANTICO,BARRANQUILLA,18/12/2018,Carrera 53 entre calles 86 y 87,SECRETARÍA DISTRITAL DE TRÁNSITO Y SEGURIDAD VIAL - BARRANQUILLA,Distrital,"A.1, A.10, A.11, A.12, A.2, A.3, A.4, A.5, A.6, A.7, A.8, A.9, B.1, B.10, B.11, B.12, B.13, B.14, B.15, B.16, B.17, B.18, B.19, B.2, B.20, B.21, B.22, B.23, B.3, B.4, B.5, B.6, B.7, B.8, B.9, C.1, C.10, C.11, C.12, C.13, C.14, C.15, C.16, C.17, C.18, C.19, C.2, C.20, C.21, C.22, C.23, C.24, C.25, C.26, C.27, C.28, C.29, C.3, C.30, C.31, C.32, C.33, C.34, C.35, C.36, C.37, C.38, C.39, C.4, C.40, C.5, C.6, C.7, C.8, C.9, D.1, D.10, D.11, D.12, D.13, D.14, D.15, D.16, D.17, D.2, D.3, D.4, D.5, D.6, D.7, D.8, D.9, E.1, E.2, E.3, E.4, H.01, H.02, H.03, H.04, H.05, H.06, H.07, H.08, H.09, H.10, H.11, H.12, H.13, I.01, I.02",None,Radar Doppler,,CR53XCL86,11.00938,-74.81841,,,28/07/2023,,,,21/11/2023,,,21/11/2024
,SOL0000000222,CU000000000206,Renovada - Expirada,ATLANTICO,BARRANQUILLA,19/12/2018,Calle 72 # 38-79,SECRETARÍA DISTRITAL DE TRÁNSITO Y SEGURIDAD VIAL - BARRANQUILLA,Distrital,,None,Radar Doppler,,CL72X38,10.985675,-74.810864,,,28/07/2023,,,,21/11/2023,,,21/11/2024
,SOL0000000242,CU000000000258,Renovada - Expirada,ATLANTICO,BARRANQUILLA,26/03/2019,SIN DIRECCION,SECRETARÍA DISTRITAL DE TRÁNSITO Y SEGURIDAD VIAL - BARRANQUILLA,Distrital,"A.1, A.10, A.11, A.12, A.2, A.3, A.4, A.5, A.6, A.7, A.8, A.9, B.1, B.10, B.11, B.12, B.13, B.14, B.15, B.16, B.17, B.18, B.19, B.2, B.20, B.21, B.22, B.23, B.3, B.4, B.5, B.6, B.7, B.8, B.9, C.1, C.10, C.11, C.12, C.13, C.14, C.15, C.16, C.17, C.18, C.19, C.2, C.20, C.21, C.22, C.23, C.24, C.25, C.26, C.27, C.28, C.29, C.3, C.30, C.31, C.32, C.33, C.34, C.35, C.36, C.37, C.38, C.39, C.4, C.40, C.5, C.6, C.7, C.8, C.9, D.1, D.10, D.11, D.12, D.13, D.14, D.15, D.16, D.17, D.2, D.3, D.4, D.5, D.6, D.7, D.8, D.9, E.1, E.2, E.3, E.4, H.01, H.02, H.03, H.04, H.05, H.06, H.07, H.08, H.09, H.10, H.11, H.12, H.13, I.01, I.02",None,Radar Doppler,,CR6XCL99B,10.943326,-74.830563,,,28/07/2023,,,,21/11/2023,,,21/11/2024
,SOL0000000202,CU000000000236,Renovada - Expirada,ATLANTICO,GALAPA,27/02/2019,SIN DIRECCION,SECRETARIA MUNICIPAL DE TRANSITO Y TRANSPORTE DE GALAPA,Nacional,C.29,None,Radar Doppler,,ATGLS002,10.900788,-74.883007,,,28/07/2023,,,,21/11/2023,,,21/11/2024
,SOL0000000250,CU000000000181,Renovada - Expirada,ATLANTICO,BARRANQUILLA,18/12/2018,Calle 82B # 26C1 - 60 (casa esquina),SECRETARÍA DISTRITAL DE TRÁNSITO Y SEGURIDAD VIAL - BARRANQUILLA,Distrital,,None,Radar Doppler,,CR27XCL82C,10.97935,-74.82306,,,28/07/2023,,,,21/11/2023,,,21/11/2024
,SOL0000000244,CU000000000179,Renovada - Expirada,ATLANTICO,BARRANQUILLA,18/12/2018,Calle 98 # 56-162,SECRETARÍA DISTRITAL DE TRÁNSITO Y SEGURIDAD VIAL - BARRANQUILLA,Distrital,,None,Radar Doppler,,CL98XCR56,11.01575,-74.82514,,,28/07/2023,,,,21/11/2023,,,21/11/2024
,SOL0000000253,CU000000000178,Renovada - Expirada,ATLANTICO,BARRANQUILLA,18/12/2018,Calle 53 con carrera 45,SECRETARÍA DISTRITAL DE TRÁNSITO Y SEGURIDAD VIAL - BARRANQUILLA,Distrital,,None,Video Detección (Con Analítica de Video),,CL70XCR46,10.98771,-74.78975,,,28/07/2023,,,,21/11/2023,,,21/11/2024
,SOL0000000254,CU000000000177,Renovada - Expirada,ATLANTICO,BARRANQUILLA,18/12/2018,Calle 70 con carrera 46,SECRETARÍA DISTRITAL DE TRÁNSITO Y SEGURIDAD VIAL - BARRANQUILLA,Distrital,"A.1, A.10, A.11, A.12, A.2, A.3, A.4, A.5, A.6, A.7, A.8, A.9, B.1, B.10, B.11, B.12, B.13, B.14, B.15, B.16, B.17, B.18, B.19, B.2, B.20, B.21, B.22, B.23, B.3, B.4, B.5, B.6, B.7, B.8, B.9, C.1, C.10, C.11, C.12, C.13, C.14, C.15, C.16, C.17, C.18, C.19, C.2, C.20, C.21, C.22, C.23, C.24, C.25, C.26, C.27, C.28, C.29, C.3, C.30, C.31, C.32, C.33, C.34, C.35, C.36, C.37, C.38, C.39, C.4, C.40, C.5, C.6, C.7, C.8, C.9, D.1, D.10, D.11, D.12, D.13, D.14, D.15, D.16, D.17, D.2, D.3, D.4, D.5, D.6, D.7, D.8, D.9, E.1, E.2, E.3, E.4, H.01, H.02, H.03, H.04, H.05, H.06, H.07, H.08, H.09, H.10, H.11, H.12, H.13, I.01, I.02",None,Video Detección (Con Analítica de Video),,CL70XCR46,10.99322,-74.8034,,,28/07/2023,,,,21/11/2023,,,21/11/2024
,SOL0000000255,CU000000000176,Renovada - Expirada,ATLANTICO,BARRANQUILLA,18/12/2018,Calle 34 con carrera 45,SECRETARÍA DISTRITAL DE TRÁNSITO Y SEGURIDAD VIAL - BARRANQUILLA,Distrital,"A.1, A.10, A.11, A.12, A.2, A.3, A.4, A.5, A.6, A.7, A.8, A.9, B.1, B.10, B.11, B.12, B.13, B.14, B.15, B.16, B.17, B.18, B.19, B.2, B.20, B.21, B.22, B.23, B.3, B.4, B.5, B.6, B.7, B.8, B.9, C.1, C.10, C.11, C.12, C.13, C.14, C.15, C.16, C.17, C.18, C.19, C.2, C.20, C.21, C.22, C.23, C.24, C.25, C.26, C.27, C.28, C.29, C.3, C.30, C.31, C.32, C.33, C.34, C.35, C.36, C.37, C.38, C.39, C.4, C.40, C.5, C.6, C.7, C.8, C.9, D.1, D.10, D.11, D.12, D.13, D.14, D.15, D.16, D.17, D.2, D.3, D.4, D.5, D.6, D.7, D.8, D.9, E.1, E.2, E.3, E.4, H.01, H.02, H.03, H.04, H.05, H.06, H.07, H.08, H.09, H.10, H.11, H.12, H.13, I.01, I.02",None,Video Detección (Con Analítica de Video),,CL34XCR45,10.98383,-74.7775,,,28/07/2023,,,,21/11/2023,,,21/11/2024
,SOL0000000342,CU000000000235,Renovada - Expirada,ATLANTICO,PUERTO COLOMBIA,27/02/2019,Via al mar - km 106,SECRETARIA MUNICIPAL DE TRANSITO Y TRANSPORTE DE PUERTO COLOMBIA,Nacional,C.29,None,Radar Doppler,,ATPTS003,11.015423,-74.867812,,,28/07/2023,,,,21/11/2023,,,21/11/2024
,SOL0000000345,CU000000000256,Renovada - Expirada,ATLANTICO,PUERTO COLOMBIA,26/03/2019,Via al mar - km 97+130,SECRETARIA MUNICIPAL DE TRANSITO Y TRANSPORTE DE PUERTO COLOMBIA,Nacional,C.29,None,Radar Doppler,,ATPTS004,10.993316,-74.944673,,,28/07/2023,,,,21/11/2023,,,21/11/2024
,SOL0000000347,CU000000000255,Renovada - Expirada,ATLANTICO,PUERTO COLOMBIA,26/03/2019,Carrera 51B - Km 2,SECRETARIA MUNICIPAL DE TRANSITO Y TRANSPORTE DE PUERTO COLOMBIA,Distrital,C.29,None,Radar Doppler,,ATPTS002,11.016498,-74.845503,,,28/07/2023,,,,21/11/2023,,,21/11/2024
,SOL0000001921,CU000000000259,Renovada - Expirada,ATLANTICO,GALAPA,24/04/2019,VÍA CORDIALIDAD - RUTA 9006 PR 113+150,SECRETARIA MUNICIPAL DE TRANSITO Y TRANSPORTE DE GALAPA,Nacional,"C.24, C.29, C.32, C.35, C.37, D.10, D.2, D.3, D.4, D.5, D.6, D.7, D.8, H.07",None,Radar Doppler,,ATGLS001,10.927372,-74.866142,,,28/07/2023,,,,21/11/2023,,,21/11/2024
,SOL0000000228,CU000000000172,Renovada - Expirada,ATLANTICO,BARRANQUILLA,18/12/2018,Calle 19 entre carreras 3D(Boulevard),SECRETARÍA DISTRITAL DE TRÁNSITO Y SEGURIDAD VIAL - BARRANQUILLA,Distrital,"A.1, A.10, A.11, A.12, A.2, A.3, A.4, A.5, A.6, A.7, A.8, A.9, B.1, B.10, B.11, B.12, B.13, B.14, B.15, B.16, B.17, B.18, B.19, B.2, B.20, B.21, B.22, B.23, B.3, B.4, B.5, B.6, B.7, B.8, B.9, C.1, C.10, C.11, C.12, C.13, C.14, C.15, C.16, C.17, C.18, C.19, C.2, C.20, C.21, C.22, C.23, C.24, C.25, C.26, C.27, C.28, C.29, C.3, C.30, C.31, C.32, C.33, C.34, C.35, C.36, C.37, C.38, C.39, C.4, C.40, C.5, C.6, C.7, C.8, C.9, D.1, D.10, D.11, D.12, D.13, D.14, D.15, D.16, D.17, D.2, D.3, D.4, D.5, D.6, D.7, D.8, D.9, E.1, E.2, E.3, E.4, H.01, H.02, H.03, H.04, H.05, H.06, H.07, H.08, H.09, H.10, H.11, H.12, H.13, I.01, I.02",None,Radar Doppler,,CL19XCR3D,10.9402005,-74.77858,,,28/07/2023,,,,21/11/2023,,,21/11/2024
,SOL0000000229,CU000000000173,Renovada - Expirada,ATLANTICO,BARRANQUILLA,18/12/2018,Calle 19 entre carreras 4C y 5A (Cancha),SECRETARÍA DISTRITAL DE TRÁNSITO Y SEGURIDAD VIAL - BARRANQUILLA,Distrital,"A.1, A.10, A.11, A.12, A.2, A.3, A.4, A.5, A.6, A.7, A.8, A.9, B.1, B.10, B.11, B.12, B.13, B.14, B.15, B.16, B.17, B.18, B.19, B.2, B.20, B.21, B.22, B.23, B.3, B.4, B.5, B.6, B.7, B.8, B.9, C.1, C.10, C.11, C.12, C.13, C.14, C.15, C.16, C.17, C.18, C.19, C.2, C.20, C.21, C.22, C.23, C.24, C.25, C.26, C.27, C.28, C.29, C.3, C.30, C.31, C.32, C.33, C.34, C.35, C.36, C.37, C.38, C.39, C.4, C.40, C.5, C.6, C.7, C.8, C.9, D.1, D.10, D.11, D.12, D.13, D.14, D.15, D.16, D.17, D.2, D.3, D.4, D.5, D.6, D.7, D.8, D.9, E.1, E.2, E.3, E.4, H.01, H.02, H.03, H.04, H.05, H.06, H.07, H.08, H.09, H.10, H.11, H.12, H.13, I.01, I.02",None,Radar Doppler,,CL61XCR35,10.94252,-74.7777,,,28/07/2023,,,,21/11/2023,,,21/11/2024
,SOL0000000346,CU000000000227,Renovada - Expirada,ATLANTICO,PUERTO COLOMBIA,27/02/2019,Via al mar - km 97,SECRETARIA MUNICIPAL DE TRANSITO Y TRANSPORTE DE PUERTO COLOMBIA,Nacional,C.29,None,Radar Doppler,,ATPTS005,10.990537,-74.944119,,,28/07/2023,,,,21/11/2023,,,21/11/2024
,SOL0000000356,CU000000000243,Renovada - Expirada,ATLANTICO,PUERTO COLOMBIA,26/03/2019,SIN DIRECCION,SECRETARIA MUNICIPAL DE TRANSITO Y TRANSPORTE DE PUERTO COLOMBIA,Distrital,C.29,None,Radar Doppler,,ATPTS008f,11.019722,-74.86882,,,28/07/2023,,,,21/11/2023,,,21/11/2024
,SOL0000000223,CU000000000165,Renovada - Expirada,ATLANTICO,BARRANQUILLA,18/12/2018,Calle 56 # 14 - 24,SECRETARÍA DISTRITAL DE TRÁNSITO Y SEGURIDAD VIAL - BARRANQUILLA,Distrital,"A.1, A.10, A.11, A.12, A.2, A.3, A.4, A.5, A.6, A.7, A.8, A.9, B.1, B.10, B.11, B.12, B.13, B.14, B.15, B.16, B.17, B.18, B.19, B.2, B.20, B.21, B.22, B.23, B.3, B.4, B.5, B.6, B.7, B.8, B.9, C.1, C.10, C.11, C.12, C.13, C.14, C.15, C.16, C.17, C.18, C.19, C.2, C.20, C.21, C.22, C.23, C.24, C.25, C.26, C.27, C.28, C.29, C.3, C.30, C.31, C.32, C.33, C.34, C.35, C.36, C.37, C.38, C.39, C.4, C.40, C.5, C.6, C.7, C.8, C.9, D.1, D.10, D.11, D.12, D.13, D.14, D.15, D.16, D.17, D.2, D.3, D.4, D.5, D.6, D.7, D.8, D.9, E.1, E.2, E.3, E.4, H.01, H.02, H.03, H.04, H.05, H.06, H.07, H.08, H.09, H.10, H.11, H.12, H.13, I.01, I.02",None,Radar Doppler,,CL56XCR14,10.95849,-74.80349,,,28/07/2023,,,,21/11/2023,,,21/11/2024
,SOL0000000257,CU000000000169,Renovada - Expirada,ATLANTICO,BARRANQUILLA,18/12/2018,Calle 72 con carrera 44,SECRETARÍA DISTRITAL DE TRÁNSITO Y SEGURIDAD VIAL - BARRANQUILLA,Distrital,,None,Video Detección (Con Analítica de Video),,CL72XCR44,10.99261,-74.80666,,,28/07/2023,,,,17/11/2023,,,21/11/2024
,SOL0000000344,CU000000000285,Renovada - Expirada,ATLANTICO,GALAPA,23/05/2019,Vía Cordialidad KM 104+900,SECRETARIA MUNICIPAL DE TRANSITO Y TRANSPORTE DE GALAPA,Nacional,"C.24, C.29, C.35, C.37, D.10, D.2, D.3, D.5, D.6, D.7, D.8, H.07",None,Radar Doppler,,GLMOS001,10.862371,-74.896177,,,28/07/2023,,,,16/11/2023,,,21/11/2024
,SOL0000000388,CU000000000175,Renovada - Expirada,SUCRE,COROZAL,18/12/2018,VIA TRONCAL DE OCCIDENTE - KM 7+750 SNS,INSTITUTO MUNICIPAL DE  TRANSPORTES Y TRANSITO DE COROZAL,Nacional,C.29,None,Radar Doppler,,SUCOS003,9.319929,-75.304641,,,28/07/2023,,,,16/11/2023,,,21/11/2024
,SOL0000000203,CU000000000164,Renovada - Expirada,ATLANTICO,BARRANQUILLA,18/12/2018,Calle 61 entre carreras 34 y 35,SECRETARÍA DISTRITAL DE TRÁNSITO Y SEGURIDAD VIAL - BARRANQUILLA,Distrital,"A.1, A.10, A.11, A.12, A.2, A.3, A.4, A.5, A.6, A.7, A.8, A.9, B.1, B.10, B.11, B.12, B.13, B.14, B.15, B.16, B.17, B.18, B.19, B.2, B.22, B.23, B.3, B.4, B.5, B.6, B.7, B.8, B.9, C.1, C.10, C.11, C.12, C.13, C.14, C.15, C.16, C.17, C.18, C.19, C.2, C.20, C.21, C.22, C.23, C.24, C.25, C.26, C.27, C.28, C.29, C.3, C.30, C.31, C.32, C.33, C.34, C.35, C.36, C.37, C.38, C.39, C.4, C.40, C.5, C.6, C.7, C.8, C.9, D.1, D.10, D.11, D.12, D.13, D.14, D.15, D.16, D.17, D.2, D.3, D.4, D.5, D.6, D.7, D.8, D.9, E.1, E.2, E.3, E.4, H.01, H.02, H.03, H.04, H.05, H.06, H.07, H.08, H.09, H.10, H.11, H.12, H.13, I.01, I.02",None,Radar Doppler,,CL61XCR35,10.98087,-74.8004,,,28/07/2023,,,,08/11/2023,,,21/11/2024
,SOL0000000389,CU000000000242,Renovada - Expirada,SUCRE,COROZAL,26/03/2019,VIA TRONCAL DE OCCIDENTE - KM 10+550,INSTITUTO MUNICIPAL DE  TRANSPORTES Y TRANSITO DE COROZAL,Nacional,C.29,None,Radar Doppler,,SUCOS002,9.326066,-75.283779,,,27/07/2023,,,,16/11/2023,,,21/11/2024
,SOL0000000341,CU000000000073,Renovada - Expirada,CALDAS,LA DORADA,10/12/2018,CARRERA 6 CON VIA LA VARIANTE,DIVISION DE TRANSITO Y TRANSPORTE DE LA DORADA,Nacional,C.29,None,Radar Doppler,,CADOS002,5.443276,-74.677861,,,26/07/2023,,,,16/11/2023,,,21/11/2024
,SOL0000000343,CU000000000072,Renovada - Expirada,CALDAS,LA DORADA,10/12/2018,KILOMETRO 1 VIA LA DORADA - HONDA,DIVISION DE TRANSITO Y TRANSPORTE DE LA DORADA,Nacional,C.29,None,Radar Doppler,,CADOS001,5.460329,-74.669611,,,26/07/2023,,,,16/11/2023,,,21/11/2024
,SOL0000000233,CU000000000189,Renovada - Expirada,ATLANTICO,BARRANQUILLA,18/12/2018,Calle 45 # 21-39,SECRETARÍA DISTRITAL DE TRÁNSITO Y SEGURIDAD VIAL - BARRANQUILLA,Distrital,"A.1, A.10, A.11, A.12, A.2, A.3, A.4, A.5, A.6, A.7, A.8, A.9, B.1, B.10, B.11, B.12, B.13, B.14, B.15, B.16, B.17, B.18, B.19, B.2, B.20, B.21, B.22, B.23, B.3, B.4, B.5, B.6, B.7, B.8, B.9, C.1, C.10, C.11, C.12, C.13, C.14, C.15, C.16, C.17, C.18, C.19, C.2, C.20, C.21, C.22, C.23, C.24, C.25, C.26, C.27, C.28, C.29, C.3, C.30, C.31, C.32, C.33, C.34, C.35, C.36, C.37, C.38, C.39, C.4, C.40, C.5, C.6, C.7, C.8, C.9, D.1, D.10, D.11, D.12, D.13, D.14, D.15, D.16, D.17, D.2, D.3, D.4, D.5, D.6, D.7, D.8, D.9, E.1, E.2, E.3, E.4, H.01, H.02, H.03, H.04, H.05, H.06, H.07, H.08, H.09, H.10, H.11, H.12, H.13, I.01, I.02",None,Radar Doppler,,CL45XCR21,10.96212,-74.79308,,,27/06/2023,,,,17/10/2023,,,21/11/2024
,SOL0000000235,CU000000000170,Renovada - Expirada,ATLANTICO,BARRANQUILLA,18/12/2018,Calle 45 # 21 - 18,SECRETARÍA DISTRITAL DE TRÁNSITO Y SEGURIDAD VIAL - BARRANQUILLA,Distrital,"A.1, A.10, A.11, A.12, A.2, A.3, A.4, A.5, A.6, A.7, A.8, A.9, B.1, B.10, B.11, B.12, B.13, B.14, B.15, B.16, B.17, B.18, B.19, B.2, B.20, B.21, B.22, B.23, B.3, B.4, B.5, B.6, B.7, B.8, B.9, C.1, C.10, C.11, C.12, C.13, C.14, C.15, C.16, C.17, C.18, C.19, C.2, C.20, C.21, C.22, C.23, C.24, C.25, C.26, C.27, C.28, C.29, C.3, C.30, C.31, C.32, C.33, C.34, C.35, C.36, C.37, C.38, C.39, C.4, C.40, C.5, C.6, C.7, C.8, C.9, D.1, D.10, D.11, D.12, D.13, D.14, D.15, D.16, D.17, D.2, D.3, D.4, D.5, D.6, D.7, D.8, D.9, E.1, E.2, E.3, E.4, H.01, H.02, H.03, H.04, H.05, H.06, H.07, H.08, H.09, H.10, H.11, H.12, H.13, I.01, I.02",None,Radar Doppler,,CL45XCR21,10.96134,-74.79337,,,27/06/2023,,,,17/10/2023,,,21/11/2024
,SOL0000000238,CU000000000327,Renovada - Expirada,ATLANTICO,BARRANQUILLA,19/12/2018,Calle 110# 10 - 427 (Norte-Sur),SECRETARÍA DISTRITAL DE TRÁNSITO Y SEGURIDAD VIAL - BARRANQUILLA,Distrital,"A.1, A.10, A.11, A.12, A.2, A.3, A.4, A.5, A.6, A.7, A.8, A.9, B.1, B.10, B.11, B.12, B.13, B.14, B.15, B.16, B.17, B.18, B.19, B.2, B.20, B.21, B.22, B.23, B.3, B.4, B.5, B.6, B.7, B.8, B.9, C.1, C.10, C.11, C.12, C.13, C.14, C.15, C.16, C.17, C.18, C.19, C.2, C.20, C.21, C.22, C.23, C.24, C.25, C.26, C.27, C.28, C.29, C.3, C.30, C.31, C.32, C.33, C.34, C.35, C.36, C.37, C.38, C.39, C.4, C.40, C.5, C.6, C.7, C.8, C.9, D.1, D.10, D.11, D.12, D.13, D.14, D.15, D.16, D.17, D.2, D.3, D.4, D.5, D.6, D.7, D.8, D.9, E.1, E.2, E.3, E.4, H.01, H.02, H.03, H.04, H.05, H.06, H.07, H.08, H.09, H.10, H.11, H.12, H.13, I.01, I.02",None,Radar Doppler,,CIRCUNXCR9,10.96257,-74.83808,,,27/06/2023,,,,13/10/2023,,,21/11/2024
,SOL0000000239,CU000000000207,Renovada - Expirada,ATLANTICO,BARRANQUILLA,18/12/2018,Calle 110# 10 - 427,SECRETARÍA DISTRITAL DE TRÁNSITO Y SEGURIDAD VIAL - BARRANQUILLA,Distrital,"A.1, A.10, A.11, A.12, A.2, A.3, A.4, A.5, A.6, A.7, A.8, A.9, B.1, B.10, B.11, B.12, B.13, B.14, B.15, B.16, B.17, B.18, B.19, B.2, B.20, B.21, B.22, B.23, B.3, B.4, B.5, B.6, B.7, B.8, B.9, C.1, C.10, C.11, C.12, C.13, C.14, C.15, C.16, C.17, C.18, C.19, C.2, C.20, C.21, C.22, C.23, C.24, C.25, C.26, C.27, C.28, C.29, C.3, C.30, C.31, C.32, C.33, C.34, C.35, C.36, C.37, C.38, C.39, C.4, C.40, C.5, C.6, C.7, C.8, C.9, D.1, D.10, D.11, D.12, D.13, D.14, D.15, D.16, D.17, D.2, D.3, D.4, D.5, D.6, D.7, D.8, D.9, E.1, E.2, E.3, E.4, H.01, H.02, H.03, H.04, H.05, H.06, H.07, H.08, H.09, H.10, H.11, H.12, H.13, I.01, I.02",None,Radar Doppler,,CIRCUNXCR9,10.96272,-74.83793,,,27/06/2023,,,,13/10/2023,,,21/11/2024
,SOL0000000248,CU000000000215,Renovada - Expirada,ATLANTICO,BARRANQUILLA,27/12/2018,Calle 94 # 57-57,SECRETARÍA DISTRITAL DE TRÁNSITO Y SEGURIDAD VIAL - BARRANQUILLA,Distrital,"A.1, A.10, A.11, A.12, A.2, A.3, A.4, A.5, A.6, A.7, A.8, A.9, B.1, B.10, B.11, B.12, B.13, B.14, B.15, B.16, B.17, B.18, B.19, B.2, B.20, B.21, B.22, B.23, B.3, B.4, B.5, B.6, B.7, B.8, B.9, C.1, C.10, C.11, C.12, C.13, C.14, C.15, C.16, C.17, C.18, C.19, C.2, C.20, C.21, C.22, C.23, C.24, C.25, C.26, C.27, C.28, C.29, C.3, C.30, C.31, C.32, C.33, C.34, C.35, C.36, C.37, C.38, C.39, C.4, C.40, C.5, C.6, C.7, C.8, C.9, D.1, D.10, D.11, D.12, D.13, D.14, D.15, D.16, D.17, D.2, D.3, D.4, D.5, D.6, D.7, D.8, D.9, E.1, E.2, E.3, E.4, H.01, H.02, H.03, H.04, H.05, H.06, H.07, H.08, H.09, H.10, H.11, H.12, H.13, I.01, I.02",None,Radar Doppler,,CL94XCR57,11.01561,-74.82071,,,27/06/2023,,,,13/10/2023,,,21/11/2024
,SOL0000000204,CU000000000186,Renovada - Expirada,ATLANTICO,BARRANQUILLA,18/12/2018,Calle 76 # 38C - 110,SECRETARÍA DISTRITAL DE TRÁNSITO Y SEGURIDAD VIAL - BARRANQUILLA,Distrital,"A.1, A.10, A.11, A.12, A.2, A.3, A.4, A.5, A.6, A.7, A.8, A.9, B.1, B.10, B.11, B.12, B.13, B.14, B.15, B.16, B.17, B.18, B.19, B.2, B.20, B.21, B.22, B.23, B.3, B.4, B.5, B.6, B.7, B.8, B.9, C.1, C.10, C.11, C.12, C.13, C.14, C.15, C.16, C.17, C.18, C.19, C.2, C.20, C.21, C.22, C.23, C.24, C.25, C.26, C.27, C.28, C.29, C.3, C.30, C.31, C.32, C.33, C.34, C.35, C.36, C.37, C.38, C.39, C.4, C.40, C.5, C.6, C.7, C.8, C.9, D.1, D.10, D.11, D.12, D.13, D.14, D.15, D.16, D.17, D.2, D.3, D.4, D.5, D.6, D.7, D.8, D.9, E.1, E.2, E.3, E.4, H.01, H.02, H.03, H.04, H.05, H.06, H.07, H.08, H.09, H.10, H.11, H.12, H.13, I.01, I.02",None,Radar Doppler,,CL76XCR38C,10.98943,-74.81432,,,27/06/2023,,,,11/10/2023,,,21/11/2024
,SOL0000000247,CU000000000208,Renovada - Expirada,ATLANTICO,BARRANQUILLA,24/12/2018,Carrera 15 # 18 - 102,SECRETARÍA DISTRITAL DE TRÁNSITO Y SEGURIDAD VIAL - BARRANQUILLA,Distrital,"A.1, A.10, A.11, A.12, A.2, A.3, A.4, A.5, A.6, A.7, A.8, A.9, B.1, B.10, B.11, B.12, B.13, B.14, B.15, B.16, B.17, B.18, B.19, B.2, B.20, B.21, B.22, B.23, B.3, B.4, B.5, B.6, B.7, B.8, B.9, C.1, C.10, C.11, C.12, C.13, C.14, C.15, C.16, C.17, C.18, C.19, C.2, C.20, C.21, C.22, C.23, C.24, C.25, C.26, C.27, C.28, C.29, C.3, C.30, C.31, C.32, C.33, C.34, C.35, C.36, C.37, C.38, C.39, C.4, C.40, C.5, C.6, C.7, C.8, C.9, D.1, D.10, D.11, D.12, D.13, D.14, D.15, D.16, D.17, D.2, D.3, D.4, D.5, D.6, D.7, D.8, D.9, E.1, E.2, E.3, E.4, H.01, H.02, H.03, H.04, H.05, H.06, H.07, H.08, H.09, H.10, H.11, H.12, H.13, I.01, I.02",None,Radar Doppler,,CR15XCL21,10.95356,-74.77608,,,27/06/2023,,,,11/10/2023,,,21/11/2024
,SOL0000000230,CU000000000212,Renovada - Expirada,ATLANTICO,BARRANQUILLA,24/12/2018,Carrera 46 - calle 100 esquina,SECRETARÍA DISTRITAL DE TRÁNSITO Y SEGURIDAD VIAL - BARRANQUILLA,Distrital,"A.1, A.10, A.11, A.12, A.2, A.3, A.4, A.5, A.6, A.7, A.8, A.9, B.1, B.10, B.11, B.12, B.13, B.14, B.15, B.16, B.17, B.18, B.19, B.2, B.20, B.21, B.22, B.23, B.3, B.4, B.5, B.6, B.7, B.8, B.9, C.1, C.10, C.11, C.12, C.13, C.14, C.15, C.16, C.17, C.18, C.19, C.2, C.20, C.21, C.22, C.23, C.24, C.25, C.26, C.27, C.28, C.29, C.3, C.30, C.31, C.32, C.33, C.34, C.35, C.36, C.37, C.38, C.39, C.4, C.40, C.5, C.6, C.7, C.8, C.9, D.1, D.10, D.11, D.12, D.13, D.14, D.15, D.16, D.17, D.2, D.3, D.4, D.5, D.6, D.7, D.8, D.9, E.1, E.2, E.3, E.4, H.01, H.02, H.03, H.04, H.05, H.06, H.07, H.08, H.09, H.10, H.11, H.12, H.13, I.01, I.02",None,Radar Doppler,,CR46XCL100,11.00788,-74.83351,,,27/06/2023,,,,06/10/2023,,,21/11/2024
,SOL0000000241,CU000000000216,Renovada - Expirada,ATLANTICO,BARRANQUILLA,27/12/2018,Via 11 # 8 - 21,SECRETARÍA DISTRITAL DE TRÁNSITO Y SEGURIDAD VIAL - BARRANQUILLA,Distrital,"A.1, A.10, A.11, A.12, A.2, A.3, A.4, A.5, A.6, A.7, A.8, A.9, B.1, B.10, B.11, B.12, B.13, B.14, B.15, B.16, B.17, B.18, B.19, B.2, B.20, B.21, B.22, B.23, B.3, B.4, B.5, B.6, B.7, B.8, B.9, C.1, C.10, C.11, C.12, C.13, C.14, C.15, C.16, C.17, C.18, C.19, C.2, C.20, C.21, C.22, C.23, C.24, C.25, C.26, C.27, C.28, C.29, C.3, C.30, C.31, C.32, C.33, C.34, C.35, C.36, C.37, C.38, C.39, C.4, C.40, C.5, C.6, C.7, C.8, C.9, D.1, D.10, D.11, D.12, D.13, D.14, D.15, D.16, D.17, D.2, D.3, D.4, D.5, D.6, D.7, D.8, D.9, E.1, E.2, E.3, E.4, H.01, H.02, H.03, H.04, H.05, H.06, H.07, H.08, H.09, H.10, H.11, H.12, H.13, I.01, I.02",None,Radar Doppler,,VIA11XCR8,10.95749,-74.89345,,,27/06/2023,,,,06/10/2023,,,21/11/2024
,SOL0000000249,CU000000000219,Renovada - Expirada,ATLANTICO,BARRANQUILLA,30/01/2019,Calle 30 # 5A-121 (Coltanques),SECRETARÍA DISTRITAL DE TRÁNSITO Y SEGURIDAD VIAL - BARRANQUILLA,Distrital,"A.1, A.10, A.11, A.12, A.2, A.3, A.4, A.5, A.6, A.7, A.8, A.9, B.1, B.10, B.11, B.12, B.13, B.14, B.15, B.16, B.17, B.18, B.19, B.2, B.20, B.21, B.22, B.23, B.3, B.4, B.5, B.6, B.7, B.8, B.9, C.1, C.10, C.11, C.12, C.13, C.14, C.15, C.16, C.17, C.18, C.19, C.2, C.20, C.21, C.22, C.23, C.24, C.25, C.26, C.27, C.28, C.29, C.3, C.30, C.31, C.32, C.33, C.34, C.35, C.36, C.37, C.38, C.39, C.4, C.40, C.5, C.6, C.7, C.8, C.9, D.1, D.10, D.11, D.12, D.13, D.14, D.15, D.16, D.17, D.2, D.3, D.4, D.5, D.6, D.7, D.8, D.9, E.1, E.2, E.3, E.4, H.01, H.02, H.03, H.04, H.05, H.06, H.07, H.08, H.09, H.10, H.11, H.12, H.13, I.01, I.02",None,Radar Doppler,,CL30XCR6B,10.94276,-74.78356,,,24/05/2023,,,,14/09/2023,,,21/11/2024
,SOL0000000226,CU000000000191,Renovada - Expirada,ATLANTICO,BARRANQUILLA,18/12/2018,Carrera 51B # 79-192,SECRETARÍA DISTRITAL DE TRÁNSITO Y SEGURIDAD VIAL - BARRANQUILLA,Distrital,"A.1, A.10, A.11, A.12, A.2, A.3, A.4, A.5, A.6, A.7, A.8, A.9, B.1, B.10, B.11, B.12, B.13, B.14, B.15, B.16, B.17, B.18, B.19, B.2, B.20, B.21, B.22, B.23, B.3, B.4, B.5, B.6, B.7, B.8, B.9, C.1, C.10, C.11, C.12, C.13, C.14, C.15, C.16, C.17, C.18, C.19, C.2, C.20, C.21, C.22, C.23, C.24, C.25, C.26, C.27, C.28, C.29, C.3, C.30, C.31, C.32, C.33, C.34, C.35, C.36, C.37, C.38, C.39, C.4, C.40, C.5, C.6, C.7, C.8, C.9, D.1, D.10, D.11, D.12, D.13, D.14, D.15, D.16, D.17, D.2, D.3, D.4, D.5, D.6, D.7, D.8, D.9, E.1, E.2, E.3, E.4, H.01, H.02, H.03, H.04, H.05, H.06, H.07, H.08, H.09, H.10, H.11, H.12, H.13, I.01, I.02",None,Radar Doppler,,CR51BXCL79,11.0032,-74.81055,,,24/05/2023,,,,13/09/2023,,,21/11/2024
,SOL0000000243,CU000000000211,Renovada - Expirada,ATLANTICO,BARRANQUILLA,24/12/2018,Carrera 53 - Calle 106,SECRETARÍA DISTRITAL DE TRÁNSITO Y SEGURIDAD VIAL - BARRANQUILLA,Distrital,"A.1, A.10, A.11, A.12, A.2, A.3, A.4, A.5, A.6, A.7, A.8, A.9, B.1, B.10, B.11, B.12, B.13, B.14, B.15, B.16, B.17, B.18, B.19, B.2, B.20, B.21, B.22, B.23, B.3, B.4, B.5, B.6, B.7, B.8, B.9, C.1, C.10, C.11, C.12, C.13, C.14, C.15, C.16, C.17, C.18, C.19, C.2, C.20, C.21, C.22, C.23, C.24, C.25, C.26, C.27, C.28, C.29, C.3, C.30, C.31, C.32, C.33, C.34, C.35, C.36, C.37, C.38, C.39, C.4, C.40, C.5, C.6, C.7, C.8, C.9, D.1, D.10, D.11, D.12, D.13, D.14, D.15, D.16, D.17, D.2, D.3, D.4, D.5, D.6, D.7, D.8, D.9, E.1, E.2, E.3, E.4, H.01, H.02, H.03, H.04, H.05, H.06, H.07, H.08, H.09, H.10, H.11, H.12, H.13, I.01, I.02",None,Radar Doppler,,CR53XCL104,11.01742,-74.83438,,,24/05/2023,,,,13/09/2023,,,21/11/2024
,SOL0000000251,CU000000000180,Renovada - Expirada,ATLANTICO,BARRANQUILLA,18/12/2018,Calle 45B con carrera 14,SECRETARÍA DISTRITAL DE TRÁNSITO Y SEGURIDAD VIAL - BARRANQUILLA,Municipal,"A.1, A.10, A.11, A.12, A.2, A.3, A.4, A.5, A.6, A.7, A.8, A.9, B.1, B.10, B.11, B.12, B.13, B.14, B.15, B.16, B.17, B.18, B.19, B.2, B.20, B.21, B.22, B.23, B.3, B.4, B.5, B.6, B.7, B.8, B.9, C.1, C.10, C.11, C.12, C.13, C.14, C.15, C.16, C.17, C.18, C.19, C.2, C.20, C.21, C.22, C.23, C.24, C.25, C.26, C.27, C.28, C.29, C.3, C.30, C.31, C.32, C.33, C.34, C.35, C.36, C.37, C.38, C.39, C.4, C.40, C.5, C.6, C.7, C.8, C.9, D.1, D.10, D.11, D.12, D.13, D.14, D.15, D.16, D.17, D.2, D.3, D.4, D.5, D.6, D.7, D.8, D.9, E.1, E.2, E.3, E.4, H.01, H.02, H.03, H.04, H.05, H.06, H.07, H.08, H.09, H.10, H.11, H.12, H.13, I.01, I.02",None,Video Detección (Con Analítica de Video),,CL45XCR14,10.95467,-74.79734,,,24/05/2023,,,,13/09/2023,,,21/11/2024
,SOL0000000221,CU000000000171,Renovada - Expirada,ATLANTICO,BARRANQUILLA,18/12/2018,Calle 30 # 4B-350,SECRETARÍA DISTRITAL DE TRÁNSITO Y SEGURIDAD VIAL - BARRANQUILLA,Distrital,"A.1, A.10, A.11, A.12, A.2, A.3, A.4, A.5, A.6, A.7, A.8, A.9, B.1, B.10, B.11, B.12, B.13, B.14, B.15, B.16, B.17, B.18, B.19, B.2, B.20, B.21, B.22, B.23, B.3, B.4, B.5, B.6, B.7, B.8, B.9, C.1, C.10, C.11, C.12, C.13, C.14, C.15, C.16, C.17, C.18, C.19, C.2, C.20, C.21, C.22, C.23, C.24, C.25, C.26, C.27, C.28, C.29, C.3, C.30, C.31, C.32, C.33, C.34, C.35, C.36, C.37, C.38, C.39, C.4, C.40, C.5, C.6, C.7, C.8, C.9, D.1, D.10, D.11, D.12, D.13, D.14, D.15, D.16, D.17, D.2, D.3, D.4, D.5, D.6, D.7, D.8, D.9, E.1, E.2, E.3, E.4, H.01, H.02, H.03, H.04, H.05, H.06, H.07, H.08, H.09, H.10, H.11, H.12, H.13, I.01, I.02",None,Radar Doppler,,CL30XCR8,10.94667,-74.78458,,,24/05/2023,,,,13/09/2023,,,21/11/2024
,SOL0000000240,CU000000000166,Renovada - Expirada,ATLANTICO,BARRANQUILLA,18/12/2018,Carrera 6 - Calle 72 / carrera 56 # 65-44,SECRETARÍA DISTRITAL DE TRÁNSITO Y SEGURIDAD VIAL - BARRANQUILLA,Distrital,"A.1, A.10, A.11, A.12, A.2, A.3, A.4, A.5, A.6, A.7, A.8, A.9, B.1, B.10, B.11, B.12, B.13, B.14, B.15, B.16, B.17, B.18, B.19, B.2, B.20, B.21, B.22, B.23, B.3, B.4, B.5, B.6, B.7, B.8, B.9, C.1, C.10, C.11, C.12, C.13, C.14, C.15, C.16, C.17, C.18, C.19, C.2, C.20, C.21, C.22, C.23, C.24, C.25, C.26, C.27, C.28, C.29, C.3, C.30, C.31, C.32, C.33, C.34, C.35, C.36, C.37, C.38, C.39, C.4, C.40, C.5, C.6, C.7, C.8, C.9, D.1, D.10, D.11, D.12, D.13, D.14, D.15, D.16, D.17, D.2, D.3, D.4, D.5, D.6, D.7, D.8, D.9, E.1, E.2, E.3, E.4, H.01, H.02, H.03, H.04, H.05, H.06, H.07, H.08, H.09, H.10, H.11, H.12, H.13, I.01, I.02",None,Radar Doppler,,CR6XCL72,10.9475,-74.81622,,,24/05/2023,,,,13/09/2023,,,21/11/2024
,SOL0000000224,CU000000000188,Renovada - Expirada,ATLANTICO,BARRANQUILLA,18/12/2018,Calle 45 # 1Sur - 39,SECRETARÍA DISTRITAL DE TRÁNSITO Y SEGURIDAD VIAL - BARRANQUILLA,Distrital,"A.1, A.10, A.11, A.12, A.2, A.3, A.4, A.5, A.6, A.7, A.8, A.9, B.1, B.10, B.11, B.12, B.13, B.14, B.15, B.16, B.17, B.18, B.19, B.2, B.20, B.21, B.22, B.23, B.3, B.4, B.5, B.6, B.7, B.8, B.9, C.1, C.10, C.11, C.12, C.13, C.14, C.15, C.16, C.17, C.18, C.19, C.2, C.20, C.21, C.22, C.23, C.24, C.25, C.26, C.27, C.28, C.29, C.3, C.30, C.31, C.32, C.33, C.34, C.35, C.36, C.37, C.38, C.39, C.4, C.40, C.5, C.6, C.7, C.8, C.9, D.1, D.10, D.11, D.12, D.13, D.14, D.15, D.16, D.17, D.2, D.3, D.4, D.5, D.6, D.7, D.8, D.9, E.1, E.2, E.3, E.4, H.01, H.02, H.03, H.04, H.05, H.06, H.07, H.08, H.09, H.10, H.11, H.12, H.13, I.01, I.02",None,Radar Doppler,,CL45XCR1,10.92959,-74.79918,,,24/05/2023,,,,12/09/2023,,,21/11/2024
,SOL0000000258,CU000000000210,Renovada - Expirada,ATLANTICO,BARRANQUILLA,24/12/2018,Calle 82 con carrera 51B,SECRETARÍA DISTRITAL DE TRÁNSITO Y SEGURIDAD VIAL - BARRANQUILLA,Distrital,"C.3, C.32, C.35, C.37, D.2, D.4, H.07",None,Video Detección (Con Analítica de Video),,CR51BXCL85,11.00457,-74.81435,,,24/05/2023,,,,12/09/2023,,,21/11/2024
,SOL0000000252,CU000000000163,Renovada - Expirada,ATLANTICO,BARRANQUILLA,18/12/2018,Calle 82 con carrera 56,SECRETARÍA DISTRITAL DE TRÁNSITO Y SEGURIDAD VIAL - BARRANQUILLA,Distrital,,None,Video Detección (Con Analítica de Video),,CL82XCR56,11.0074,-74.81254,,,24/05/2023,,,,12/09/2023,,,21/11/2024
,SOL0000001061,CU000000000239,Renovada - Expirada,N. DE SANTANDER,CUCUTA,26/03/2019,SIN DIRECCION,Secretaría de tránsito y Transporte de la Alcaldía de San José de Cúcuta,Municipal,"C.2, C.24, C.29, C.35, D.2",None,Radar Doppler,,Mestafusio,7.873421,-72.500829,,261,28/08/2019,04/03/2025,,,19/03/2025,,,21/11/2024
,SOL0000006763,CU000000000669,Operando,ANTIOQUIA,SABANETA,20/12/2023,Calle 84 Sur-Variante Caldas Ruta 2509 PR 63-500 .,SECRETARIA DE MOVILIDAD Y TRANSITO DE SABANETA,Municipal,"C14, C26, C35, D02",None,Radar Doppler,Fijo,VarianteNS,6.14541798,-75.63097623,,,,,,,,,29/04/2026,19/12/2028
,SOL0000006801,CU000000000668,Operando,ANTIOQUIA,SABANETA,20/12/2023,Calle 84 Sur-Variante Caldas Ruta 2509 PR 62-633,SECRETARIA DE MOVILIDAD Y TRANSITO DE SABANETA,Municipal,"C14, C26, C35, D02",None,Radar Doppler,Fijo,VarianteSN,6.13809304,-75.63150533,,,,,,,,,29/04/2026,19/12/2028
,SOL0000010160,CU000000000974,Operando,VALLE DEL CAUCA,CALI,20/03/2025,Carrera 80 - calle 16 sentido O - E,SECRETARIA DE MOVILIDAD SANTIAGO DE CALI,Distrital,"C14, C24, C29, C32, C35, D02, D04, D07",50,Radar Doppler,Fijo,SAST38,3.387949,-76.52877,,,,,,,,,14/04/2026,19/03/2030
,SOL0000010142,CU000000000973,Operando,VALLE DEL CAUCA,CALI,20/03/2025,Carrera 34 - Calle 5 Sentido ESE - ONO,SECRETARIA DE MOVILIDAD SANTIAGO DE CALI,Distrital,"C14, C24, C29, C32, C35, D02, D04, D07",50,Radar Doppler,Fijo,SAST20,3.432436,-76.542375,,,,,,,,,14/04/2026,19/03/2030
,SOL0000008735,CU000000000969,Operando,VALLE DEL CAUCA,CALI,19/03/2025,Calle 36 - KR 39 Sentido  NE - SO Carriles del costado sur de la calzada,SECRETARIA DE MOVILIDAD SANTIAGO DE CALI,Municipal,"C14, C24, C29, C32, C35, D02, D04, D05, D07",50,Radar Doppler,Fijo,SAST14A,3.419761,-76.507802,,,,,,,,,14/04/2026,18/03/2030
,SOL0000010148,CU000000000968,Operando,VALLE DEL CAUCA,CALI,19/03/2025,Carrera 15 - calle 15 sentido O - E,SECRETARIA DE MOVILIDAD SANTIAGO DE CALI,Distrital,"C14, C24, C29, C32, C35, D02, D04, D07",40,Radar Doppler,Fijo,SAST26,3.442414,-76.52633,,,,,,,,,14/04/2026,18/03/2030
,SOL0000010150,CU000000000949,Operando,VALLE DEL CAUCA,CALI,07/03/2025,Calle 73 - Carrera 28D Sentido N - S,SECRETARIA DE MOVILIDAD SANTIAGO DE CALI,Distrital,"C14, C24, C29, C32, C35, D02, D04, D07, H07",30,Radar Doppler,Fijo,SAST28,3.418762,-76.486492,,,,,,,,,14/04/2026,06/03/2030
,SOL0000008739,CU000000000927,Operando,VALLE DEL CAUCA,CALI,26/02/2025,"Calle 25 - carrera 109 Sentido NNO - SSE [Ruta 25, sector Puente Valencia sobre el río Cauca – Cali, código del tramo: 2504 y PR 116+488.]",SECRETARIA DE MOVILIDAD SANTIAGO DE CALI,Municipal,"C14, C24, C26, C29, C35, D02, D04, D07",50,Radar Doppler,Fijo,SAST18,3.359444,-76.52412,,,,,,,,,14/04/2026,25/02/2030
,SOL0000008740,CU000000000924,Operando,VALLE DEL CAUCA,CALI,25/02/2025,"Calle 25 - carrera 109 Sentido SSE - NNO [Ruta 25, sector Puente Valencia sobre el río Cauca – Cali, código del tramo: 2504 y PR 116+400]",SECRETARIA DE MOVILIDAD SANTIAGO DE CALI,Municipal,"C14, C24, C26, C29, C32, C35, D02, D04, D07",50,Radar Doppler,Fijo,SAST19,3.358624,-76.52379,,,,,,,,,14/04/2026,24/02/2030
,SOL0000008732,CU000000000916,Operando,VALLE DEL CAUCA,CALI,21/02/2025,Calle 13 - Carrera 70 Sentido S- N,SECRETARIA DE MOVILIDAD SANTIAGO DE CALI,Municipal,"C14, C24, C29, C32, C35, D02, D04, D07",50,Radar Doppler,Fijo,SAST11,3.393073,-76.53827,,,,,,,,,14/04/2026,20/02/2030
,SOL0000010154,CU000000000891,Operando,VALLE DEL CAUCA,CALI,13/02/2025,calle 26 – carrera 10 (sentido S-N),SECRETARIA DE MOVILIDAD SANTIAGO DE CALI,Distrital,"C14, C24, C29, C32, C35, D02, D04, D07",50,Radar Doppler,Fijo,SAST32,3.450043,-76.51778,,,,,,,,,14/04/2026,12/02/2030
,SOL0000008726,CU000000000883,Operando,VALLE DEL CAUCA,CALI,10/02/2025,Carrera 1 - calle 34 sentido ENE - OSO,SECRETARIA DE MOVILIDAD SANTIAGO DE CALI,Municipal,"C14, C24, C29, C32, C35, D02, D04, D07",50,Radar Doppler,Fijo,SAST05,3.464712,-76.51491,,,,,,,,,14/04/2026,09/02/2030
,SOL0000008722,CU000000000850,Operando,VALLE DEL CAUCA,CALI,31/01/2025,Avenida 3N Calle 44 N Sentido SO - NE (Calzada rápida de tránsito mixto),SECRETARIA DE MOVILIDAD SANTIAGO DE CALI,Municipal,"C14, C24, C26, C29, C32, C35, D02, D04, D07",50,Radar Doppler,Fijo,SAST01,3.477719,-76.517341,,,,,,,,,14/04/2026,30/01/2030
,SOL0000003761,CU000000000623,Operando,MAGDALENA,SANTA MARTA,08/11/2023,TRONCAL DEL CARIBE RUTA 9007 85+030 SENTIDO SANTA MARTA-BARRANQUILLA,SECRETARIA DE MOVILIDAD MULTIMODAL Y SOSTENIBLE - SANTA MARTA,Distrital,"C02, C14, C19, C24, C29, C35, D02",50,Radar Doppler,Fijo,SEPT2,11.178551,-74.229583,,,,,,,,,06/04/2026,07/11/2028
,SOL0000014784,CU000000000755,Operando,ANTIOQUIA,BELLO,18/02/2026,"Avenida Regional PR 01+575 calzada oriental, sentido sur-norte",SECRETARÍA DE MOVILIDAD DE BELLO,Municipal,"C14, C24, C29, C35, D02, D05",60,Radar Doppler,Fijo,REGIONALOR,6.32574929,-75.55203021,,,,,,,,,24/03/2026,17/02/2031
,SOL0000012652,CU000000000490,Operando,BOGOTA D.C,BOGOTA D.C,09/07/2025,CL 63 SUR - CR 97B (E-O),SECRETARIA DISTRITAL DE MOVILIDAD,Distrital,"C14, C24, C29, C35, D02",30,Radar Doppler,Fijo,DEI40CAM02,4.6338746,-74.1984218,,,,,,,,,20/03/2026,08/07/2030
,SOL0000008727,CU000000000956,Operando,VALLE DEL CAUCA,CALI,12/03/2025,carrera 23 - calle 52 sentido ENE - OSO calzada rápida 3 carriles,SECRETARIA DE MOVILIDAD SANTIAGO DE CALI,Municipal,"C14, C24, C29, C32, C35, D02, D04, D07",50,Radar Doppler,Fijo,SAST6A,3.441308,-76.49876,,,,,,,,,19/03/2026,11/03/2030
,SOL0000010146,CU000000000955,Operando,VALLE DEL CAUCA,CALI,12/03/2025,Avenida 2N - Calle 52 N Sentido NNE - SSO,SECRETARIA DE MOVILIDAD SANTIAGO DE CALI,Distrital,"C14, C24, C29, C32, C35, D02, D04, D07",50,Radar Doppler,Fijo,SAST24,3.48175,-76.50954,,,,,,,,,19/03/2026,11/03/2030
,SOL0000008736,CU000000000922,Operando,VALLE DEL CAUCA,CALI,24/02/2025,Carrera 10 - calle 22 Sentido ENE - OSO,SECRETARIA DE MOVILIDAD SANTIAGO DE CALI,Municipal,"C14, C24, C26, C29, C35, D02, D07",30,Radar Doppler,Fijo,SAST15,3.449526,-76.5216,,,,,,,,,19/03/2026,23/02/2030
,SOL0000008725,CU000000000918,Operando,VALLE DEL CAUCA,CALI,21/02/2025,Calle 5 - carrera 50 Sentido N - S,SECRETARIA DE MOVILIDAD SANTIAGO DE CALI,Municipal,"C14, C24, C29, C32, C35, D02, D04, D07",50,Radar Doppler,Fijo,SAST04,3.41612,-76.54848,,,,,,,,,19/03/2026,20/02/2030
,SOL0000008737,CU000000000904,Operando,VALLE DEL CAUCA,CALI,20/02/2025,Carrera 10 - calle 22 Sentido OSO - ENE,SECRETARIA DE MOVILIDAD SANTIAGO DE CALI,Municipal,"C14, C24, C26, C29, C35, D02, D07",30,Radar Doppler,Fijo,SAST16,3.449526,-76.5216,,,,,,,,,19/03/2026,19/02/2030
,SOL0000008733,CU000000000895,Operando,VALLE DEL CAUCA,CALI,14/02/2025,Carrera 23 - calle 44 sentido OSO - ENE,SECRETARIA DE MOVILIDAD SANTIAGO DE CALI,Municipal,"C14, C24, C29, C35, D02, D07",50,Radar Doppler,Fijo,SAST12,3.439952,-76.50181,,,,,,,,,19/03/2026,13/02/2030
,SOL0000010143,CU000000000886,Operando,VALLE DEL CAUCA,CALI,12/02/2025,Carrera 39 - calle 10  Sentido ESE - ONO -  (Calzada del costado izquierdo  2 carriles),SECRETARIA DE MOVILIDAD SANTIAGO DE CALI,Distrital,"C14, C24, C29, C32, C35, D02, D04, D07",50,Radar Doppler,Fijo,SAST21,3.420549,-76.53488,,,,,,,,,19/03/2026,11/02/2030
,SOL0000008731,CU000000000873,Operando,VALLE DEL CAUCA,CALI,05/02/2025,Calle 13  - Diagonal 23 NNO - SSE,SECRETARIA DE MOVILIDAD SANTIAGO DE CALI,Municipal,"C14, C24, C29, C32, C35, D02, D04, D05, D07",50,Radar Doppler,Fijo,SAST10,3.432301,-76.52783,,,,,,,,,19/03/2026,04/02/2030
,SOL0000010152,CU000000000858,Operando,VALLE DEL CAUCA,CALI,03/02/2025,Carrera 15  - calle 34 sentido O - E,SECRETARIA DE MOVILIDAD SANTIAGO DE CALI,Distrital,"C14, C24, C29, C32, C35, D02, D04, D07",50,Radar Doppler,Fijo,SAST30,3.444882,-76.50933,,,,,,,,,19/03/2026,02/02/2030
,SOL0000008728,CU000000000856,Operando,VALLE DEL CAUCA,CALI,03/02/2025,calle 5 carrera 52 sentido S - N,SECRETARIA DE MOVILIDAD SANTIAGO DE CALI,Municipal,"C14, C24, C29, C32, C35, D02, D04, D05, D07",50,Radar Doppler,Fijo,SAST07,3.413753,-76.54805,,,,,,,,,19/03/2026,02/02/2030
,SOL0000010144,CU000000000939,Operando,VALLE DEL CAUCA,CALI,04/03/2025,Carrera 39 -  calle 10 sentido ESE - ONO (Calzada del costado derecho - 3 carriles),SECRETARIA DE MOVILIDAD SANTIAGO DE CALI,Distrital,"C14, C24, C29, C32, C35, D02, D04, D07",50,Radar Doppler,Fijo,SAST22,3.420623,-76.53483,,,,,,,,,17/03/2026,03/03/2030
,SOL0000011224,CU000000000066,Operando,VALLE DEL CAUCA,CALI,26/02/2025,calle 18 - carrera 130  sentido N-S,SECRETARIA DE MOVILIDAD SANTIAGO DE CALI,Distrital,"C14, C24, C29, C35, D02, D05, D07",30,Radar Doppler,Fijo,SAST98,3.3274078,-76.53311,,,,,,,,,17/03/2026,25/02/2030
,SOL0000010161,CU000000000917,Operando,VALLE DEL CAUCA,CALI,21/02/2025,Calle 5 - carrera 17 Sentido S - N,SECRETARIA DE MOVILIDAD SANTIAGO DE CALI,Distrital,"C14, C24, C29, C35, D02, D07",50,Radar Doppler,Fijo,SAST39,3.442572,-76.53664,,,,,,,,,17/03/2026,20/02/2030
,SOL0000010162,CU000000000910,Operando,VALLE DEL CAUCA,CALI,21/02/2025,Calle 5 - carrera 17 Sentido N - S,SECRETARIA DE MOVILIDAD SANTIAGO DE CALI,Distrital,"C14, C24, C29, C35, D02, D07",50,Radar Doppler,Fijo,SAST40,3.442572,-76.53664,,,,,,,,,17/03/2026,20/02/2030
,SOL0000010149,CU000000000898,Operando,VALLE DEL CAUCA,CALI,19/02/2025,Calle 44 - Carrera 8 Sentido NNO - SSE,SECRETARIA DE MOVILIDAD SANTIAGO DE CALI,Distrital,"C14, C24, C29, C32, C35, D02, D04, D07",50,Radar Doppler,Fijo,SAST27,3.453654,-76.505481,,,,,,,,,17/03/2026,18/02/2030
,SOL0000008723,CU000000000869,Operando,VALLE DEL CAUCA,CALI,04/02/2025,Calle 16 - carrera 100 sentido Norte - Sur,SECRETARIA DE MOVILIDAD SANTIAGO DE CALI,Municipal,"C14, C24, C29, C32, C35, D02, D04, D07",50,Radar Doppler,Fijo,SAST02,3.367807,-76.529703,,,,,,,,,17/03/2026,03/02/2030
,SOL0000010155,CU000000000833,Operando,VALLE DEL CAUCA,CALI,28/01/2025,Carrera 8 - Calle 34 Sentido E - O,SECRETARIA DE MOVILIDAD SANTIAGO DE CALI,Distrital,"C14, C24, C29, C32, C35, D02, D04, D07",50,Radar Doppler,Fijo,SAST33,3.454201,-76.511496,,,,,,,,,17/03/2026,27/01/2030
,SOL0000009164,CU000000000320,Operando,VALLE DEL CAUCA,YOTOCO,06/11/2024,VÍA VIJES-MEDIACANOA RUTA 2301 PR 52+000,"SECRETARÍA DE TRÁNSITO, TRANSPORTE Y MOVILIDAD DEL MUNICIPIO DE YOTOCO (VALLE)",Municipal,"C24, C29, C35, D02",60,Radar Doppler,Fijo,YOTOCO647,3.880468,-76.37551,,,,,,,,,17/03/2026,05/11/2029
,SOL0000009162,CU000000000319,Operando,VALLE DEL CAUCA,YOTOCO,05/11/2024,VÍA VIJES-MEDIACANOA RUTA 2301 PR 40+000,"SECRETARÍA DE TRÁNSITO, TRANSPORTE Y MOVILIDAD DEL MUNICIPIO DE YOTOCO (VALLE)",Municipal,"C24, C29, C35, D02",60,Radar Doppler,Fijo,YOTOCO643,3.78653,-76.400066,,,,,,,,,17/03/2026,04/11/2029
,SOL0000009163,CU000000000313,Operando,VALLE DEL CAUCA,YOTOCO,05/11/2024,VÍA VIJES-MEDIACANOA RUTA 2301 PR 44+000,"SECRETARÍA DE TRÁNSITO, TRANSPORTE Y MOVILIDAD DEL MUNICIPIO DE YOTOCO (VALLE)",Municipal,"C24, C29, C35, D02",60,Radar Doppler,Móvil,YOTOCO644,3.814124,-76.392034,,,,,,,,,17/03/2026,04/11/2029
,SOL0000009246,CU000000000324,Operando,MAGDALENA,CIENAGA,18/11/2024,RUTA 9007 KM 72 + 700 N-S,INSTITUTO DE TRANSITO Y TRANSPORTE MUNICIPAL DE CIENAGA,Municipal,"C02, C24, C29, C35, D02, D03, D06, D07",80,Video Detección (Con Analítica de Video),Fijo,FLICKDRUM,11.0707153,-74.2125469,,,,,,,,,20/02/2026,17/11/2029
,SOL0000008662,CU000000000322,Operando,MAGDALENA,CIENAGA,15/10/2024,RUTA 9007 KM 66 + 977 S-N,INSTITUTO DE TRANSITO Y TRANSPORTE MUNICIPAL DE CIENAGA,Municipal,"C02, C24, C29, C35, D02, D03, D06, D07",50,Video Detección (Con Analítica de Video),Fijo,FLICKCORD1,11.022125,-74.208941,,,,,,,,,12/02/2026,14/10/2029
,SOL0000008402,CU000000000326,Operando,MAGDALENA,CIENAGA,10/10/2024,RUTA 9007 KM 66 + 890 N-S,INSTITUTO DE TRANSITO Y TRANSPORTE MUNICIPAL DE CIENAGA,Municipal,"C02, C24, C29, C35, D02, D03, D06, D07",60,Video Detección (Con Analítica de Video),Fijo,FLICKCORD2,11.021902,-74.209471,,,,,,,,,12/02/2026,09/10/2029
,SOL0000014107,CU000000000746,Operando,ANTIOQUIA,BELLO,15/01/2026,Calle 53 # 47 – 77 sentido oriente-occidente,SECRETARÍA DE MOVILIDAD DE BELLO,Municipal,"C14, C24, C29, C35, D02, D04, D05, c32",30,Radar Doppler,Fijo,PRADO2B,6.33705999,-75.55706277,,,,,,,,,09/02/2026,14/01/2031
,SOL0000014104,CU000000000518,Operando,ANTIOQUIA,BELLO,18/12/2025,calle 55 #46-94 SENTIDO ORIENTE - OCCIDENTE,SECRETARÍA DE MOVILIDAD DE BELLO,Municipal,"C14, C24, C29, C35, D02, D03, D04, D05, c32",30,Radar Doppler,Fijo,PRADO1,6.33871,-75.556381,,,,,,,,,09/02/2026,17/12/2030
,SOL0000010842,CU000000000232,Operando,ANTIOQUIA,BELLO,14/02/2025,Calle 24A Carrera 58,SECRETARÍA DE MOVILIDAD DE BELLO,Municipal,"C14, C29, C32, C35, D02, D04",50,Lazo Inductivo de Piso (Espiras),Fijo,Cabanas2,6.31403942,-75.56373247,,,,,,,,,09/02/2026,13/02/2030
,SOL0000009244,CU000000000231,Operando,ANTIOQUIA,BELLO,14/11/2024,Calle 24A Carrera 57A,SECRETARÍA DE MOVILIDAD DE BELLO,Municipal,"C14, C29, C32, C35, D02, D04",50,Lazo Inductivo de Piso (Espiras),Fijo,Cabanas1,6.31406633,-75.56211067,,,,,,,,,09/02/2026,13/11/2029
,SOL0000013626,CU000000000631,Operando,ANTIOQUIA,CALDAS,07/11/2025,"Carrera 50 127 sur 61 carril occidental sentido norte-sur, Zona Centro",SECRETARIA DE MOVILIDAD DE CALDAS ANTIOQUIA,Municipal,"C02, C24, C29, C35, D02, D04, D05, c32",30,Radar Doppler,Fijo,PUNTOCENTR,6.09333236,-75.63620876,,,,,,,,,06/02/2026,06/11/2030
,SOL0000011824,CU000000000472,Operando,BOGOTA D.C,BOGOTA D.C,02/05/2025,AV CR 86 - CL 76 (N-S),SECRETARIA DISTRITAL DE MOVILIDAD,Distrital,"C14, C24, C29, C35, D02",50,Radar Doppler,Fijo,DEI20CAM01,4.7008333,-74.1028524,,,,,,,,,05/02/2026,01/05/2030
,SOL0000011824,CU000000000447,Operando,BOGOTA D.C,BOGOTA D.C,02/05/2025,AV CR 86 - CL 75A (S-N),SECRETARIA DISTRITAL DE MOVILIDAD,Distrital,"C14, C24, C29, C35, D02",50,Radar Doppler,Fijo,DEI20CAM02,4.7003988,-74.102904,,,,,,,,,05/02/2026,01/05/2030
,SOL0000002984,CU000000000179,Operando,ATLANTICO,BARRANQUILLA,21/11/2023,CALLE 98 CON CARRERA 56,SECRETARÍA DISTRITAL DE TRÁNSITO Y SEGURIDAD VIAL - BARRANQUILLA,Distrital,"C02, C14, C29, C35, D02",30,Radar Doppler,Fijo,ATBQS018,11.015761,-74.825178,,,,,,,,,05/02/2026,20/11/2028
,SOL0000013207,CU000000000448,Operando,BOGOTA D.C,BOGOTA D.C,27/08/2025,AV AMÉRICAS - TR 78C (E-O),SECRETARIA DISTRITAL DE MOVILIDAD,Distrital,"C14, C24, C29, C35, D02",50,Radar Doppler,Fijo,DEI24CAM02,4.6330768,-74.1504052,,,,,,,,,02/02/2026,26/08/2030
,SOL0000009704,CU000000000233,Operando,ANTIOQUIA,BELLO,17/12/2024,Carrera 50 Calle 40,SECRETARÍA DE MOVILIDAD DE BELLO,Municipal,"C14, C29, C35, D02, D04",50,Lazo Inductivo de Piso (Espiras),Fijo,Postobon,6.32716042,-75.55795088,,,,,,,,,29/12/2025,16/12/2029
,SOL0000009702,CU000000000234,Operando,ANTIOQUIA,BELLO,29/11/2024,Carrera 50 Calle 38,SECRETARÍA DE MOVILIDAD DE BELLO,Municipal,"C14, C29, C35, D02",50,Lazo Inductivo de Piso (Espiras),Fijo,Fabricato,6.32537499,-75.55760606,,,,,,,,,29/12/2025,28/11/2029
,SOL0000012824,CU000000000604,Operando,NARINO,PASTO,24/07/2025,Calle 12 No. 6 -58  Sentido Sur - Norte,SECRETARIA DE TRANSITO Y TRANSPORTE MUNICIPAL DE PASTO,Municipal,"C02, C14, C24, C29, C32, C35, D02, D04, D05, D07",30,Radar Doppler,Fijo,NARPASTO02,1.196492,-77.27883,,,,,,,,,22/12/2025,23/07/2030
,SOL0000011966,CU000000000724,Operando,ANTIOQUIA,RIONEGRO,19/05/2025,"Vía Fiscalía - Belén, Plan Vial tramo 8, código 05615VS008, Sector Pintuco (sentido NNE - SSO)",SUBSECRETARIA DE MOVILIDAD RIONEGRO,Municipal,"C14, C24, C29, C35, D02",60,Radar Doppler,Fijo,Pintuco,6.17486958,-75.36949945,,,,,,,,,17/12/2025,18/05/2030
,SOL0000011945,CU000000000725,Operando,ANTIOQUIA,RIONEGRO,19/05/2025,Vía Tablazo - Zona Franca Plan Vial tramo 6 Sector Zona  E código 05615VS007 (sentido E-O),SUBSECRETARIA DE MOVILIDAD RIONEGRO,Municipal,"C14, C24, C29, C35, D02",70,Radar Doppler,Fijo,ZonaE2,6.14611243,-75.42629383,,,,,,,,,17/12/2025,18/05/2030
,SOL0000011945,CU000000000726,Operando,ANTIOQUIA,RIONEGRO,19/05/2025,Vía Tablazo - Zona Franca Plan Vial tramo 6 Sector Zona  E código 05615VS007 (sentido O-E),SUBSECRETARIA DE MOVILIDAD RIONEGRO,Municipal,"C14, C24, C29, C35, D02",70,Radar Doppler,Fijo,ZonaE1,6.14611243,-75.42629383,,,,,,,,,17/12/2025,18/05/2030
,SOL0000013206,CU000000000456,Operando,BOGOTA D.C,BOGOTA D.C,12/09/2025,AU. NORTE - CL 175 (S-N),SECRETARIA DISTRITAL DE MOVILIDAD,Distrital,"C02, C14, C24, C29, C35, D02",50,Radar Doppler,Fijo,DEI22CAM03,4.7554641,-74.045385,,,,,,,,,14/11/2025,11/09/2030
,SOL0000013184,CU000000000454,Operando,BOGOTA D.C,BOGOTA D.C,27/08/2025,AV NQS - CL 58A CALZADA LENTA (N-S),SECRETARIA DISTRITAL DE MOVILIDAD,Distrital,"C02, C14, C24, C29, C35, D02",50,Radar Doppler,Fijo,DEI16CAM03,4.648925,-74.078891,,,,,,,,,29/10/2025,26/08/2030
,SOL0000012664,CU000000000484,Operando,BOGOTA D.C,BOGOTA D.C,11/07/2025,AV BOYACÁ - CL 167 (S-N) CR. RAP,SECRETARIA DISTRITAL DE MOVILIDAD,Distrital,"C02, C14, C24, C29, C35, D02",50,Radar Doppler,Fijo,DEI30CAM04,4.7529958,-74.0652903,,,,,,,,,29/10/2025,10/07/2030
,SOL0000004981,CU000000000543,Operando,MAGDALENA,ZONA BANANERA,06/05/2022,VIA NACIONAL RUTA 4518 PR 85 + 600,SECRETARÍA DE TRANSITO Y TRANSPORTE ZONA BANANERA,Municipal,"C24, C29, C35, D02, D06, D07",30,Video Detección (Con Analítica de Video),Móvil,SASTZB01,10.89847,-74.15371,,,,,,,,,27/10/2025,05/05/2027
,SOL0000013524,CU000000000378,Operando,CAUCA,POPAYAN,15/09/2025,Calle 25 con Carrera 9 N0-SE,SECRETARIA DE TRANSITO Y TRANSPORTE MUNICIPAL DE POPAYAN,Municipal,"C14, C24, C32, C35, D02, D04",None,Laser (Lidar) / Infrarrojo,Fijo,SASTCAMPA,2.459615,-76.593479,,,,,,,,,20/10/2025,14/09/2030
,SOL0000013524,CU000000000382,Operando,CAUCA,POPAYAN,15/09/2025,Carrera 9 con Calle 25N  N-S,SECRETARIA DE TRANSITO Y TRANSPORTE MUNICIPAL DE POPAYAN,Municipal,"C14, C24, C29, C32, C35, D02, D04",30,Laser (Lidar) / Infrarrojo,Fijo,SASTSALES,2.459675,-76.593121,,,,,,,,,20/10/2025,14/09/2030
,SOL0000013209,CU000000000384,Operando,BOGOTA D.C,BOGOTA D.C,15/09/2025,AV CR 7 - CL 93A (S-N),SECRETARIA DISTRITAL DE MOVILIDAD,Distrital,"C14, C24, C29, C35, D02",50,Radar Doppler,Fijo,DEI28C02,4.6738595,-74.042357,,,,,,,,,16/10/2025,14/09/2030
,SOL0000013044,CU000000000373,Operando,MAGDALENA,SANTA MARTA,08/08/2025,Av. Ferrocarril con calle 29 sentido Noroeste – Sureste,SECRETARIA DE MOVILIDAD MULTIMODAL Y SOSTENIBLE - SANTA MARTA,Distrital,"C14, C15, C24, C32, C35, C37, D02, D03, D04, D05, D07",None,Video Detección (Con Analítica de Video),Fijo,Punto2,11.23264067,-74.20136441,,,,,,,,,09/10/2025,07/08/2030
,SOL0000012650,CU000000000482,Operando,BOGOTA D.C,BOGOTA D.C,11/07/2025,AU. SUR - CR 75D (O-E),SECRETARIA DISTRITAL DE MOVILIDAD,Distrital,"C02, C14, C24, C29, C35, D02",50,Radar Doppler,Fijo,DEI38CAM01,4.596582,-74.175915,,,,,,,,,08/10/2025,10/07/2030
,SOL0000013207,CU000000000461,Operando,BOGOTA D.C,BOGOTA D.C,27/08/2025,AV AMÉRICAS - CR 78 CALZADA RÁPIDA (O-E),SECRETARIA DISTRITAL DE MOVILIDAD,Distrital,"C14, C24, C29, C35, D02",50,Radar Doppler,Fijo,DEI24CAM01,4.6310022,-74.1453275,,,,,,,,,03/10/2025,26/08/2030
,SOL0000012844,CU000000000359,Operando,SANTANDER,BARRANCABERMEJA,16/07/2025,Diagonal 60 con Calle 63 (Sentido Sur-Norte),INSPECCION DE TRANSITO Y TRANSPORTE DE BARRANCABERMEJA,Municipal,"C03, C14, C24, C32, C35, C37, D02, D03, D04, D05, D07",None,Video Detección (Con Analítica de Video),Fijo,DISP6C,7.07132,-73.84405,,,,,,,,,26/09/2025,15/07/2030
,SOL0000012284,CU000000000345,Operando,SANTANDER,BARRANCABERMEJA,06/06/2025,Calle 52 con Carrera 24 (Occidente-Oriente),INSPECCION DE TRANSITO Y TRANSPORTE DE BARRANCABERMEJA,Municipal,"C03, C14, C24, C32, C35, C37, D02, D03, D04, D05, D07",None,Video Detección (Con Analítica de Video),Fijo,DISP2A,7.06126,-73.85485,,,,,,,,,26/09/2025,05/06/2030
,SOL0000010285,CU000000000083,Operando,ANTIOQUIA,MEDELLIN,03/02/2025,"Av. Regional por Calle 17A Sur calzada oriental, sentido sur - norte",SECRETARIA DE MOVILIDAD DE MEDELLIN,Distrital,"C14, C26, C29, C35, D02",50,Radar Doppler,Fijo,38Tugo,6.188599,-75.582832,,,,,,,,,19/09/2025,02/02/2030
,SOL0000010382,CU000000000100,Operando,ANTIOQUIA,MEDELLIN,05/02/2025,"Av. Regional por Calle 18 calzada occidental, sentido sur - norte",SECRETARIA DE MOVILIDAD DE MEDELLIN,Distrital,"C14, C26, C29, C35, D02",50,Radar Doppler,Fijo,39ServienR,6.220645,-75.576688,,,,,,,,,11/09/2025,04/02/2030
,SOL0000010443,CU000000000116,Operando,ANTIOQUIA,MEDELLIN,28/01/2025,"Autopista Sur por Calle 4 Sur, calzada occidental (vía distribuidora), sentido norte - sur",SECRETARIA DE MOVILIDAD DE MEDELLIN,Distrital,"C14, C26, C29, C35, D02",50,Radar Doppler,Fijo,42Carrefou,6.20217,-75.580056,,,,,,,,,11/09/2025,27/01/2030
,SOL0000010322,CU000000000117,Operando,ANTIOQUIA,MEDELLIN,23/01/2025,"Avenida Regional por Calle 18, calzada oriental, sentido sur - norte",SECRETARIA DE MOVILIDAD DE MEDELLIN,Distrital,"C14, C26, C29, C35, D02",50,Radar Doppler,Fijo,40ServienD,6.220624,-75.576533,,,,,,,,,11/09/2025,22/01/2030
,SOL0000006282,CU000000000602,Operando,MAGDALENA,ZONA BANANERA,25/08/2023,VIA NACIONAL RUTA 4518 PR 81 + 100,SECRETARÍA DE TRANSITO Y TRANSPORTE ZONA BANANERA,Nacional,"C24, C29, C35, D02, D07",80,Video Detección (Con Analítica de Video),Móvil,CHRONOS,10.859882,-74.143127,,,,,,,,,11/09/2025,24/08/2028
,SOL0000012664,CU000000000484,Operando,BOGOTA D.C,BOGOTA D.C,11/07/2025,AV BOYACÁ - CL 168A (S-N) CR. LEN,SECRETARIA DISTRITAL DE MOVILIDAD,Distrital,"C02, C14, C24, C29, C35, D02",50,Radar Doppler,Fijo,DEI30CAM02,4.7529958,-74.0652903,,,,,,,,,05/09/2025,10/07/2030
,SOL0000012684,CU000000000480,Operando,BOGOTA D.C,BOGOTA D.C,09/07/2025,AV BOYACÁ - CL 168 (N-S) CR.RAP,SECRETARIA DISTRITAL DE MOVILIDAD,Distrital,"C02, C14, C24, C29, C35, D02",50,Radar Doppler,Fijo,DEI30CAM03,4.7531106,-74.0653511,,,,,,,,,05/09/2025,08/07/2030
,SOL0000012684,CU000000000480,Operando,BOGOTA D.C,BOGOTA D.C,09/07/2025,AV BOYACÁ - CL 168 (N-S) CR. LEN,SECRETARIA DISTRITAL DE MOVILIDAD,Distrital,"C02, C14, C24, C29, C35, D02",50,Radar Doppler,Fijo,DEI30CAM01,4.7531106,-74.0653511,,,,,,,,,05/09/2025,08/07/2030
,SOL0000011984,CU000000000349,Operando,SANTANDER,BARRANCABERMEJA,16/05/2025,Calle 52 entre la Diagonal 49 y la Diagonal 48. Sentido Oriente-Occidente,INSPECCION DE TRANSITO Y TRANSPORTE DE BARRANCABERMEJA,Municipal,"C03, C14, C24, C32, C35, C37, D02, D03, D04, D05, D07",None,Video Detección (Con Analítica de Video),Fijo,Disp3C,7.06198,-73.85025,,,,,,,,,01/09/2025,15/05/2030
,SOL0000010702,CU000000000331,Operando,SANTANDER,BARRANCABERMEJA,20/02/2025,Carrera 28 con Calle 45 (Sentido Norte-Sur),INSPECCION DE TRANSITO Y TRANSPORTE DE BARRANCABERMEJA,Municipal,"C03, C14, C24, C32, C35, C37, D02, D03, D04, D05, D07",None,Video Detección (Con Analítica de Video),Fijo,Disp10A,7.05668,-73.85049,,,,,,,,,01/09/2025,19/02/2030
,SOL0000010702,CU000000000330,Operando,SANTANDER,BARRANCABERMEJA,20/02/2025,Carrera 28 con Calle 45 (Sentido Sur-Norte),INSPECCION DE TRANSITO Y TRANSPORTE DE BARRANCABERMEJA,Municipal,"C03, C14, C24, C32, C35, C37, D02, D03, D04, D05, D07",None,Video Detección (Con Analítica de Video),Fijo,Disp10B,7.05614,-73.85016,,,,,,,,,01/09/2025,19/02/2030
,SOL0000012964,CU000000000441,Operando,MAGDALENA,SANTA MARTA,06/08/2025,"Calle 22 con Carrera 19, sentido Este - Oeste.",SECRETARIA DE MOVILIDAD MULTIMODAL Y SOSTENIBLE - SANTA MARTA,Distrital,"C15, C24, C32, C35, C37, D02, D03, D04, D05, D07",None,Video Detección (Con Analítica de Video),Fijo,Punto8,11.23648663,-74.19452276,,,,,,,,,28/08/2025,05/08/2030
,SOL0000012904,CU000000000387,Operando,MAGDALENA,SANTA MARTA,01/08/2025,"Avenida Ferrocarril con Calle 15, sentido Noroeste-Sureste",SECRETARIA DE MOVILIDAD MULTIMODAL Y SOSTENIBLE - SANTA MARTA,Distrital,"C15, C24, C32, C35, C37, D02, D03, D04, D05, D07",None,Video Detección (Con Analítica de Video),Fijo,AVFERCLL15,11.24377264,-74.20725455,,,,,,,,,28/08/2025,31/07/2030
,SOL0000012924,CU000000000412,Operando,MAGDALENA,SANTA MARTA,01/08/2025,"Av. Ferrocarril con Carrera 12, sentido Sureste – Noroeste",SECRETARIA DE MOVILIDAD MULTIMODAL Y SOSTENIBLE - SANTA MARTA,Distrital,"C24, C35, C37, D02, D03, D04, D05, D07, c15, c32",None,Video Detección (Con Analítica de Video),Fijo,Punto3,11.23703613,-74.20470978,,,,,,,,,28/08/2025,31/07/2030
,SOL0000013208,CU000000000385,Operando,BOGOTA D.C,BOGOTA D.C,08/08/2025,AV CR 7 - CL 93A (N-S),SECRETARIA DISTRITAL DE MOVILIDAD,Distrital,"C14, C24, C29, C35, D02",50,Radar Doppler,Fijo,DEI28C01,4.673936,-74.042327,,,,,,,,,25/08/2025,07/08/2030
,SOL0000010725,CU000000000020,Operando,ANTIOQUIA,MEDELLIN,06/02/2025,"Carrera 70 por Calle 19 calzada oriental, sentido sur-norte",SECRETARIA DE MOVILIDAD DE MEDELLIN,Distrital,"C14, C29, C32, C35, D02, D04",50,Radar Doppler,Fijo,59JnPablo2,6.222447,-75.591936,,,,,,,,,25/08/2025,05/02/2030
,SOL0000010284,CU000000000118,Operando,ANTIOQUIA,MEDELLIN,04/02/2025,"Calle 44 (vía arteria) por Carrera 53 calzada norte, sentido oriente - occidente",SECRETARIA DE MOVILIDAD DE MEDELLIN,Distrital,"C14, C29, C32, C35, D02, D04",50,Radar Doppler,Fijo,15AlpujaR,6.245455,-75.572454,,,,,,,,,25/08/2025,03/02/2030
,SOL0000010262,CU000000000121,Operando,ANTIOQUIA,MEDELLIN,03/02/2025,"Calle 37 por Carrera 51 calzada sur, sentido occidente - oriente",SECRETARIA DE MOVILIDAD DE MEDELLIN,Distrital,"C14, C29, C32, C35, D02, D04",50,Radar Doppler,Fijo,13Exposici,6.238564,-75.57354,,,,,,,,,25/08/2025,02/02/2030
,SOL0000010768,CU000000000027,Operando,ANTIOQUIA,MEDELLIN,03/02/2025,"Carrera 65 por Calle 80 calzada occidental, norte - sur",SECRETARIA DE MOVILIDAD DE MEDELLIN,Distrital,"C14, C29, C35, D02, D04",50,Radar Doppler,Fijo,56Cementer,6.276721,-75.57347,,,,,,,,,25/08/2025,02/02/2030
,SOL0000010223,CU000000000123,Operando,ANTIOQUIA,MEDELLIN,28/01/2025,"Avenida 80 por carrera 76 calzada occidental, sentido norte - sur",SECRETARIA DE MOVILIDAD DE MEDELLIN,Distrital,"C14, C29, C35, D02, D04",50,Radar Doppler,Fijo,02LaMota,6.219153,-75.599365,,,,,,,,,25/08/2025,27/01/2030
,SOL0000011284,CU000000000913,Operando,NARINO,PASTO,21/02/2025,"Calle 12 No 7 - 97, Sentido Norte - Sur",SECRETARIA DE TRANSITO Y TRANSPORTE MUNICIPAL DE PASTO,Municipal,"C14, C24, C29, C32, C35, D02, D04, D05, D07",30,Radar Doppler,Fijo,NARPASTO01,1.19716,-77.278854,,,,,,,,,15/08/2025,20/02/2030
,SOL0000012464,CU000000000377,Operando,CAUCA,POPAYAN,25/06/2025,TV9 CALLE 3N  SENTIDO S-N,SECRETARIA DE TRANSITO Y TRANSPORTE MUNICIPAL DE POPAYAN,Municipal,"C14, C24, C29, C32, C35, D02",30,Laser (Lidar) / Infrarrojo,Fijo,SASTINEM02,2.4493747,-76.610358,,,,,,,,,14/08/2025,24/06/2030
,SOL0000012652,CU000000000490,Operando,BOGOTA D.C,BOGOTA D.C,09/07/2025,CL 63 SUR - CR 97B (O-E),SECRETARIA DISTRITAL DE MOVILIDAD,Distrital,"C14, C24, C29, C35, D02",30,Radar Doppler,Fijo,DEI40CAM01,4.6338746,-74.1984218,,,,,,,,,12/08/2025,08/07/2030
,SOL0000012625,CU000000000478,Operando,BOGOTA D.C,BOGOTA D.C,08/07/2025,AV CR 10 - CL 18 (S-N),SECRETARIA DISTRITAL DE MOVILIDAD,Distrital,"C14, C24, C29, C32, C35, D02, D04",50,Radar Doppler,Móvil,DEI27CAM01,4.6063832,-74.0739544,,,,,,,,,12/08/2025,07/07/2030
,SOL0000012625,CU000000000475,Operando,BOGOTA D.C,BOGOTA D.C,08/07/2025,AV CR 10 - CL 19 (N-S),SECRETARIA DISTRITAL DE MOVILIDAD,Distrital,"C14, C24, C29, C32, C35, D02, D04",50,Radar Doppler,Fijo,DEI27CAM02,4.6073189,-74.0737605,,,,,,,,,12/08/2025,07/07/2030
,SOL0000012644,CU000000000491,Operando,BOGOTA D.C,BOGOTA D.C,09/07/2025,AV CR 9 - CL 113 (N-S),SECRETARIA DISTRITAL DE MOVILIDAD,Distrital,"C02, C14, C24, C29, C35, D02",50,Radar Doppler,Fijo,DEI34CAM01,4.693124,-74.035219,,,,,,,,,05/08/2025,08/07/2030
,SOL0000011744,CU000000000451,Operando,BOGOTA D.C,BOGOTA D.C,02/05/2025,AU. NORTE - CL 102 A (N-S) C. LEN,SECRETARIA DISTRITAL DE MOVILIDAD,Distrital,"C02, C14, C24, C29, C35, D02",50,Radar Doppler,Fijo,DEI17CAM01,4.6895471,-74.0570401,,,,,,,,,30/07/2025,01/05/2030
,SOL0000012651,CU000000000483,Operando,BOGOTA D.C,BOGOTA D.C,11/07/2025,AV AMÉRICAS - CR 71A (O-E) CR. LEN,SECRETARIA DISTRITAL DE MOVILIDAD,Distrital,"C02, C14, C24, C29, C35, D02",50,Radar Doppler,Fijo,DEI39CAM01,4.6298315,-74.1333406,,,,,,,,,26/07/2025,10/07/2030
,SOL0000012651,CU000000000184,Operando,BOGOTA D.C,BOGOTA D.C,11/07/2025,AV AMÉRICAS - CR 71A (E-O) CR. LEN,SECRETARIA DISTRITAL DE MOVILIDAD,Distrital,"C02, C14, C24, C29, C35, D02",50,Radar Doppler,Fijo,DEI39CAM02,4.6302177,-74.1332612,,,,,,,,,26/07/2025,10/07/2030
,SOL0000012651,CU000000000483,Operando,BOGOTA D.C,BOGOTA D.C,11/07/2025,AV AMÉRICAS - CR 71A (O-E) CR. RAP,SECRETARIA DISTRITAL DE MOVILIDAD,Distrital,"C02, C14, C24, C29, C35, D02",50,Radar Doppler,Fijo,DEI39CAM03,4.6298315,-74.1333406,,,,,,,,,26/07/2025,10/07/2030
,SOL0000012651,CU000000000184,Operando,BOGOTA D.C,BOGOTA D.C,11/07/2025,AV AMÉRICAS - CR 71A (E-O) CR. RAP,SECRETARIA DISTRITAL DE MOVILIDAD,Distrital,"C02, C14, C24, C29, C35, D02",50,Radar Doppler,Fijo,DEI39CAM04,4.6302177,-74.1332612,,,,,,,,,26/07/2025,10/07/2030
,SOL0000012650,CU000000000477,Operando,BOGOTA D.C,BOGOTA D.C,11/07/2025,AU. SUR - CR 75A (E-O),SECRETARIA DISTRITAL DE MOVILIDAD,Distrital,"C02, C14, C24, C29, C35, D02",50,Radar Doppler,Fijo,DEI38CAM02,4.5968541,-74.1748627,,,,,,,,,26/07/2025,10/07/2030
,SOL0000012624,CU000000000474,Operando,BOGOTA D.C,BOGOTA D.C,10/07/2025,AV VILLAVICENCIO - CR 32 (O-E),SECRETARIA DISTRITAL DE MOVILIDAD,Distrital,"C14, C24, C29, C35, D02, D04",50,Radar Doppler,Fijo,DEI26CAM01,4.5708531,-74.14927,,,,,,,,,25/07/2025,09/07/2030
,SOL0000012624,CU000000000500,Operando,BOGOTA D.C,BOGOTA D.C,10/07/2025,AV VILLAVICENCIO - CR 28 (E-O),SECRETARIA DISTRITAL DE MOVILIDAD,Distrital,"C14, C24, C29, C35, D02, D04",50,Radar Doppler,Fijo,DEI26CAM02,4.5706295,-74.1488334,,,,,,,,,25/07/2025,09/07/2030
,SOL0000012646,CU000000000481,Operando,BOGOTA D.C,BOGOTA D.C,09/07/2025,AU. NORTE - CL 127B (N-S) C. LEN,SECRETARIA DISTRITAL DE MOVILIDAD,Distrital,"C02, C14, C24, C29, C35, D02",50,Radar Doppler,Fijo,DEI36CAM01,4.7099376,-74.0536381,,,,,,,,,23/07/2025,08/07/2030
,SOL0000012647,CU000000000486,Operando,BOGOTA D.C,BOGOTA D.C,09/07/2025,AU. NORTE - CL 127B (N-S) C. RAP,SECRETARIA DISTRITAL DE MOVILIDAD,Distrital,"C02, C14, C24, C29, C35, D02",50,Radar Doppler,Fijo,DEI36CAM02,4.7099226,-74.053543,,,,,,,,,23/07/2025,08/07/2030
,SOL0000012628,CU000000000479,Operando,BOGOTA D.C,BOGOTA D.C,01/07/2025,AV CL 80 - CR 114 (O-E) C. RAP,SECRETARIA DISTRITAL DE MOVILIDAD,Distrital,"C02, C14, C24, C29, C35, D02",50,Radar Doppler,Fijo,DEI33CAM03,4.7226273,-74.1220556,,,,,,,,,16/07/2025,30/06/2030
,SOL0000012628,CU000000000479,Operando,BOGOTA D.C,BOGOTA D.C,01/07/2025,AV CL 80 - CR 114 (O-E) C. LEN,SECRETARIA DISTRITAL DE MOVILIDAD,Distrital,"C02, C14, C24, C29, C35, D02",50,Radar Doppler,Fijo,DEI33CAM01,4.7226273,-74.1220556,,,,,,,,,16/07/2025,30/06/2030
,SOL0000012628,CU000000000494,Operando,BOGOTA D.C,BOGOTA D.C,01/07/2025,AV CL 80 - CR 114 (E-O) C. LEN,SECRETARIA DISTRITAL DE MOVILIDAD,Distrital,"C02, C14, C24, C29, C35, D02",50,Radar Doppler,Fijo,DEI33CAM02,4.7226235,-74.1217755,,,,,,,,,16/07/2025,30/06/2030
,SOL0000012628,CU000000000494,Operando,BOGOTA D.C,BOGOTA D.C,01/07/2025,AV CL 80 - CR 114 (E-O) C. RAP,SECRETARIA DISTRITAL DE MOVILIDAD,Distrital,"C02, C14, C24, C29, C35, D02",50,Radar Doppler,Fijo,DEI33CAM04,4.7226235,-74.1217755,,,,,,,,,16/07/2025,30/06/2030
,SOL0000012626,CU000000000503,Operando,BOGOTA D.C,BOGOTA D.C,01/07/2025,AU. NORTE - CL 109 (N-S) C. RAP,SECRETARIA DISTRITAL DE MOVILIDAD,Distrital,"C14, C24, C29, C35, D02",50,Radar Doppler,Fijo,DEI29CAM02,4.696494,-74.055755,,,,,,,,,16/07/2025,30/06/2030
,SOL0000012626,CU000000000485,Operando,BOGOTA D.C,BOGOTA D.C,01/07/2025,AU. NORTE - CL 109 (S-N) C. RAP,SECRETARIA DISTRITAL DE MOVILIDAD,Distrital,"C14, C24, C29, C35, D02",50,Radar Doppler,Fijo,DEI29CAM03,4.696959,-74.05532,,,,,,,,,16/07/2025,30/06/2030
,SOL0000012626,CU000000000496,Operando,BOGOTA D.C,BOGOTA D.C,01/07/2025,AU. NORTE - CL 113 (S-N) C. LEN,SECRETARIA DISTRITAL DE MOVILIDAD,Distrital,"C02, C14, C24, C29, C35, D02",50,Radar Doppler,Fijo,DEI29CAM04,4.697261,-74.055075,,,,,,,,,16/07/2025,30/06/2030
,SOL0000012626,CU000000000492,Operando,BOGOTA D.C,BOGOTA D.C,01/07/2025,AU. NORTE - CL 109 (N-S) C. LEN,SECRETARIA DISTRITAL DE MOVILIDAD,Distrital,"C02, C14, C24, C29, C35, D02",50,Radar Doppler,Fijo,DEI29CAM01,4.696467,-74.055891,,,,,,,,,16/07/2025,30/06/2030
,SOL0000006522,CU000000000255,Operando,ATLANTICO,PUERTO COLOMBIA,21/11/2023,CARRERA 30 CON CALLE 1C,SECRETARIA MUNICIPAL DE TRANSITO Y TRANSPORTE DE PUERTO COLOMBIA,Municipal,"C14, C24, C29, C35, D02",40,Radar Doppler,Fijo,ATPTS002,11.016498,-74.845503,,,,,,,,,16/07/2025,20/11/2028
,SOL0000005325,CU000000000560,Operando,ANTIOQUIA,RIONEGRO,15/09/2022,"Vía Fiscalía - Belén, Plan Vial Tramo 8, sector Pintuco, Código 05615VS008",SUBSECRETARIA DE MOVILIDAD RIONEGRO,Municipal,"C14, C29, C35, D02",60,Radar Doppler,Fijo,PINTUCO1,6.17494984,-75.36917386,,,,,,,,,05/07/2025,14/09/2027
,SOL0000005341,CU000000000559,Operando,ANTIOQUIA,RIONEGRO,13/09/2022,"Vía Transversal 1, tramo Gualanday - Porvenir, sector Arenas y Triturados, Código 05615VA024",SUBSECRETARIA DE MOVILIDAD RIONEGRO,Municipal,"C14, C29, C35, D02",70,Radar Doppler,Fijo,TRANSV1,6.139462,-75.38992689,,,,,,,,,05/07/2025,12/09/2027
,SOL0000005324,CU000000000555,Operando,ANTIOQUIA,RIONEGRO,08/09/2022,"Vía Tranvía-Marinilla, Transversal 49, tramo Glorieta Cuatro Esquinas - Glorieta del Reloj, sector Planta de Tratamiento de Aguas Residuales, Código 05615VS051",SUBSECRETARIA DE MOVILIDAD RIONEGRO,Municipal,"C14, C29, C35, D02",70,Radar Doppler,Fijo,TRANVIA1,6.1631805,-75.36283057,,,,,,,,,05/07/2025,07/09/2027
,SOL0000005324,CU000000000554,Operando,ANTIOQUIA,RIONEGRO,08/09/2022,"Vía Tranvía-Marinilla, Transversal 49, tramo Glorieta Cuatro Esquinas - Glorieta del Reloj, sector Planta de Tratamiento de Aguas Residuales, Código 05615VS051",SUBSECRETARIA DE MOVILIDAD RIONEGRO,Municipal,"C14, C29, C35, D02",70,Radar Doppler,Fijo,TRANVIA2,6.16312669,-75.36278033,,,,,,,,,05/07/2025,07/09/2027
,SOL0000010783,CU000000000086,Operando,ANTIOQUIA,MEDELLIN,27/01/2025,"Calle 50 por Carrera 65 calzada norte, sentido oriente - occidente",SECRETARIA DE MOVILIDAD DE MEDELLIN,Distrital,"C14, C29, C32, C35, D02, D04",50,Radar Doppler,Fijo,21Motomari,6.255948,-75.580725,,,,,,,,,25/06/2025,26/01/2030
,SOL0000012344,CU000000000374,Operando,MAGDALENA,SANTA MARTA,09/06/2025,"Av. Río (Calle 29) con Carrera 19, sentido Este – Oeste",SECRETARIA DE MOVILIDAD MULTIMODAL Y SOSTENIBLE - SANTA MARTA,Distrital,"C24, C35, C37, D02, D03, D04, D05, D07, c15, c32",None,Video Detección (Con Analítica de Video),Fijo,Punto5,11.23206395,-74.19486016,,,,,,,,,18/06/2025,08/06/2030
,SOL0000005261,CU000000000553,Operando,QUINDIO,CALARCA,16/08/2022,PR6+289.69,UNIDAD DE TRANSITO Y TRANSPORTE DE CALARCA QUINDIO,Municipal,C29,40,Laser (Lidar) / Infrarrojo,Fijo,NLGHOSTOV,4.52958392,-75.62851445,,,,,,,,,12/06/2025,15/08/2027
,SOL0000010565,CU000000000143,Operando,BOGOTA D.C,BOGOTA D.C,12/02/2025,AV PRIMERO DE MAYO - AV CR 27,SECRETARIA DISTRITAL DE MOVILIDAD,Distrital,"C03, C14, C24, C31, C32, C35, D02, D05",None,Semi-Automática (Acción Remota),Fijo,Cam72XTS,4.58924,-74.10876,,,,,,,,,04/06/2025,11/02/2030
,SOL0000010944,CU000000000106,Operando,ANTIOQUIA,MEDELLIN,04/02/2025,"Carrera 43 A por Calle 9 calzada oriental, sentido sur - norte",SECRETARIA DE MOVILIDAD DE MEDELLIN,Distrital,"C14, C29, C32, C35, D02, D04",50,Radar Doppler,Móvil,30ParquePo,6.209578,-75.570855,,,,,,,,,30/05/2025,03/02/2030
,SOL0000008743,CU000000000311,Operando,VALLE DEL CAUCA,YUMBO,29/10/2024,CALLE 10 #23-01 SENTIDO SUR-NORTE,SECRETARIA DE TRANSITO Y TRANSPORTE DE YUMBO,Municipal,"C24, C29, C35, D02",50,Radar Doppler,Fijo,YUMBO405,3.526737,-76.514952,,,,,,,,,30/05/2025,28/10/2029
,SOL0000008743,CU000000000310,Operando,VALLE DEL CAUCA,YUMBO,29/10/2024,CALLE 10 #23-01 SENTIDO NORTE-SUR,SECRETARIA DE TRANSITO Y TRANSPORTE DE YUMBO,Municipal,"C24, C29, C35, D02",50,Radar Doppler,Fijo,YUMBO407,3.528172,-76.514495,,,,,,,,,30/05/2025,28/10/2029
,SOL0000008742,CU000000000312,Operando,VALLE DEL CAUCA,YUMBO,28/10/2024,VÍA ANTIGUA CALI-YUMBO (CALLE 10) ENTRE CARRERAS 20 Y 21,SECRETARIA DE TRANSITO Y TRANSPORTE DE YUMBO,Municipal,"C24, C29, C35, D02",50,Radar Doppler,Fijo,YUMBO403,3.554989,-76.501159,,,,,,,,,28/05/2025,27/10/2029
,SOL0000011826,CU000000000449,Operando,BOGOTA D.C,BOGOTA D.C,02/05/2025,AV BOYACÁ - CL 24C (N-S),SECRETARIA DISTRITAL DE MOVILIDAD,Distrital,"C14, C24, C29, C35, D02",50,Radar Doppler,Fijo,DEI23CAM01,4.6642465,-74.1135929,,,,,,,,,26/05/2025,01/05/2030
,SOL0000011826,CU000000000464,Operando,BOGOTA D.C,BOGOTA D.C,02/05/2025,AV BOYACÁ - CL 24C (S-N),SECRETARIA DISTRITAL DE MOVILIDAD,Distrital,"C14, C24, C29, C35, D02",50,Radar Doppler,Fijo,DEI23CAM02,4.6641586,-74.1135719,,,,,,,,,26/05/2025,01/05/2030
,SOL0000012144,CU000000000413,Operando,MAGDALENA,SANTA MARTA,22/05/2025,"Av. Libertador (Carrera 32) con Av. Río (Calle 24a), sentido Sureste - Noroeste.",SECRETARIA DE MOVILIDAD MULTIMODAL Y SOSTENIBLE - SANTA MARTA,Distrital,"C14, C15, C24, C32, C35, C37, D02, D03, D04, D05, D07",None,Video Detección (Con Analítica de Video),Fijo,Punto7,11.23370078,-74.17735951,,,,,,,,,25/05/2025,21/05/2030
,SOL0000011904,CU000000000386,Operando,MAGDALENA,SANTA MARTA,12/05/2025,"Avenida Libertador (Calle 15) con Av. Estudiantes (carrera 12), Sentido Este -Oeste",SECRETARIA DE MOVILIDAD MULTIMODAL Y SOSTENIBLE - SANTA MARTA,Distrital,"C14, C15, C24, C32, C35, C37, D02, D03, D04, D05, D07",None,Video Detección (Con Analítica de Video),Fijo,CLL15KRA12,11.24382509,-74.20357121,,,,,,,,,25/05/2025,11/05/2030
,SOL0000011864,CU000000000391,Operando,MAGDALENA,SANTA MARTA,08/05/2025,"Avenida del Ferrocarril con Calle 29H3, sentido Noroeste - Sureste",SECRETARIA DE MOVILIDAD MULTIMODAL Y SOSTENIBLE - SANTA MARTA,Municipal,"C15, C24, C32, C35, C37, D02, D03, D04, D05, D07",None,Video Detección (Con Analítica de Video),Fijo,Punto1,11.22307598,-74.193516,,,,,,,,,23/05/2025,07/05/2030
,SOL0000010542,CU000000000153,Operando,BOGOTA D.C,BOGOTA D.C,13/02/2025,AV CR 50 - AV CL 24,SECRETARIA DISTRITAL DE MOVILIDAD,Distrital,"C03, C14, C24, C31, C32, C35, D02, D05",None,Semi-Automática (Acción Remota),Fijo,Cam55XTS,4.637755,-74.097472,,,,,,,,,23/05/2025,12/02/2030
,SOL0000010782,CU000000000028,Operando,ANTIOQUIA,MEDELLIN,06/02/2025,"Carrera 70 por Calle 19 calzada occidental, sentido norte - sur",SECRETARIA DE MOVILIDAD DE MEDELLIN,Distrital,"C14, C29, C32, C35, D02, D04",50,Radar Doppler,Fijo,60Aeroparq,6.223103,-75.59194,,,,,,,,,23/05/2025,05/02/2030
,SOL0000010383,CU000000000079,Operando,ANTIOQUIA,MEDELLIN,28/01/2025,"Av. Guayabal (vía arteria) por Calle 17 calzada oriental, sentido sur - norte",SECRETARIA DE MOVILIDAD DE MEDELLIN,Distrital,"C14, C29, C35, D02",50,Radar Doppler,Fijo,45BodegasO,6.22011,-75.580229,,,,,,,,,21/05/2025,27/01/2030
,SOL0000010442,CU000000000113,Operando,ANTIOQUIA,MEDELLIN,28/01/2025,"Avenida Guayabal calzada occidental (vía arteria) por Calle 20 , sentido norte - sur",SECRETARIA DE MOVILIDAD DE MEDELLIN,Distrital,"C14, C29, C35, D02",50,Radar Doppler,Fijo,48Zoologic,6.2224,-75.5796,,,,,,,,,21/05/2025,27/01/2030
,SOL0000010502,CU000000000138,Operando,BOGOTA D.C,BOGOTA D.C,10/02/2025,AV CL 6 - AV CR 27,SECRETARIA DISTRITAL DE MOVILIDAD,Distrital,"C03, C14, C24, C31, C32, C35, D02, D05",None,Semi-Automática (Acción Remota),Fijo,Cam41XTS,4.604479,-74.0953351,,,,,,,,,16/05/2025,09/02/2030
,SOL0000010563,CU000000000158,Operando,BOGOTA D.C,BOGOTA D.C,10/02/2025,AV CL 19 - CR 27,SECRETARIA DISTRITAL DE MOVILIDAD,Distrital,"C03, C14, C24, C31, C32, C35, D02, D05, D07",None,Semi-Automática (Acción Remota),Fijo,Cam46XTS,4.61608,-74.085664,,,,,,,,,16/05/2025,09/02/2030
,SOL0000009862,CU000000000282,Operando,N. DE SANTANDER,LOS PATIOS,23/12/2024,Avenida 10  Calle 52 Ruta Nacional 5505 Sentido Pamplona – Cúcuta,Instituto de Tránsito y Transporte del Municipio de Los Patios,Municipal,"C24, C29, C35, D02",50,Laser (Lidar) / Infrarrojo,Móvil,COMFANORTE,7.858613,-72.5008388,,,,,,,,,15/05/2025,22/12/2029
,SOL0000008143,CU000000000314,Operando,N. DE SANTANDER,LOS PATIOS,06/09/2024,Avenida 10 Urbanización Montebello 2 – Ruta Nacional 5505 Cúcuta – Pamplona,Instituto de Tránsito y Transporte del Municipio de Los Patios,Municipal,"C24, C29, C35, D02",50,Laser (Lidar) / Infrarrojo,Móvil,MONTEBELLO,7.803453,-72.520223,,,,,,,,,15/05/2025,05/09/2029
,SOL0000008086,CU000000000280,Operando,N. DE SANTANDER,LOS PATIOS,06/09/2024,Avenida 10 calle 8 Barrio Pisarreal – Ruta Nacional 5505 Sentido Cúcuta – Pamplona,Instituto de Tránsito y Transporte del Municipio de Los Patios,Municipal,"C24, C29, C35, D02",30,Laser (Lidar) / Infrarrojo,Móvil,PISARREAL,7.808139,-72.517469,,,,,,,,,15/05/2025,05/09/2029
,SOL0000008142,CU000000000281,Operando,N. DE SANTANDER,LOS PATIOS,05/09/2024,Avenida 10 Calle 12 Ruta Nacional 5505 Sentido Cúcuta – Pamplona,Instituto de Tránsito y Transporte del Municipio de Los Patios,Municipal,"C24, C29, C35, D02",40,Laser (Lidar) / Infrarrojo,Móvil,ONCEDENOVI,7.823875,-72.5133388,,,,,,,,,15/05/2025,04/09/2029
,SOL0000008082,CU000000000367,Operando,N. DE SANTANDER,LOS PATIOS,05/09/2024,Avenida 10 Calle 37 Ruta Nacional 5505 Sentido Cúcuta – Pamplona,Instituto de Tránsito y Transporte del Municipio de Los Patios,Municipal,"C24, C35, D02, D04, D07",None,Video Detección (Con Analítica de Video),Fijo,GASROSARIO,7.8460806,-72.506033,,,,,,,,,15/05/2025,04/09/2029
,SOL0000008083,CU000000000368,Operando,N. DE SANTANDER,LOS PATIOS,29/08/2024,Avenida 10 calle 6 Barrio San Nicolás 2 - Ruta Nacional 5505 Sentido Pamplona -Cúcuta,Instituto de Tránsito y Transporte del Municipio de Los Patios,Municipal,"C24, C32, C35, C37, D02, D04, D05, D07, D08",None,Video Detección (Con Analítica de Video),Fijo,HOSPITAL,7.818908,-72.514847,,,,,,,,,15/05/2025,28/08/2029
,SOL0000011804,CU000000000450,Operando,BOGOTA D.C,BOGOTA D.C,02/05/2025,AV NQS - AV CL 72 (N-S),SECRETARIA DISTRITAL DE MOVILIDAD,Distrital,"C14, C24, C29, C35, D02",50,Radar Doppler,Fijo,DEI19CAM01,4.6674681,-74.0739889,,,,,,,,,14/05/2025,01/05/2030
,SOL0000011804,CU000000000459,Operando,BOGOTA D.C,BOGOTA D.C,02/05/2025,AV NQS - AV CL 73 (S-N),SECRETARIA DISTRITAL DE MOVILIDAD,Distrital,"C14, C24, C29, C35, D02",50,Radar Doppler,Fijo,DEI19CAM02,4.6687012,-74.07222,,,,,,,,,14/05/2025,01/05/2030
,SOL0000011068,CU000000000139,Operando,BOGOTA D.C,BOGOTA D.C,25/02/2025,AV BOYACA - AV CL 138,SECRETARIA DISTRITAL DE MOVILIDAD,Distrital,"C03, C14, C24, C31, C32, C35, D02, D05",None,Semi-Automática (Acción Remota),Fijo,Cam18XTS,4.7297939,-74.0686036,,,,,,,,,14/05/2025,24/02/2030
,SOL0000010324,CU000000000089,Operando,ANTIOQUIA,MEDELLIN,03/02/2025,"Carrera 38 por Calle 19 calzada occidental, sentido norte - sur",SECRETARIA DE MOVILIDAD DE MEDELLIN,Distrital,"C14, C29, C35, D02",50,Radar Doppler,Fijo,28LaPalmas,6.222488,-75.565254,,,,,,,,,14/05/2025,02/02/2030
,SOL0000011544,CU000000000430,Operando,BOGOTA D.C,BOGOTA D.C,25/04/2025,AV CIUDAD DE CALI - CL 15A,SECRETARIA DISTRITAL DE MOVILIDAD,Distrital,"C02, C14, C24, C29, C35, D02",50,Radar Doppler,Fijo,DEI11CAM01,4.6570788,-74.1382295,,,,,,,,,13/05/2025,24/04/2030
,SOL0000010364,CU000000000104,Operando,ANTIOQUIA,MEDELLIN,03/02/2025,Carrera 25 por Calle 9A Sur sentido sur - norte,SECRETARIA DE MOVILIDAD DE MEDELLIN,Distrital,"C14, C29, C35, D02",50,Radar Doppler,Fijo,26TrSuperi,6.189708,-75.56084,,,,,,,,,12/05/2025,02/02/2030
,SOL0000010244,CU000000000077,Operando,ANTIOQUIA,MEDELLIN,03/02/2025,"Carrera 22 por Calle 16 calzada sur, sentido norte - sur",SECRETARIA DE MOVILIDAD DE MEDELLIN,Distrital,"C14, C29, C35, D02",50,Radar Doppler,Fijo,08Chuscali,6.215941,-75.552547,,,,,,,,,12/05/2025,02/02/2030
,SOL0000009302,CU000000000510,Operando,ANTIOQUIA,SABANETA,27/11/2024,"AVENIDA LAS VEGAS CARRERA 48 CON CALLE 60 SUR (INTERSECCIÓN, SENTIDO NORTE - SUR).",SECRETARIA DE MOVILIDAD Y TRANSITO DE SABANETA,Municipal,"C14, C29, C35, D02",50,Lazo Inductivo de Piso (Espiras),Fijo,LasVegasNS,6.1581098,-75.60905284,,,,,,,,,09/05/2025,26/11/2029
,SOL0000009304,CU000000000511,Operando,ANTIOQUIA,SABANETA,27/11/2024,"AVENIDA REGIONAL CON CALLE 67 SUR (TRAMO DE VÍA, SENTIDO SUR - NORTE)",SECRETARIA DE MOVILIDAD Y TRANSITO DE SABANETA,Municipal,"C26, C29, C35, D02",60,Radar Doppler,Fijo,REGIONAL,6.15616486,-75.61910641,,,,,,,,,09/05/2025,26/11/2029
,SOL0000009303,CU000000000512,Operando,ANTIOQUIA,SABANETA,26/11/2024,"AVENIDA LAS VEGAS CARRERA 48 CON CALLE 60 SUR (INTERSECCIÓN, SENTIDO SUR - NORTE)",SECRETARIA DE MOVILIDAD Y TRANSITO DE SABANETA,Municipal,"C14, C29, C32, C35, D02, D04",50,Lazo Inductivo de Piso (Espiras),Fijo,LasVegasSN,6.15755483,-75.60962333,,,,,,,,,09/05/2025,25/11/2029
,SOL0000008704,CU000000000133,Operando,BOGOTA D.C,BOGOTA D.C,11/10/2024,AV CR 9 - CL 140,SECRETARIA DISTRITAL DE MOVILIDAD,Distrital,"C03, C14, C24, C31, C32, C35, D02, D05, D07",None,Semi-Automática (Acción Remota),Fijo,Cam14XTS,4.7176777,-74.0323417,,,,,,,,,09/05/2025,10/10/2029
,SOL0000010726,CU000000000087,Operando,ANTIOQUIA,MEDELLIN,23/01/2025,"Calle 57 por Carrera 57, sentido norte - sur (CAI Minorista)",SECRETARIA DE MOVILIDAD DE MEDELLIN,Distrital,"C14, C29, C32, C35, D02, D04",50,Radar Doppler,Fijo,23Minorist,6.258198,-75.572341,,,,,,,,,08/05/2025,22/01/2030
,SOL0000010564,CU000000000137,Operando,BOGOTA D.C,BOGOTA D.C,10/02/2025,AV CR 10 - CL 10,SECRETARIA DISTRITAL DE MOVILIDAD,Distrital,"C03, C14, C24, C31, C32, C35, D02, D05",None,Semi-Automática (Acción Remota),Fijo,Cam43XTS,4.5991717,-74.0785801,,,,,,,,,06/05/2025,09/02/2030
,SOL0000011507,CU000000000423,Operando,BOGOTA D.C,BOGOTA D.C,10/04/2025,AU. NORTE - CL 95 (N-S) C. RAP,SECRETARIA DISTRITAL DE MOVILIDAD,Distrital,"C14, C24, C29, C35, D02",50,Radar Doppler,Fijo,DEI10CAM01,4.6838034,-74.0579204,,,,,,,,,02/05/2025,09/04/2030
,SOL0000011507,CU000000000438,Operando,BOGOTA D.C,BOGOTA D.C,10/04/2025,AU. NORTE - CL 95 (N-S) C. LEN,SECRETARIA DISTRITAL DE MOVILIDAD,Distrital,"C02, C03, C14, C24, C29, C35, D02",50,Radar Doppler,Fijo,DEI10CAM02,4.6836749,-74.0581464,,,,,,,,,02/05/2025,09/04/2030
,SOL0000010543,CU000000000152,Operando,BOGOTA D.C,BOGOTA D.C,06/03/2025,AV NQS - AV CL 3,SECRETARIA DISTRITAL DE MOVILIDAD,Distrital,"C03, C14, C24, C31, C32, C35, D02, D05",None,Semi-Automática (Acción Remota),Fijo,Cam67XTS,4.6033194,-74.1007387,,,,,,,,,02/05/2025,05/03/2030
,SOL0000010742,CU000000000022,Operando,ANTIOQUIA,MEDELLIN,03/02/2025,"Carrera 65 por Calle 25 calzada oriental, sentido sur - norte",SECRETARIA DE MOVILIDAD DE MEDELLIN,Distrital,"C14, C29, C32, C35, D02, D04",50,Radar Doppler,Fijo,54BarrioAn,6.226311,-75.583637,,,,,,,,,02/05/2025,02/02/2030
,SOL0000010902,CU000000000122,Operando,ANTIOQUIA,MEDELLIN,30/01/2025,"Calle 66/Calle 67 por Carrera 45 calzada sur, sentido occidente - oriente",SECRETARIA DE MOVILIDAD DE MEDELLIN,Distrital,"C14, C29, C32, C35, D02, D04",50,Radar Doppler,Fijo,24PalosVer,6.261714,-75.556563,,,,,,,,,02/05/2025,29/01/2030
,SOL0000010002,CU000000000309,Operando,ANTIOQUIA,ITAGUI,27/01/2025,Calle 36 Carrera 65 - Sentido ORIENTE-OCCIDENTE - Separador Central,SECRETARIA DE MOVILIDAD DE ITAGUI,Municipal,"C14, C29, C35, D02",50,Lazo Inductivo de Piso (Espiras),Fijo,DITAIRES1,6.172367,-75.629627,,,,,,,,,02/05/2025,26/01/2030
,SOL0000010002,CU000000000723,Operando,ANTIOQUIA,ITAGUI,27/01/2025,Calle 36 Carrera 65 - Sentido OCCIDENTE - ORIENTE - Separador Central,SECRETARIA DE MOVILIDAD DE ITAGUI,Municipal,"C14, C29, C35, D02",50,Lazo Inductivo de Piso (Espiras),Fijo,DITAIRES2,6.172283,-75.629331,,,,,,,,,02/05/2025,26/01/2030
,SOL0000010064,CU000000000818,Operando,ANTIOQUIA,ITAGUI,23/01/2025,Carrera 52D con Calle 63,SECRETARIA DE MOVILIDAD DE ITAGUI,Municipal,"C14, C29, C35, D02, D04",30,Lazo Inductivo de Piso (Espiras),Fijo,ALDEA,6.18025942,-75.60136398,,,,,,,,,02/05/2025,22/01/2030
,SOL0000011066,CU000000000160,Operando,BOGOTA D.C,BOGOTA D.C,28/02/2025,AU SUR - CR 62A,SECRETARIA DISTRITAL DE MOVILIDAD,Distrital,"C03, C14, C24, C32, C35, D02, D05",None,Semi-Automática (Acción Remota),Fijo,Cam79XTS,4.5954996,-74.1508546,,,,,,,,,30/04/2025,27/02/2030
,SOL0000010282,CU000000000109,Operando,ANTIOQUIA,MEDELLIN,31/01/2025,"Calle 50 por Carrera 65 calzada sur, sentido occidente - oriente",SECRETARIA DE MOVILIDAD DE MEDELLIN,Distrital,"C14, C29, C32, C35, D02, D04",50,Radar Doppler,Fijo,20Sauces,6.256153,-75.581439,,,,,,,,,30/04/2025,30/01/2030
,SOL0000011547,CU000000000421,Operando,BOGOTA D.C,BOGOTA D.C,09/04/2025,AV CIUDAD DE CALI - CL 135A (S-N),SECRETARIA DISTRITAL DE MOVILIDAD,Distrital,"C02, C14, C24, C29, C35, D02",30,Radar Doppler,Fijo,DEI15CAM02,4.738901,-74.0993626,,,,,,,,,29/04/2025,08/04/2030
,SOL0000011547,CU000000000431,Operando,BOGOTA D.C,BOGOTA D.C,09/04/2025,AV CIUDAD DE CALI - CL 135A (N-S),SECRETARIA DISTRITAL DE MOVILIDAD,Distrital,"C14, C24, C29, C35, D02",30,Radar Doppler,Fijo,DEI15CAM01,4.7392318,-74.0993031,,,,,,,,,29/04/2025,08/04/2030
,SOL0000011065,CU000000000157,Operando,BOGOTA D.C,BOGOTA D.C,21/02/2025,AV PRIMERO DE MAYO - CR 6,SECRETARIA DISTRITAL DE MOVILIDAD,Distrital,"C03, C14, C24, C31, C32, C35, D02, D05",None,Semi-Automática (Acción Remota),Fijo,Cam75XTS,4.5725672,-74.0914771,,,,,,,,,29/04/2025,20/02/2030
,SOL0000010568,CU000000000091,Operando,ANTIOQUIA,MEDELLIN,03/02/2025,"Carrera 43A por Calle 31 calzada occidental, sentido norte - sur",SECRETARIA DE MOVILIDAD DE MEDELLIN,Distrital,"C14, C29, C32, C35, D02, D04",50,Radar Doppler,Fijo,29Carneval,6.231547,-75.57006,,,,,,,,,29/04/2025,02/02/2030
,SOL0000010762,CU000000000095,Operando,ANTIOQUIA,MEDELLIN,03/02/2025,"Carrera 45 por Calle 46 calzada oriental, sentido sur - norte",SECRETARIA DE MOVILIDAD DE MEDELLIN,Distrital,"C14, C29, C32, C35, D02, D04",50,Radar Doppler,Fijo,31PaloHuev,6.244673,-75.566521,,,,,,,,,29/04/2025,02/02/2030
,SOL0000010724,CU000000000015,Operando,ANTIOQUIA,MEDELLIN,31/01/2025,"Carrera 65 por Calle 95 calzada occidental, sentido norte - sur",SECRETARIA DE MOVILIDAD DE MEDELLIN,Distrital,"C14, C29, C35, D02",50,Radar Doppler,Fijo,57PqJuanes,6.2897,-75.570145,,,,,,,,,29/04/2025,30/01/2030
,SOL0000010767,CU000000000101,Operando,ANTIOQUIA,MEDELLIN,29/01/2025,"Carrera 52 por Calle 12 Sur calzada oriental, sentido sur - norte",SECRETARIA DE MOVILIDAD DE MEDELLIN,Distrital,"C14, C29, C32, C35, D02, D04",50,Radar Doppler,Fijo,44Guayabal,6.197346,-75.58997,,,,,,,,,29/04/2025,28/01/2030
,SOL0000010744,CU000000000085,Operando,ANTIOQUIA,MEDELLIN,28/01/2025,Carrera 48 por Calle 58 sentido norte - sur,SECRETARIA DE MOVILIDAD DE MEDELLIN,Distrital,"C14, C29, C32, C35, D02, D04",50,Radar Doppler,Fijo,36Turantio,6.255434,-75.562689,,,,,,,,,29/04/2025,27/01/2030
,SOL0000011506,CU000000000422,Operando,BOGOTA D.C,BOGOTA D.C,10/04/2025,AV BOYACÁ - CL 131 (S-N),SECRETARIA DISTRITAL DE MOVILIDAD,Distrital,"C02, C03, C14, C24, C29, C35, D02",50,Radar Doppler,Fijo,DEI09CAM02,4.7226496,-74.0739154,,,,,,,,,28/04/2025,09/04/2030
,SOL0000011506,CU000000000428,Operando,BOGOTA D.C,BOGOTA D.C,10/04/2025,AV BOYACÁ - CL 131 (N-S),SECRETARIA DISTRITAL DE MOVILIDAD,Distrital,"C02, C03, C14, C24, C29, C35, D02",50,Radar Doppler,Fijo,DEI09CAM01,4.722944,-74.0737762,,,,,,,,,28/04/2025,09/04/2030
,SOL0000010283,CU000000000107,Operando,ANTIOQUIA,MEDELLIN,04/02/2025,"Calle 29 por Carrera 44 calzada norte, sentido oriente - occidente",SECRETARIA DE MOVILIDAD DE MEDELLIN,Distrital,"C14, C29, C32, C35, D02, D04",50,Radar Doppler,Fijo,09PremiumP,6.228898,-75.57109,,,,,,,,,28/04/2025,03/02/2030
,SOL0000010384,CU000000000019,Operando,ANTIOQUIA,MEDELLIN,28/01/2025,"Avenida 80 por Calle 76 calzada occidental, sentido norte - sur",SECRETARIA DE MOVILIDAD DE MEDELLIN,Distrital,"C14, C29, C32, C35, D02, D04",50,Radar Doppler,Fijo,64DnMaria,6.277602,-75.589245,,,,,,,,,28/04/2025,27/01/2030
,SOL0000010066,CU000000000383,Operando,ANTIOQUIA,ITAGUI,21/01/2025,Calle 85 con Carrera 48 - Calzada Sentido ORIENTE - OCCIDENTE. Separador Central.,SECRETARIA DE MOVILIDAD DE ITAGUI,Municipal,"C14, C29, C35, D02, D04",40,Radar Doppler,Fijo,MAYORISTA2,6.18950224,-75.58914218,,,,,,,,,28/04/2025,20/01/2030
,SOL0000010066,CU000000000383,Operando,ANTIOQUIA,ITAGUI,21/01/2025,Calle 85 Carrera 48 - Calzada Sentido OCCIDENTE - ORIENTE. Separador Central.,SECRETARIA DE MOVILIDAD DE ITAGUI,Municipal,"C14, C29, C35, D02",40,Radar Doppler,Fijo,MAYORISTA1,6.18950224,-75.58914218,,,,,,,,,28/04/2025,20/01/2030
,SOL0000010065,CU000000000810,Operando,ANTIOQUIA,ITAGUI,21/01/2025,Carrera 49 con Calle 50,SECRETARIA DE MOVILIDAD DE ITAGUI,Municipal,"C14, C29, C35, D02, D04",30,Radar Doppler,Fijo,CENTRO,6.17088222,-75.60959522,,,,,,,,,28/04/2025,20/01/2030
,SOL0000010024,CU000000000315,Operando,ANTIOQUIA,ITAGUI,21/01/2025,Carrera 52 Calle 85,SECRETARIA DE MOVILIDAD DE ITAGUI,Municipal,"C14, C29, C35, D02, D04",30,Lazo Inductivo de Piso (Espiras),Fijo,SANTAMARIA,6.19138515,-75.59242169,,,,,,,,,28/04/2025,20/01/2030
,SOL0000011524,CU000000000417,Operando,BOGOTA D.C,BOGOTA D.C,10/04/2025,AU. NORTE - CL 97 (S-N) C. RAP,SECRETARIA DISTRITAL DE MOVILIDAD,Distrital,"C14, C24, C29, C35, D02",50,Radar Doppler,Fijo,DEI10CAM03,4.6848814,-74.0572744,,,,,,,,,25/04/2025,09/04/2030
,SOL0000011505,CU000000000435,Operando,BOGOTA D.C,BOGOTA D.C,10/04/2025,AV BOSA - CR 78F (O-E),SECRETARIA DISTRITAL DE MOVILIDAD,Distrital,"C02, C03, C14, C24, C29, C35, D02",50,Radar Doppler,Fijo,DEI08CAM01,4.6046766,-74.1800674,,,,,,,,,25/04/2025,09/04/2030
,SOL0000011505,CU000000000429,Operando,BOGOTA D.C,BOGOTA D.C,10/04/2025,AV BOSA - CR 78F (E-O),SECRETARIA DISTRITAL DE MOVILIDAD,Distrital,"C02, C03, C14, C24, C29, C35, D02",50,Radar Doppler,Fijo,DEI08CAM02,4.6046523,-74.179867,,,,,,,,,25/04/2025,09/04/2030
,SOL0000011546,CU000000000416,Operando,BOGOTA D.C,BOGOTA D.C,09/04/2025,AV 1 DE MAYO - CL 45 SUR (S-N),SECRETARIA DISTRITAL DE MOVILIDAD,Distrital,"C14, C24, C29, C35, D02",50,Radar Doppler,Fijo,DEI14CAM01,4.6142834,-74.1647701,,,,,,,,,25/04/2025,08/04/2030
,SOL0000011546,CU000000000432,Operando,BOGOTA D.C,BOGOTA D.C,09/04/2025,AV 1 DE MAYO - CL 45 SUR (N-S),SECRETARIA DISTRITAL DE MOVILIDAD,Distrital,"C14, C24, C29, C35, D02",50,Video Detección (Con Analítica de Video),Fijo,DEI14CAM02,4.6146538,-74.1641424,,,,,,,,,25/04/2025,08/04/2030
,SOL0000011545,CU000000000426,Operando,BOGOTA D.C,BOGOTA D.C,08/04/2025,AV CL 80 - CR 102 (E-O),SECRETARIA DISTRITAL DE MOVILIDAD,Distrital,"C02, C14, C24, C29, C35, D02",50,Radar Doppler,Fijo,DEI13CAM01,4.7118881,-74.1139698,,,,,,,,,25/04/2025,07/04/2030
,SOL0000011545,CU000000000419,Operando,BOGOTA D.C,BOGOTA D.C,08/04/2025,AV CL 80 - CR 102 (O-E),SECRETARIA DISTRITAL DE MOVILIDAD,Distrital,"C02, C14, C24, C29, C35, D02",50,Radar Doppler,Fijo,DEI13CAM02,4.7118981,-74.1142582,,,,,,,,,25/04/2025,07/04/2030
,SOL0000011525,CU000000000434,Operando,BOGOTA D.C,BOGOTA D.C,08/04/2025,AV NQS - CL 22A (N-S),SECRETARIA DISTRITAL DE MOVILIDAD,Distrital,"C02, C14, C24, C29, C35, D02",50,Radar Doppler,Fijo,DEI12CAM01,4.6220364,-74.085309,,,,,,,,,25/04/2025,07/04/2030
,SOL0000011525,CU000000000437,Operando,BOGOTA D.C,BOGOTA D.C,08/04/2025,AV NQS - CL 22A (S-N),SECRETARIA DISTRITAL DE MOVILIDAD,Distrital,"C02, C14, C24, C29, C35, D02",50,Radar Doppler,Fijo,DEI12CAM02,4.6220281,-74.085331,,,,,,,,,25/04/2025,07/04/2030
,SOL0000010663,CU000000000099,Operando,ANTIOQUIA,MEDELLIN,30/01/2025,"Carrera 48 por Calle 16A calzada occidental, sentido norte - sur",SECRETARIA DE MOVILIDAD DE MEDELLIN,Distrital,"C14, C29, C32, C35, D02, D04",50,Radar Doppler,Fijo,34BombEsso,6.218205,-75.575846,,,,,,,,,25/04/2025,29/01/2030
,SOL0000010462,CU000000000078,Operando,ANTIOQUIA,MEDELLIN,29/01/2025,"Calle 10 por Carrera 43F calzada norte, sentido occidente - oriente",SECRETARIA DE MOVILIDAD DE MEDELLIN,Distrital,"C14, C29, C32, C35, D02, D04",50,Radar Doppler,Fijo,05ExitoPob,6.212694,-75.574997,,,,,,,,,25/04/2025,28/01/2030
,SOL0000010566,CU000000000084,Operando,ANTIOQUIA,MEDELLIN,27/01/2025,Calle 10 por Carrera 40 sentido occidente - oriente,SECRETARIA DE MOVILIDAD DE MEDELLIN,Distrital,"C14, C29, C32, C35, D02, D04",50,Radar Doppler,Fijo,04Mondongo,6.209746,-75.568393,,,,,,,,,25/04/2025,26/01/2030
,SOL0000008707,CU000000000150,Operando,BOGOTA D.C,BOGOTA D.C,21/10/2024,AV SUBA - AV CL 127,SECRETARIA DISTRITAL DE MOVILIDAD,Distrital,"C02, C03, C14, C24, C31, C32, C35, D02, D05",None,Semi-Automática (Acción Remota),Fijo,Cam19XTS,4.710785,-74.072038,,,,,,,,,25/04/2025,20/10/2029
,SOL0000010362,CU000000000090,Operando,ANTIOQUIA,MEDELLIN,22/01/2025,"Avenida 80 por Calle 35 calzada occidental, sentido norte - sur",SECRETARIA DE MOVILIDAD DE MEDELLIN,Distrital,"C14, C29, C32, C35, D02, D04",50,Radar Doppler,Fijo,01Quijote,6.243754,-75.602869,,,,,,,,,24/04/2025,21/01/2030
,SOL0000008705,CU000000000162,Operando,BOGOTA D.C,BOGOTA D.C,15/10/2024,AV BOYACA - AV CL 170,SECRETARIA DISTRITAL DE MOVILIDAD,Distrital,"C03, C14, C24, C31, C32, C35, D02, D05",None,Semi-Automática (Acción Remota),Fijo,Cam16XTS,4.760406,-74.066093,,,,,,,,,24/04/2025,14/10/2029
,SOL0000011464,CU000000000991,Operando,BOGOTA D.C,BOGOTA D.C,03/04/2025,AV BOYACÁ - TV 3F (S-N),SECRETARIA DISTRITAL DE MOVILIDAD,Distrital,"C14, C29, C35, D02",50,Radar Doppler,Móvil,DEI042CAM1,4.521499,-74.12328,,,,,,,,,22/04/2025,02/04/2030
,SOL0000011464,CU000000000990,Operando,BOGOTA D.C,BOGOTA D.C,03/04/2025,AV BOYACÁ - TV 3F (N-S),SECRETARIA DISTRITAL DE MOVILIDAD,Distrital,"C14, C29, C35, D02",50,Radar Doppler,Móvil,DEI042CAM2,4.521369,-74.123494,,,,,,,,,22/04/2025,02/04/2030
,SOL0000011504,CU000000000436,Operando,BOGOTA D.C,BOGOTA D.C,08/04/2025,AV BOYACÁ - CL 63D (S-N),SECRETARIA DISTRITAL DE MOVILIDAD,Distrital,"C02, C14, C24, C29, C35, D02",50,Radar Doppler,Fijo,DEI07CAM03,4.6759895,-74.1028857,,,,,,,,,21/04/2025,07/04/2030
,SOL0000008702,CU000000000144,Operando,BOGOTA D.C,BOGOTA D.C,11/10/2024,AV CL 80 - AV CR 24,SECRETARIA DISTRITAL DE MOVILIDAD,Distrital,"C03, C14, C24, C31, C32, C35, D02, D05, D07",None,Semi-Automática (Acción Remota),Fijo,Cam05XTS,4.668898,-74.06329,,,,,,,,,17/04/2025,10/10/2029
,SOL0000011445,CU000000000418,Operando,BOGOTA D.C,BOGOTA D.C,02/04/2025,AV BOYACÁ - CL 52 (S-N),SECRETARIA DISTRITAL DE MOVILIDAD,Distrital,"C14, C24, C29, C35, D02, D04",50,Radar Doppler,Fijo,DEI07CAM01,4.6709057,-74.1069749,,,,,,,,,16/04/2025,01/04/2030
,SOL0000011445,CU000000000425,Operando,BOGOTA D.C,BOGOTA D.C,02/04/2025,AV BOYACÁ - CL 53 (N-S),SECRETARIA DISTRITAL DE MOVILIDAD,Distrital,"C14, C24, C29, C35, D02, D04",50,Radar Doppler,Fijo,DEI07CAM02,4.6717497,-74.1066642,,,,,,,,,16/04/2025,01/04/2030
,SOL0000011444,CU000000000427,Operando,BOGOTA D.C,BOGOTA D.C,28/03/2025,AV BOYACÁ - DG 49 SUR (N-S),SECRETARIA DISTRITAL DE MOVILIDAD,Distrital,"C02, C14, C24, C29, C35, D02",50,Radar Doppler,Fijo,DEI06CAM01,4.5929591,-74.1453568,,,,,,,,,16/04/2025,27/03/2030
,SOL0000011444,CU000000000420,Operando,BOGOTA D.C,BOGOTA D.C,28/03/2025,AV BOYACÁ - DG 49 SUR (S-N),SECRETARIA DISTRITAL DE MOVILIDAD,Distrital,"C02, C14, C24, C29, C35, D02",50,Radar Doppler,Fijo,DEI06CAM02,4.5929597,-74.1453044,,,,,,,,,16/04/2025,27/03/2030
,SOL0000011404,CU000000000409,Operando,BOGOTA D.C,BOGOTA D.C,26/03/2025,CL 139 - CR 131 (E-O),SECRETARIA DISTRITAL DE MOVILIDAD,Distrital,"C14, C29, C35, D02",30,Radar Doppler,Fijo,DEI04CAM1,4.7465304,-74.1123964,,,,,,,,,16/04/2025,25/03/2030
,SOL0000010562,CU000000000146,Operando,BOGOTA D.C,BOGOTA D.C,13/02/2025,AV CR 7 - AV CL 45,SECRETARIA DISTRITAL DE MOVILIDAD,Distrital,"C03, C14, C24, C31, C32, C35, D02, D05",None,Semi-Automática (Acción Remota),Fijo,Cam36XTS,4.6312843,-74.0642522,,,,,,,,,16/04/2025,12/02/2030
,SOL0000010522,CU000000000130,Operando,BOGOTA D.C,BOGOTA D.C,12/02/2025,AV CR 7 - AV CL 92,SECRETARIA DISTRITAL DE MOVILIDAD,Distrital,"C03, C14, C24, C31, C32, C35, D02, D05, D07",None,Semi-Automática (Acción Remota),Fijo,Cam52XTS,4.671427,-74.043795,,,,,,,,,16/04/2025,11/02/2030
,SOL0000008709,CU000000000148,Operando,BOGOTA D.C,BOGOTA D.C,21/10/2024,AV CR 7 - AV CL 63,SECRETARIA DISTRITAL DE MOVILIDAD,Distrital,"C02, C03, C14, C24, C31, C32, C35, D02, D05",None,Semi-Automática (Acción Remota),Fijo,Cam32XTS,4.647979,-74.059831,,,,,,,,,16/04/2025,20/10/2029
,SOL0000008708,CU000000000129,Operando,BOGOTA D.C,BOGOTA D.C,16/10/2024,AV CL 80 - CR 98,SECRETARIA DISTRITAL DE MOVILIDAD,Distrital,"C02, C03, C14, C24, C31, C32, C35, D02, D05",None,Semi-Automática (Acción Remota),Fijo,Cam23XTS,4.708542,-74.110751,,,,,,,,,16/04/2025,15/10/2029
,SOL0000008711,CU000000000147,Operando,BOGOTA D.C,BOGOTA D.C,15/10/2024,AV CR 7 - AV CL 53,SECRETARIA DISTRITAL DE MOVILIDAD,Distrital,"C03, C14, C24, C31, C32, C35, D02, D05",None,Semi-Automática (Acción Remota),Fijo,Cam35XTS,4.639412,-74.062918,,,,,,,,,16/04/2025,14/10/2029
,SOL0000008703,CU000000000142,Operando,BOGOTA D.C,BOGOTA D.C,15/10/2024,AV CR 7 - AV CL 72,SECRETARIA DISTRITAL DE MOVILIDAD,Distrital,"C03, C14, C24, C31, C32, C35, D02, D05",None,Semi-Automática (Acción Remota),Fijo,Cam07XTS,4.655109,-74.055458,,,,,,,,,16/04/2025,14/10/2029
,SOL0000010245,CU000000000120,Operando,ANTIOQUIA,MEDELLIN,03/02/2025,"Carrera 52 por Calle 2 Sur, calzada occidental, sentido norte - sur",SECRETARIA DE MOVILIDAD DE MEDELLIN,Distrital,"C14, C29, C32, C35, D02, D04",50,Radar Doppler,Fijo,47CristoNS,6.207168,-75.58608,,,,,,,,,15/04/2025,02/02/2030
,SOL0000010662,CU000000000010,Operando,ANTIOQUIA,MEDELLIN,31/01/2025,"Avenida 80 por Carrera 65 calzada oriental, sentido sur - norte",SECRETARIA DE MOVILIDAD DE MEDELLIN,Distrital,"C14, C29, C32, C35, D02, D04",50,Radar Doppler,Fijo,53CamposPa,6.207326,-75.589147,,,,,,,,,15/04/2025,30/01/2030
,SOL0000010264,CU000000000111,Operando,ANTIOQUIA,MEDELLIN,29/01/2025,"Calle 30 por Carrera 66B calzada norte, sentido oriente - occidente",SECRETARIA DE MOVILIDAD DE MEDELLIN,Distrital,"C14, C29, C32, C35, D02, D04",50,Radar Doppler,Fijo,10Fatima,6.231884,-75.586986,,,,,,,,,15/04/2025,28/01/2030
,SOL0000010222,CU000000000110,Operando,ANTIOQUIA,MEDELLIN,28/01/2025,"Calle 44 por Carrera 70 calzada sur, sentido occidente - oriente",SECRETARIA DE MOVILIDAD DE MEDELLIN,Distrital,"C14, C29, C32, C35, D02, D04",50,Radar Doppler,Fijo,17Exito70,6.24928,-75.589174,,,,,,,,,15/04/2025,27/01/2030
,SOL0000010682,CU000000000103,Operando,ANTIOQUIA,MEDELLIN,24/01/2025,"Calle 33 por Carrera 76 calzada sur, sentido occidente - oriente",SECRETARIA DE MOVILIDAD DE MEDELLIN,Distrital,"C14, C29, C32, C35, D02, D04",50,Radar Doppler,Fijo,11Almendro,6.238947,-75.597072,,,,,,,,,15/04/2025,23/01/2030
,SOL0000010567,CU000000000025,Operando,ANTIOQUIA,MEDELLIN,23/01/2025,"Avenida 80 por Calle 55 calzada oriental, sentido sur - norte",SECRETARIA DE MOVILIDAD DE MEDELLIN,Distrital,"C14, C29, C32, C35, D02, D04",50,Radar Doppler,Fijo,63Mediterr,6.269188,-75.595306,,,,,,,,,15/04/2025,22/01/2030
,SOL0000010766,CU000000000093,Operando,ANTIOQUIA,MEDELLIN,15/01/2025,"Carrera 52 por Calle 2 Sur calzada oriental, sentido sur - norte",SECRETARIA DE MOVILIDAD DE MEDELLIN,Distrital,"C14, C29, C32, C35, D02, D04",50,Radar Doppler,Fijo,46CristoSN,6.206407,-75.586144,,,,,,,,,15/04/2025,14/01/2030
,SOL0000011406,CU000000000411,Operando,BOGOTA D.C,BOGOTA D.C,21/03/2025,AV BOYACÁ - CL 35 SUR (N-S),SECRETARIA DISTRITAL DE MOVILIDAD,Distrital,"C14, C29, C35, D02",50,Radar Doppler,Fijo,DEI01CAM1,4.6156908,-74.1402801,,,,,,,,,14/04/2025,20/03/2030
,SOL0000011406,CU000000000405,Operando,BOGOTA D.C,BOGOTA D.C,21/03/2025,AV BOYACÁ - CL 35 SUR (S-N),SECRETARIA DISTRITAL DE MOVILIDAD,Distrital,"C14, C29, C35, D02",50,Radar Doppler,Fijo,DEI01CAM2,4.6154227,-74.140276,,,,,,,,,14/04/2025,20/03/2030
,SOL0000011405,CU000000000410,Operando,BOGOTA D.C,BOGOTA D.C,25/03/2025,AV BOYACÁ - CL 5A (N-S),SECRETARIA DISTRITAL DE MOVILIDAD,Distrital,"C14, C24, C29, C35, D02",50,Radar Doppler,Fijo,DEI02CAM1,4.6287962,-74.1379808,,,,,,,,,11/04/2025,24/03/2030
,SOL0000011405,CU000000000403,Operando,BOGOTA D.C,BOGOTA D.C,25/03/2025,AV BOYACÁ - CL 5A (S-N),SECRETARIA DISTRITAL DE MOVILIDAD,Distrital,"C14, C24, C29, C35, D02",50,Radar Doppler,Fijo,DEI02CAM2,4.6286213,-74.1379216,,,,,,,,,11/04/2025,24/03/2030
,SOL0000009062,CU000000000069,Operando,VALLE DEL CAUCA,CALI,28/11/2024,Calle 18 - carrera 122 sentido S - N,SECRETARIA DE MOVILIDAD SANTIAGO DE CALI,Municipal,"C14, C24, C26, C29, C32, C35, D02, D04, D05, D07",50,Radar Doppler,Fijo,SAST95,3.3428313,-76.53096747,,,,,,,,,17/03/2025,27/11/2029
,SOL0000009110,CU000000000037,Operando,VALLE DEL CAUCA,CALI,27/11/2024,Calle 70 - carrera 1B sentido SSE - NNO calzada rápida (calzada del costado occidental),SECRETARIA DE MOVILIDAD SANTIAGO DE CALI,Municipal,"C14, C24, C26, C29, C32, C35, D02, D04, D05, D07",50,Radar Doppler,Fijo,SAST124,3.47918602,-76.48838065,,,,,,,,,17/03/2025,26/11/2029
,SOL0000009108,CU000000000039,Operando,VALLE DEL CAUCA,CALI,22/11/2024,Calle 13 - carrera 50 NNE - SSO,SECRETARIA DE MOVILIDAD SANTIAGO DE CALI,Municipal,"C14, C24, C26, C29, C32, C35, D02, D04, D05, D07",50,Radar Doppler,Fijo,SAST122,3.40931682,-76.53443541,,,,,,,,,17/03/2025,21/11/2029
,SOL0000009105,CU000000000043,Operando,VALLE DEL CAUCA,CALI,19/11/2024,Calle 52 - carrera 1 sentido SSE - NNO,SECRETARIA DE MOVILIDAD SANTIAGO DE CALI,Municipal,"C03, C14, C24, C26, C29, C32, C35, D02, D04, D05, D07",30,Radar Doppler,Fijo,SAST118,3.47562422,-76.50411725,,,,,,,,,17/03/2025,18/11/2029
,SOL0000009109,CU000000000038,Operando,VALLE DEL CAUCA,CALI,19/11/2024,Calle13 - carrera 66 sentido NNE - SSO - carriles del costado occidental,SECRETARIA DE MOVILIDAD SANTIAGO DE CALI,Municipal,"C14, C24, C26, C29, C32, C35, D02, D04, D05, D07",50,Radar Doppler,Fijo,SAST123B,3.39840597,-76.5378339,,,,,,,,,17/03/2025,18/11/2029
,SOL0000009109,CU000000000038,Operando,VALLE DEL CAUCA,CALI,19/11/2024,Calle 13 - carrera 66 sentido NNE - SSO - carriles del costado oriental,SECRETARIA DE MOVILIDAD SANTIAGO DE CALI,Municipal,"C14, C24, C26, C29, C32, C35, D02, D04, D05, D07",50,Radar Doppler,Fijo,SAST123A,3.39840597,-76.5378339,,,,,,,,,17/03/2025,18/11/2029
,SOL0000009104,CU000000000044,Operando,VALLE DEL CAUCA,CALI,19/11/2024,Calle36 - carrera 42B sentido SO - NE Calzada rápida,SECRETARIA DE MOVILIDAD SANTIAGO DE CALI,Municipal,"C14, C24, C26, C29, C32, C35, D02, D04, D05, D07",50,Radar Doppler,Fijo,SAST117,3.41234433,-76.51535818,,,,,,,,,17/03/2025,18/11/2029
,SOL0000009112,CU000000000032,Operando,VALLE DEL CAUCA,CALI,19/11/2024,Calle 70 - carrera 9 Sentido NNE - SSO,SECRETARIA DE MOVILIDAD SANTIAGO DE CALI,Municipal,"C14, C24, C26, C29, C35, D02, D05, D07",50,Radar Doppler,Fijo,SAST126,3.45032257,-76.4877127,,,,,,,,,17/03/2025,18/11/2029
,SOL0000009082,CU000000000034,Operando,VALLE DEL CAUCA,CALI,18/11/2024,Calle 9 - carrera 38 sentido SSO - NNE,SECRETARIA DE MOVILIDAD SANTIAGO DE CALI,Municipal,"C14, C24, C26, C29, C32, C35, D02, D04, D05, D07",30,Radar Doppler,Fijo,SAST135B,3.42242536,-76.53824873,,,,,,,,,17/03/2025,17/11/2029
,SOL0000009082,CU000000000034,Operando,VALLE DEL CAUCA,CALI,18/11/2024,Calle 9 - carrera 38 sentido SSO - NNE,SECRETARIA DE MOVILIDAD SANTIAGO DE CALI,Municipal,"C14, C24, C26, C29, C32, C35, D02, D04, D05, D07",30,Radar Doppler,Fijo,SAST135A,3.42242536,-76.53824873,,,,,,,,,17/03/2025,17/11/2029
,SOL0000009107,CU000000000040,Operando,VALLE DEL CAUCA,CALI,15/11/2024,Carrera 56 - calle 9 sentido ESE - ONO,SECRETARIA DE MOVILIDAD SANTIAGO DE CALI,Municipal,"C14, C24, C26, C29, C32, C35, D02, D04, D05, D07",30,Radar Doppler,Fijo,SAST121,3.40745745,-76.54241927,,,,,,,,,17/03/2025,14/11/2029
,SOL0000009113,CU000000000031,Operando,VALLE DEL CAUCA,CALI,15/11/2024,Carrera 5 - calle 23 Sentido O - E,SECRETARIA DE MOVILIDAD SANTIAGO DE CALI,Municipal,"C03, C14, C24, C26, C29, C32, C35, D02, D04, D05, D07",50,Radar Doppler,Fijo,SAST127,3.4560002,-76.52236547,,,,,,,,,17/03/2025,14/11/2029
,SOL0000009111,CU000000000035,Operando,VALLE DEL CAUCA,CALI,12/11/2024,Calle 13 - carrera  23 Sentido S - N,SECRETARIA DE MOVILIDAD SANTIAGO DE CALI,Municipal,"C14, C24, C26, C29, C32, C35, D02, D04, D05, D07",50,Radar Doppler,Fijo,SAST125,3.43565751,-76.52819923,,,,,,,,,17/03/2025,11/11/2029
,SOL0000008897,CU000000000047,Operando,VALLE DEL CAUCA,CALI,17/10/2024,Calle 25 - Avenida 2AN Sentido  NNO - SSE,SECRETARIA DE MOVILIDAD SANTIAGO DE CALI,Municipal,"C14, C24, C29, C32, C35, D02, D04, D05, D07",50,Radar Doppler,Fijo,SAST131,3.46287358,-76.52197999,,,,,,,,,17/03/2025,16/10/2029
,SOL0000008910,CU000000000036,Operando,VALLE DEL CAUCA,CALI,17/10/2024,Calle 14 - carrera 80 sentido S - N,SECRETARIA DE MOVILIDAD SANTIAGO DE CALI,Municipal,"C03, C14, C24, C26, C29, C32, C35, D02, D04, D05, D07",50,Radar Doppler,Fijo,SAST134,3.38739084,-76.532488,,,,,,,,,17/03/2025,16/10/2029
,SOL0000008894,CU000000000033,Operando,VALLE DEL CAUCA,CALI,15/10/2024,Calle 70 - Avenida 2AN sentido ESE - ONO,SECRETARIA DE MOVILIDAD SANTIAGO DE CALI,Municipal,"C14, C24, C26, C29, C32, C35, D02, D04, D05, D07",50,Radar Doppler,Fijo,SAST130,3.48917593,-76.50556419,,,,,,,,,17/03/2025,14/10/2029
,SOL0000009103,CU000000000048,Operando,VALLE DEL CAUCA,CALI,12/10/2024,Calle 70 - carrera 7MBIS sentido SSO - NNE,SECRETARIA DE MOVILIDAD SANTIAGO DE CALI,Municipal,"C14, C24, C26, C29, C35, D02, D05, D07",50,Radar Doppler,Fijo,SAST116,3.45520276,-76.48484506,,,,,,,,,17/03/2025,11/10/2029
,SOL0000007837,CU000000000051,Operando,VALLE DEL CAUCA,CALI,16/09/2024,Calle 23 - carrera 23 sentido N-S,SECRETARIA DE MOVILIDAD SANTIAGO DE CALI,Municipal,"C03, C14, C24, C26, C29, C32, C35, D02, D04, D05, D07",50,Radar Doppler,Fijo,SAST113A,3.43598837,-76.52004537,,,,,,,,,17/03/2025,15/09/2029
,SOL0000007837,CU000000000051,Operando,VALLE DEL CAUCA,CALI,16/09/2024,Calle 23 - carrera 23 sentido N-S,SECRETARIA DE MOVILIDAD SANTIAGO DE CALI,Municipal,"C03, C14, C24, C26, C29, C32, C35, D02, D04, D05, D07",50,Radar Doppler,Fijo,SAST113B,3.43598837,-76.52004537,,,,,,,,,17/03/2025,15/09/2029
,SOL0000007838,CU000000000050,Operando,VALLE DEL CAUCA,CALI,13/09/2024,Avenida 2 - calle 6 sentido OSO-ENE,SECRETARIA DE MOVILIDAD SANTIAGO DE CALI,Municipal,"C03, C14, C24, C26, C29, C32, C35, D02, D04, D05, D07",50,Radar Doppler,Fijo,SAST114,3.452564,-76.537934,,,,,,,,,17/03/2025,12/09/2029
,SOL0000007835,CU000000000053,Operando,VALLE DEL CAUCA,CALI,12/09/2024,Avenida 6N - calle 26 sentido SSO-NNE,SECRETARIA DE MOVILIDAD SANTIAGO DE CALI,Municipal,"C03, C14, C24, C26, C29, C32, C35, D02, D04, D05, D07",50,Radar Doppler,Fijo,SAST111,3.46785767,-76.52936582,,,,,,,,,17/03/2025,11/09/2029
,SOL0000007829,CU000000000061,Operando,VALLE DEL CAUCA,CALI,10/09/2024,Calle 13 - carrera 100  sentido S-N,SECRETARIA DE MOVILIDAD SANTIAGO DE CALI,Municipal,"C03, C14, C24, C26, C29, C32, C35, D02, D04, D05, D07",50,Radar Doppler,Fijo,SAST104,3.37033488,-76.53712726,,,,,,,,,17/03/2025,09/09/2029
,SOL0000007832,CU000000000057,Operando,VALLE DEL CAUCA,CALI,09/09/2024,Calle 52N - Avenida 3N ONO-ESE,SECRETARIA DE MOVILIDAD SANTIAGO DE CALI,Municipal,"C03, C14, C24, C26, C29, C32, C35, D02, D04, D05, D07",50,Radar Doppler,Fijo,SAST108,3.4839147,-76.5141141,,,,,,,,,17/03/2025,08/09/2029
,SOL0000007833,CU000000000056,Operando,VALLE DEL CAUCA,CALI,04/09/2024,calle 10 - carrera 15 N-S,SECRETARIA DE MOVILIDAD SANTIAGO DE CALI,Municipal,"C14, C24, C26, C29, C32, C35, D02, D04, D05, D07",50,Radar Doppler,Fijo,SAST109,3.44277624,-76.53197493,,,,,,,,,17/03/2025,03/09/2029
,SOL0000007836,CU000000000052,Operando,VALLE DEL CAUCA,CALI,03/09/2024,Calle 70 - Carrera 1A-12 sentido NNO-SSE,SECRETARIA DE MOVILIDAD SANTIAGO DE CALI,Municipal,"C14, C24, C26, C29, C32, C35, D02, D04, D05, D07",50,Radar Doppler,Fijo,SAST112,3.48069643,-76.48940956,,,,,,,,,17/03/2025,02/09/2029
,SOL0000009102,CU000000000049,Operando,VALLE DEL CAUCA,CALI,12/11/2024,Calle 6 - carrera 29 sentido N - S,SECRETARIA DE MOVILIDAD SANTIAGO DE CALI,Municipal,"C14, C24, C26, C29, C32, C35, D02, D04, D05, D07",50,Radar Doppler,Fijo,SAST115B,3.43203963,-76.53883094,,,,,,,,,15/03/2025,11/11/2029
,SOL0000009102,CU000000000049,Operando,VALLE DEL CAUCA,CALI,12/11/2024,Calle 6 - carrera 29 Sentido N - S,SECRETARIA DE MOVILIDAD SANTIAGO DE CALI,Municipal,"C14, C24, C26, C29, C32, C35, D02, D04, D05, D07",50,Radar Doppler,Fijo,SAST115A,3.43203963,-76.53883094,,,,,,,,,15/03/2025,11/11/2029
,SOL0000009042,CU000000000070,Operando,VALLE DEL CAUCA,CALI,12/11/2024,Carrera 46 - calle 36 sentido SE - NO,SECRETARIA DE MOVILIDAD SANTIAGO DE CALI,Municipal,"C14, C24, C26, C29, C32, C35, D02, D04, D05, D07",50,Radar Doppler,Fijo,SAST94,3.40927168,-76.51781271,,,,,,,,,15/03/2025,11/11/2029
,SOL0000009106,CU000000000041,Operando,VALLE DEL CAUCA,CALI,25/10/2024,Carrera 56 - calle 18A Sentido E - O,SECRETARIA DE MOVILIDAD SANTIAGO DE CALI,Municipal,"C14, C24, C26, C29, C32, C35, D02, D04, D05, D07",50,Radar Doppler,Fijo,SAST120,3.40180788,-76.52446973,,,,,,,,,15/03/2025,24/10/2029
,SOL0000008889,CU000000000029,Operando,VALLE DEL CAUCA,CALI,23/10/2024,Avenida 6N - Calle 47 Sentido N - S,SECRETARIA DE MOVILIDAD SANTIAGO DE CALI,Municipal,"C14, C24, C26, C29, C32, C35, D02, D04, D05, D07",50,Radar Doppler,Fijo,SAST129,3.484783,-76.526022,,,,,,,,,15/03/2025,22/10/2029
,SOL0000008900,CU000000000045,Operando,VALLE DEL CAUCA,CALI,16/10/2024,Calle 9 - carrera 50 sentido SSO - NNE calzada oriental,SECRETARIA DE MOVILIDAD SANTIAGO DE CALI,Municipal,"C03, C14, C24, C26, C29, C32, C35, D02, D04, D05, D07",50,Radar Doppler,Fijo,SAST133A,3.41083538,-76.54173929,,,,,,,,,15/03/2025,15/10/2029
,SOL0000007834,CU000000000055,Operando,VALLE DEL CAUCA,CALI,13/09/2024,Calle 10 - carrera 45 sentido SSO-NNE,SECRETARIA DE MOVILIDAD SANTIAGO DE CALI,Municipal,"C14, C24, C26, C29, C35, D02, D07",50,Radar Doppler,Fijo,SAST110,3.414814,-76.537174,,,,,,,,,15/03/2025,12/09/2029
,SOL0000007825,CU000000000067,Operando,VALLE DEL CAUCA,CALI,11/09/2024,Calle 5 - carrera 80 sentido S-N,SECRETARIA DE MOVILIDAD SANTIAGO DE CALI,Municipal,"C03, C14, C24, C26, C29, C32, C35, D02, D04, D05, D07",50,Radar Doppler,Fijo,SAST97,3.38559636,-76.54442151,,,,,,,,,15/03/2025,10/09/2029
,SOL0000007828,CU000000000063,Operando,VALLE DEL CAUCA,CALI,11/09/2024,Calle 10 - carrera 44A  sentido NNE-SSO,SECRETARIA DE MOVILIDAD SANTIAGO DE CALI,Municipal,"C14, C24, C26, C29, C35, D02, D05, D07",50,Radar Doppler,Fijo,SAST101,3.415413,-76.537093,,,,,,,,,15/03/2025,10/09/2029
,SOL0000007831,CU000000000054,Operando,VALLE DEL CAUCA,CALI,10/09/2024,Calle 25 - carrera 73 sentido S-N,SECRETARIA DE MOVILIDAD SANTIAGO DE CALI,Municipal,"C14, C24, C26, C29, C35, D02, D05, D07",50,Radar Doppler,Fijo,SAST107,3.390504,-76.5240686,,,,,,,,,15/03/2025,09/09/2029
,SOL0000007827,CU000000000064,Operando,VALLE DEL CAUCA,CALI,09/09/2024,Calle 14 - carrera 70  sentidoN-S,SECRETARIA DE MOVILIDAD SANTIAGO DE CALI,Municipal,"C03, C14, C24, C26, C29, C32, C35, D02, D04, D05, D07",50,Radar Doppler,Fijo,SAST100,3.39332594,-76.53242501,,,,,,,,,15/03/2025,08/09/2029
,SOL0000007830,CU000000000060,Operando,VALLE DEL CAUCA,CALI,05/09/2024,Calle 7 - carrera 29  sentido S-N,SECRETARIA DE MOVILIDAD SANTIAGO DE CALI,Municipal,"C14, C24, C26, C29, C32, C35, D02, D04, D05, D07",50,Radar Doppler,Fijo,SAST105,3.43143,-76.537631,,,,,,,,,15/03/2025,04/09/2029
,SOL0000007824,CU000000000068,Operando,VALLE DEL CAUCA,CALI,02/09/2024,Carrera 66 - calle 5 sentido O-E,SECRETARIA DE MOVILIDAD SANTIAGO DE CALI,Municipal,"C14, C24, C26, C29, C32, C35, D02, D04, D05, D07",50,Radar Doppler,Fijo,SAST96,3.39815531,-76.54684476,,,,,,,,,15/03/2025,01/09/2029
,SOL0000009505,CU000000000295,Operando,N. DE SANTANDER,CUCUTA,28/02/2025,CALLE 11 ENTRE AV 1 ESTE Y AV 2 ESTE - SALIDA - SENTIDO OESTE A ESTE,Secretaría de tránsito y Transporte de la Alcaldía de San José de Cúcuta,Municipal,"C02, C14, C24, C35, D02, D07",None,Radar Doppler,Fijo,CLL11AV1,7.887065,-72.497558,,,,,,,,,12/03/2025,27/02/2030
,SOL0000011165,CU000000000296,Operando,N. DE SANTANDER,CUCUTA,06/02/2025,"Avenida 6 entre Calle 6 y Calle 5, sentido Norte -Sur",Secretaría de tránsito y Transporte de la Alcaldía de San José de Cúcuta,Municipal,"C02, C03, C14, C24, C35, D02, D07",None,Radar Doppler,Fijo,AV6CLL6R1,7.890956,-72.505649,,,,,,,,,20/02/2025,05/02/2030
,SOL0000009464,CU000000000252,Operando,ATLANTICO,SOLEDAD,03/12/2024,Calle 63 (Avenida Murillo) entre las carreras 14 y 15 . Sentido Sur-Norte,INSTITUTO MUNICIPAL DE TRANSITO Y TRANSPORTE DE SOLEDAD,Municipal,"C14, C24, C29, C32, C35, D02, D04",40,Radar Doppler,Fijo,ATSORS02,10.9106555,-74.7991299,,,,,,,,,07/02/2025,02/12/2029
,SOL0000009262,CU000000000253,Operando,ATLANTICO,SOLEDAD,29/11/2024,Avenida Circunvalar entre las calles 45 y 54. Sentido Este-Oeste,INSTITUTO MUNICIPAL DE TRANSITO Y TRANSPORTE DE SOLEDAD,Municipal,"C14, C24, C29, C35, D02, D05",40,Radar Doppler,Fijo,ATSOS002,10.927281,-74.787766,,,,,,,,,07/02/2025,28/11/2029
,SOL0000009503,CU000000000337,Operando,N. DE SANTANDER,CUCUTA,09/01/2025,"AV La Gran Colombia entre AV Guaimaral y AV 10 Este, calzada Sur, sentido Oeste - Este",Secretaría de tránsito y Transporte de la Alcaldía de San José de Cúcuta,Municipal,"C02, C14, C24, C35, D02, D04, D07",None,Radar Doppler,Fijo,AVGCAVGR1,7.89416,-72.49027,,,,,,,,,24/01/2025,08/01/2030
,SOL0000009202,CU000000000238,Operando,N. DE SANTANDER,CUCUTA,09/01/2025,Calle 7 entre Avenida 5 y Avenida 4,Secretaría de tránsito y Transporte de la Alcaldía de San José de Cúcuta,Municipal,"C02, C03, C14, C24, C32, C35, D02, D04, D07",None,Radar Doppler,Fijo,CLL7AV4R1,7.89008,-72.50387,,,,,,,,,23/01/2025,08/01/2030
,SOL0000009504,CU000000000244,Operando,N. DE SANTANDER,CUCUTA,09/01/2025,Calle 4A (Avenida Kennedy) Con Av. 17 - sentidos este-oeste y oeste-este,Secretaría de tránsito y Transporte de la Alcaldía de San José de Cúcuta,Municipal,"C02, C14, C24, C35, D02, D04, D07",None,Radar Doppler,Fijo,CLL4AAV17,7.90499,-72.51833,,,,,,,,,23/01/2025,08/01/2030
,SOL0000009506,CU000000000267,Operando,N. DE SANTANDER,CUCUTA,30/12/2024,Calle 8 entre Avenida 2 y Avenida 3. Sentido  Este--Oeste,Secretaría de tránsito y Transporte de la Alcaldía de San José de Cúcuta,Municipal,"C02, C14, C24, C32, C35, D02, D04, D07",None,Radar Doppler,Fijo,AV3CLL8R2,7.889301,-72.50188,,,,,,,,,22/01/2025,29/12/2029
,SOL0000009506,CU000000000268,Operando,N. DE SANTANDER,CUCUTA,30/12/2024,Avenida 3 entre Calle 8A y Calle 8.  Sentido Sur Norte.,Secretaría de tránsito y Transporte de la Alcaldía de San José de Cúcuta,Municipal,"C02, C14, C24, C32, C35, D02, D04, D07",None,Radar Doppler,Fijo,AV3CLL8R1,7.88884,-72.50218,,,,,,,,,22/01/2025,29/12/2029
,SOL0000009707,CU000000000241,Operando,N. DE SANTANDER,CUCUTA,23/12/2024,AV. 0 entre calle 1 y calle 1A  - Salida - Sentido Norte a Sur - Calzada Occidental,Secretaría de tránsito y Transporte de la Alcaldía de San José de Cúcuta,Municipal,"C02, C14, C19, C24, C35, D02, D07",None,Radar Doppler,Fijo,AV0CLL1R2,7.908612,-72.517832,,,,,,,,,22/01/2025,22/12/2029
,SOL0000009502,CU000000000271,Operando,N. DE SANTANDER,CUCUTA,19/12/2024,Av.7 entre calle 10 y calle 14 (Captura  Salida Sentido Norte-Sur Costado Occidental),Secretaría de tránsito y Transporte de la Alcaldía de San José de Cúcuta,Municipal,"C14, C24, C35, D02, D04, D07",None,Radar Doppler,Fijo,AV7CLL15R1,7.93337,-72.49795,,,,,,,,,05/01/2025,18/12/2029
,SOL0000009502,CU000000000272,Operando,N. DE SANTANDER,CUCUTA,19/12/2024,Av.7 entre calle 10 y calle 14 (Captura  Salida Sentido Sur-Norte Costado Oriental),Secretaría de tránsito y Transporte de la Alcaldía de San José de Cúcuta,Municipal,"C14, C24, C35, D02, D04, D07",None,Radar Doppler,Fijo,AV7CLL15R2,7.93286,-72.49854,,,,,,,,,05/01/2025,18/12/2029
,SOL0000009182,CU000000000248,Operando,N. DE SANTANDER,CUCUTA,19/12/2024,AV. 0 entre Calle 6 y  Diagonal Santander (Captura  Salida Sentido Norte-Sur Costado Occidental),Secretaría de tránsito y Transporte de la Alcaldía de San José de Cúcuta,Municipal,"C02, C03, C14, C24, C35, D02, D04, D07",None,Radar Doppler,Fijo,AV0DGSR2,7.891276,-72.499015,,,,,,,,,04/01/2025,18/12/2029
,SOL0000009182,CU000000000249,Operando,N. DE SANTANDER,CUCUTA,19/12/2024,AV. 0 entre Calle 8 y  Diagonal Santander (Captura  Salida Sentido Sur-Norte Costado Oriental),Secretaría de tránsito y Transporte de la Alcaldía de San José de Cúcuta,Municipal,"C02, C03, C14, C24, C35, D02, D04, D07",None,Radar Doppler,Fijo,AV0DGSR1,7.890144,-72.498783,,,,,,,,,04/01/2025,18/12/2029
,SOL0000008325,CU000000000287,Operando,N. DE SANTANDER,CUCUTA,17/12/2024,"AV 0 entre Calle 2 Norte y Calle 1A Norte, calzada oriental, con captura de SALIDA, sentido Sur - Norte",Secretaría de tránsito y Transporte de la Alcaldía de San José de Cúcuta,Municipal,"C02, C14, C24, C35, D02, D04",None,Radar Doppler,Fijo,AV0CLL3NR1,7.89991,-72.50063,,,,,,,,,04/01/2025,16/12/2029
,SOL0000008325,CU000000000288,Operando,N. DE SANTANDER,CUCUTA,17/12/2024,"AV 0 entre Calle 2 Norte y Calle 3 Norte, calzada occidental, con captura de SALIDA, sentido Norte - Sur",Secretaría de tránsito y Transporte de la Alcaldía de San José de Cúcuta,Municipal,"C02, C14, C24, C35, D02, D04",None,Radar Doppler,Fijo,AV0CLL3NR2,7.90063,-72.50076,,,,,,,,,04/01/2025,16/12/2029
,SOL0000007962,CU000000000704,Operando,ATLANTICO,SOLEDAD,10/09/2024,"Avenida Circunvalar, entre la Avenida el Platanal y la Diagonal 46C",INSTITUTO MUNICIPAL DE TRANSITO Y TRANSPORTE DE SOLEDAD,Municipal,"C02, C14, C24, C29, C35, D02, D05",40,Radar Doppler,Fijo,ATSOS005,10.927127,-74.7874,,,,,,,,,30/12/2024,09/09/2029
,SOL0000008422,CU000000000247,Operando,N. DE SANTANDER,CUCUTA,26/09/2024,AV. 7 entre calle 1 y calle 2,Secretaría de tránsito y Transporte de la Alcaldía de San José de Cúcuta,Municipal,"C02, C14, C19, C24, C35, D02, D07",None,Radar Doppler,Fijo,AV7CLL1,7.895079,-72.507485,,,,,,,,,23/12/2024,25/09/2029
,SOL0000002994,CU000000000208,Operando,ATLANTICO,BARRANQUILLA,11/10/2023,CARRERA 15 CON CALLE 21,SECRETARÍA DISTRITAL DE TRÁNSITO Y SEGURIDAD VIAL - BARRANQUILLA,Distrital,"C02, C14, C24, C29, C35, D02",40,Radar Doppler,Fijo,ATBQS026,10.95356,-74.77608,,,,,,,,,22/11/2024,10/10/2028
,SOL0000007722,CU000000000214,Operando,ATLANTICO,BARRANQUILLA,09/07/2024,CALLE 84 ENTRE CARRERAS 59 Y 59B,SECRETARÍA DISTRITAL DE TRÁNSITO Y SEGURIDAD VIAL - BARRANQUILLA,Distrital,"C14, C24, C29, C35, D02",30,Radar Doppler,Fijo,ATBQS009,11.011149,-74.811503,,,,,,,,,21/11/2024,08/07/2029
,SOL0000007723,CU000000000190,Operando,ATLANTICO,BARRANQUILLA,09/07/2024,VIA 40 CON CALLE 73,SECRETARÍA DISTRITAL DE TRÁNSITO Y SEGURIDAD VIAL - BARRANQUILLA,Distrital,"C02, C14, C24, C29, C35, D02",60,Radar Doppler,Fijo,ATBQS008,11.012087,-74.792584,,,,,,,,,21/11/2024,08/07/2029
,SOL0000003021,CU000000000207,Operando,ATLANTICO,BARRANQUILLA,13/10/2023,Avenida Circunvalar (calle 110) entre Carreras 9G y 12 Sentido Sur a Norte,SECRETARÍA DISTRITAL DE TRÁNSITO Y SEGURIDAD VIAL - BARRANQUILLA,Distrital,"C14, C24, C29, C35, D02",60,Radar Doppler,Fijo,ATBQS015,10.962715,-74.837939,,,,,,,,,20/11/2024,12/10/2028
,SOL0000000259,CU000000000177,Operando,ATLANTICO,BARRANQUILLA,21/11/2023,CALLE 70 CON CARRERA 46,SECRETARÍA DISTRITAL DE TRÁNSITO Y SEGURIDAD VIAL - BARRANQUILLA,Municipal,"C02, C03, C14, C24, C35, D02",None,Video Detección (Con Analítica de Video),Fijo,BLOQCAM2,10.993265,-74.803406,,,,,,,,,18/11/2024,20/11/2028
,SOL0000006642,CU000000000176,Operando,ATLANTICO,BARRANQUILLA,21/11/2023,CALLE 34 CON CARRERA 45,SECRETARÍA DISTRITAL DE TRÁNSITO Y SEGURIDAD VIAL - BARRANQUILLA,Distrital,"C02, C03, C14, C24, C35, D02",None,Video Detección (Con Analítica de Video),Fijo,BLOQCAM1,10.983913,-74.777593,,,,,,,,,18/11/2024,20/11/2028
,SOL0000000246,CU000000000169,Operando,ATLANTICO,BARRANQUILLA,17/11/2023,CALLE 72 CON CARRERA 44,SECRETARÍA DISTRITAL DE TRÁNSITO Y SEGURIDAD VIAL - BARRANQUILLA,Distrital,"C03, C14, C24, C35, D02",None,Video Detección (Con Analítica de Video),Fijo,BLOQCAM7,10.992709,-74.806507,,,,,,,,,18/11/2024,16/11/2028
,SOL0000003022,CU000000000170,Operando,ATLANTICO,BARRANQUILLA,17/10/2023,Calle 45 Con Carrera 21 sentido Sur-Norte,SECRETARÍA DISTRITAL DE TRÁNSITO Y SEGURIDAD VIAL - BARRANQUILLA,Distrital,"C.32, C14, C29, C35, D02, D04",40,Radar Doppler,Fijo,ATBQRS07,10.961337,-74.793367,,,,,,,,,18/11/2024,16/10/2028
,SOL0000003021,CU000000000327,Operando,ATLANTICO,BARRANQUILLA,13/10/2023,Avenida Circunvalar (calle 110) entre Carreras 9G y 12 Sentido Norte a Sur,SECRETARÍA DISTRITAL DE TRÁNSITO Y SEGURIDAD VIAL - BARRANQUILLA,Distrital,"C14, C24, C29, C35, D02",60,Radar Doppler,Fijo,ATBQS022,10.962574,-74.83808,,,,,,,,,18/11/2024,12/10/2028
,SOL0000006383,CU000000000188,Operando,ATLANTICO,BARRANQUILLA,12/09/2023,CALLE 45 CON CARRERA 1,SECRETARÍA DISTRITAL DE TRÁNSITO Y SEGURIDAD VIAL - BARRANQUILLA,Distrital,"C02, C14, C29, C32, C35, D02, D04",40,Radar Doppler,Fijo,ATBQRS03,10.929628,-74.799141,,,,,,,,,18/11/2024,11/09/2028
,SOL0000002995,CU000000000216,Operando,ATLANTICO,BARRANQUILLA,06/10/2023,VÍA 11 CON CARRERA 8,SECRETARÍA DISTRITAL DE TRÁNSITO Y SEGURIDAD VIAL - BARRANQUILLA,Distrital,"C14, C24, C29, C35, D02",30,Radar Doppler,Fijo,ATBQS017,10.95749,-74.89345,,,,,,,,,14/11/2024,05/10/2028
,SOL0000003024,CU000000000212,Operando,ATLANTICO,BARRANQUILLA,06/10/2023,Carrera 46 con calle 100,SECRETARÍA DISTRITAL DE TRÁNSITO Y SEGURIDAD VIAL - BARRANQUILLA,Distrital,"C14, C29, C32, C35, D02, D04",50,Radar Doppler,Fijo,ATBQRS05,11.007962,-74.833542,,,,,,,,,14/11/2024,05/10/2028
,SOL0000006421,CU000000000211,Operando,ATLANTICO,BARRANQUILLA,13/09/2023,Carrera 53 entre Calle 104 y 106,SECRETARÍA DISTRITAL DE TRÁNSITO Y SEGURIDAD VIAL - BARRANQUILLA,Distrital,"C14, C24, C29, C32, C35, D02, D04",60,Radar Doppler,Fijo,ATBQS021,11.01742,-74.83438,,,,,,,,,14/11/2024,12/09/2028
,SOL0000000260,CU000000000164,Operando,ATLANTICO,BARRANQUILLA,08/11/2023,CALLE 61 CON CARRERA 35,SECRETARÍA DISTRITAL DE TRÁNSITO Y SEGURIDAD VIAL - BARRANQUILLA,Distrital,"C14, C24, C29, C35, D02",30,Radar Doppler,Fijo,ATBQS012,10.980883,-74.800441,,,,,,,,,13/11/2024,07/11/2028
,SOL0000003025,CU000000000186,Operando,ATLANTICO,BARRANQUILLA,11/10/2023,Calle 76 # 38C-100,SECRETARÍA DISTRITAL DE TRÁNSITO Y SEGURIDAD VIAL - BARRANQUILLA,Distrital,"C02, C14, C29, C35, D02",30,Radar Doppler,Fijo,ATBQS005,10.98943,-74.81432,,,,,,,,,07/11/2024,10/10/2028
,SOL0000003030,CU000000000180,Operando,ATLANTICO,BARRANQUILLA,13/09/2023,CALLE 45B CON CARRERA 14,SECRETARÍA DISTRITAL DE TRÁNSITO Y SEGURIDAD VIAL - BARRANQUILLA,Distrital,"C03, C14, C35, D02",None,Video Detección (Con Analítica de Video),Fijo,BLOQCAM4,10.95467,-74.79734,,,,,,,,,06/11/2024,12/09/2028
,SOL0000006381,CU000000000166,Operando,ATLANTICO,BARRANQUILLA,13/09/2023,CARRERA 6 CON CALLE 72,SECRETARÍA DISTRITAL DE TRÁNSITO Y SEGURIDAD VIAL - BARRANQUILLA,Distrital,"C02, C14, C24, C29, C35, D02",30,Radar Doppler,Fijo,ATBQS016,10.947489,-74.816219,,,,,,,,,06/11/2024,12/09/2028
,SOL0000006382,CU000000000191,Operando,ATLANTICO,BARRANQUILLA,13/09/2023,CARRERA 51B CON CALLE 79,SECRETARÍA DISTRITAL DE TRÁNSITO Y SEGURIDAD VIAL - BARRANQUILLA,Distrital,"C02, C14, C24, C29, C35, D02",40,Radar Doppler,Fijo,ATBQS006,11.003194,-74.810549,,,,,,,,,06/11/2024,12/09/2028
,SOL0000000501,CU000000000183,Operando,ATLANTICO,BARRANQUILLA,21/11/2023,CARRERA 51B CON CALLE 103,SECRETARÍA DISTRITAL DE TRÁNSITO Y SEGURIDAD VIAL - BARRANQUILLA,Distrital,"C14, C24, C29, C35, D02",50,Radar Doppler,Fijo,ATBQS004,11.01316,-74.833918,,,,,,,,,31/10/2024,20/11/2028
,SOL0000002987,CU000000000173,Operando,ATLANTICO,BARRANQUILLA,21/11/2023,CALLE 19 CON CARRERA 4C,SECRETARÍA DISTRITAL DE TRÁNSITO Y SEGURIDAD VIAL - BARRANQUILLA,Distrital,"C02, C14, C24, C29, C35, D02",40,Radar Doppler,Fijo,ATBQS011,10.942523,-74.77771,,,,,,,,,31/10/2024,20/11/2028
,SOL0000002987,CU000000000172,Operando,ATLANTICO,BARRANQUILLA,21/11/2023,CALLE 19 CON CARRERA 3D,SECRETARÍA DISTRITAL DE TRÁNSITO Y SEGURIDAD VIAL - BARRANQUILLA,Distrital,"C02, C14, C24, C29, C35, D02",40,Radar Doppler,Fijo,ATBQS010,10.940178,-74.778454,,,,,,,,,31/10/2024,20/11/2028
,SOL0000003022,CU000000000189,Operando,ATLANTICO,BARRANQUILLA,17/10/2023,Calle 45 Con Carrera 21 sentido Norte-Sur,SECRETARÍA DISTRITAL DE TRÁNSITO Y SEGURIDAD VIAL - BARRANQUILLA,Distrital,"C.32, C14, C29, C35, D02, D04",40,Radar Doppler,Fijo,ATBQRS06,10.962123,-74.793078,,,,,,,,,31/10/2024,16/10/2028
,SOL0000002993,CU000000000215,Operando,ATLANTICO,BARRANQUILLA,13/10/2023,CALLE 94 ENTRE CARRERAS 57 Y 58,SECRETARÍA DISTRITAL DE TRÁNSITO Y SEGURIDAD VIAL - BARRANQUILLA,Distrital,"C02, C03, C14, C24, C29, C35, D02",40,Radar Doppler,Fijo,ATBQS025,11.015515,-74.82077,,,,,,,,,31/10/2024,12/10/2028
,SOL0000006361,CU000000000219,Operando,ATLANTICO,BARRANQUILLA,14/09/2023,Calle 30 Con Carrera 6B,SECRETARÍA DISTRITAL DE TRÁNSITO Y SEGURIDAD VIAL - BARRANQUILLA,Distrital,"C14, C24, C29, C35, D02",30,Radar Doppler,Fijo,ATBQS024,10.942752,-74.783563,,,,,,,,,31/10/2024,13/09/2028
,SOL0000006341,CU000000000171,Operando,ATLANTICO,BARRANQUILLA,13/09/2023,CALLE 30 CON CARRERA 8,SECRETARÍA DISTRITAL DE TRÁNSITO Y SEGURIDAD VIAL - BARRANQUILLA,Distrital,"C02, C14, C29, C32, C35, D04",40,Radar Doppler,Fijo,ATBQRS04,10.946669,-74.784576,,,,,,,,,31/10/2024,12/09/2028
,SOL0000006862,CU000000000678,Operando,CALDAS,MANIZALES,25/01/2024,Calle 55 por carrera 25,SECRETARIA DE MOVILIDAD DE MANIZALES,Municipal,"C14, C24, C29, C35, D02, D04",30,Radar Doppler,Fijo,SAST5B,5.060804,-75.494956,,,,,,,,,29/10/2024,24/01/2029
,SOL0000006862,CU000000000677,Operando,CALDAS,MANIZALES,25/01/2024,Carrera 25 entre las calles 54 y 55,SECRETARIA DE MOVILIDAD DE MANIZALES,Municipal,"C14, C24, C29, C35, D02, D04",40,Radar Doppler,Fijo,SAST5A,5.060539,-75.495651,,,,,,,,,29/10/2024,24/01/2029
,SOL0000006843,CU000000000674,Operando,CALDAS,MANIZALES,27/12/2023,Carrera 22 por calle 14,SECRETARIA DE MOVILIDAD DE MANIZALES,Municipal,"C14, C29, C35, D02",30,Radar Doppler,Fijo,SAST12A,5.067466,-75.523029,,,,,,,,,29/10/2024,26/12/2028
,SOL0000006863,CU000000000673,Operando,CALDAS,MANIZALES,22/12/2023,"Calle 10 entre las carreras 24 y 27, en el separador, sentido norte-sur",SECRETARIA DE MOVILIDAD DE MANIZALES,Municipal,"C14, C24, C29, C35, D02",50,Radar Doppler,Fijo,SAST19A,5.065779,-75.524897,,,,,,,,,29/10/2024,21/12/2028
,SOL0000006863,CU000000000672,Operando,CALDAS,MANIZALES,22/12/2023,"Calle 10 entre carreras 24 y 27, separador central, sentido sur-norte",SECRETARIA DE MOVILIDAD DE MANIZALES,Municipal,"C14, C24, C29, C35, D02",50,Radar Doppler,Fijo,SAST19B,5.065282,-75.525089,,,,,,,,,29/10/2024,21/12/2028
,SOL0000006865,CU000000000671,Operando,CALDAS,MANIZALES,22/12/2023,"Carrera 25 por calle 67, en la acera, detección en sentido occidente-oriente",SECRETARIA DE MOVILIDAD DE MANIZALES,Municipal,"C14, C24, C29, C35, D02, D04",50,Radar Doppler,Fijo,SAST21B,5.053477,-75.487523,,,,,,,,,29/10/2024,21/12/2028
,SOL0000006865,CU000000000670,Operando,CALDAS,MANIZALES,22/12/2023,"Carrera 25 por calle 67, en el separador central, detección en sentido oriente-occidente",SECRETARIA DE MOVILIDAD DE MANIZALES,Municipal,"C14, C24, C29, C35, D02, D04",50,Radar Doppler,Fijo,SAST21A,5.053142,-75.486897,,,,,,,,,29/10/2024,21/12/2028
,SOL0000006861,CU000000000667,Operando,CALDAS,MANIZALES,15/12/2023,Carrera 18 por calle 64A,SECRETARIA DE MOVILIDAD DE MANIZALES,Municipal,"C14, C24, C29, C35, D02, D04",30,Radar Doppler,Fijo,SAST4A,5.058388,-75.483147,,,,,,,,,29/10/2024,14/12/2028
,SOL0000006841,CU000000000666,Operando,CALDAS,MANIZALES,13/12/2023,Carrera 22 por calle 20,SECRETARIA DE MOVILIDAD DE MANIZALES,Municipal,"C14, C29, C35, D02, D04",30,Radar Doppler,Fijo,SAST10A,5.06771843,-75.5186354,,,,,,,,,29/10/2024,12/12/2028
,SOL0000006842,CU000000000665,Operando,CALDAS,MANIZALES,13/12/2023,Carrera 25 entre la calle 35 y la calle 37A (cerca a la calle 35),SECRETARIA DE MOVILIDAD DE MANIZALES,Municipal,"C14, C24, C29, C35, D02",50,Radar Doppler,Fijo,SAST11B,5.06644731,-75.5088119,,,,,,,,,29/10/2024,12/12/2028
,SOL0000006842,CU000000000664,Operando,CALDAS,MANIZALES,13/12/2023,Carrera 25 entre la calle 35 y la calle 37A (cerca a la calle 36),SECRETARIA DE MOVILIDAD DE MANIZALES,Municipal,"C14, C24, C29, C35, D02",50,Radar Doppler,Fijo,SAST11A,5.06617023,-75.5083105,,,,,,,,,29/10/2024,12/12/2028
,SOL0000006844,CU000000000662,Operando,CALDAS,MANIZALES,05/12/2023,Carrera 18 por calle 31,SECRETARIA DE MOVILIDAD DE MANIZALES,Municipal,"C14, C29, C35, D02",30,Radar Doppler,Fijo,SAST13A,5.0708252,-75.5113468,,,,,,,,,29/10/2024,04/12/2028
,SOL0000006744,CU000000000660,Operando,CALDAS,MANIZALES,04/12/2023,Calle 48 por KR 36,SECRETARIA DE MOVILIDAD DE MANIZALES,Municipal,"C14, C24, C29, C35, D02, D04",None,Radar Doppler,Fijo,SAST8A,5.05889232,-75.5085647,,,,,,,,,29/10/2024,03/12/2028
,SOL0000006741,CU000000000658,Operando,CALDAS,MANIZALES,01/12/2023,KR 23 X calle 51,SECRETARIA DE MOVILIDAD DE MANIZALES,Municipal,"C14, C29, C35, D02, D04",30,Radar Doppler,Fijo,SAST2B,5.0641378,-75.4975378,,,,,,,,,29/10/2024,30/11/2028
,SOL0000006741,CU000000000657,Operando,CALDAS,MANIZALES,01/12/2023,KR 23 X calle 51,SECRETARIA DE MOVILIDAD DE MANIZALES,Municipal,"C14, C29, C35, D02, D04",30,Radar Doppler,Fijo,SAST2A,5.06407708,-75.4981555,,,,,,,,,29/10/2024,30/11/2028
,SOL0000006721,CU000000000656,Operando,CALDAS,MANIZALES,01/12/2023,KR 23 X calle 58,SECRETARIA DE MOVILIDAD DE MANIZALES,Municipal,"C14, C29, C35, D02, D04",30,Radar Doppler,Fijo,SAST1A,5.06103503,-75.4906447,,,,,,,,,29/10/2024,30/11/2028
,SOL0000006721,CU000000000655,Operando,CALDAS,MANIZALES,01/12/2023,KR23 X Calle 58,SECRETARIA DE MOVILIDAD DE MANIZALES,Municipal,"C14, C29, C35, D02, D04",30,Radar Doppler,Fijo,SAST1B,5.06097621,-75.4895926,,,,,,,,,29/10/2024,30/11/2028
,SOL0000006742,CU000000000654,Operando,CALDAS,MANIZALES,28/11/2023,KR 18 entre la calle 24 y la calle 26,SECRETARIA DE MOVILIDAD DE MANIZALES,Municipal,"C14, C29, C35, D02, D04",30,Radar Doppler,Fijo,SAST3A,5.07021936,-75.5161341,,,,,,,,,29/10/2024,27/11/2028
,SOL0000006742,CU000000000653,Operando,CALDAS,MANIZALES,28/11/2023,KR 18 entre la CL 24 y la CL 26,SECRETARIA DE MOVILIDAD DE MANIZALES,Municipal,"C14, C29, C35, D02, D04",30,Radar Doppler,Fijo,SAST3B,5.07034592,-75.5154677,,,,,,,,,29/10/2024,27/11/2028
,SOL0000006743,CU000000000652,Operando,CALDAS,MANIZALES,28/11/2023,KR 23 por CL 34,SECRETARIA DE MOVILIDAD DE MANIZALES,Municipal,"C14, C29, C35, D02",30,Radar Doppler,Fijo,SAST6B,5.06771794,-75.5085174,,,,,,,,,29/10/2024,27/11/2028
,SOL0000006743,CU000000000651,Operando,CALDAS,MANIZALES,28/11/2023,KR 23 por CL 34,SECRETARIA DE MOVILIDAD DE MANIZALES,Municipal,"C14, C29, C35, D02",30,Radar Doppler,Fijo,SAST6A,5.06770112,-75.5091818,,,,,,,,,29/10/2024,27/11/2028
,SOL0000003028,CU000000000163,Operando,ATLANTICO,BARRANQUILLA,12/09/2023,CALLE 82 CON CARRERA 56,SECRETARÍA DISTRITAL DE TRÁNSITO Y SEGURIDAD VIAL - BARRANQUILLA,Distrital,"C02, C03, C14, C32, C35, D02",None,Video Detección (Con Analítica de Video),Fijo,BLOQCAM0,11.008082,-74.812085,,,,,,,,,28/10/2024,11/09/2028
,SOL0000006845,CU000000000663,Operando,CALDAS,MANIZALES,11/12/2023,Carrera  25 por calle 49,SECRETARIA DE MOVILIDAD DE MANIZALES,Municipal,"C14, C29, C35, D02, D04",30,Radar Doppler,Fijo,SAST9A,5.06313848,-75.4997618,,,,,,,,,24/10/2024,10/12/2028
,SOL0000006744,CU000000000659,Operando,CALDAS,MANIZALES,04/12/2023,Calle 48 con carrera 36,SECRETARIA DE MOVILIDAD DE MANIZALES,Municipal,"C14, C24, C35, D02, D04",None,Radar Doppler,Fijo,SAST8B,5.05852709,-75.508902,,,,,,,,,24/10/2024,03/12/2028
,SOL0000003031,CU000000000210,Operando,ATLANTICO,BARRANQUILLA,12/09/2023,CALLE 82 CON CARRERA 51B,SECRETARÍA DISTRITAL DE TRÁNSITO Y SEGURIDAD VIAL - BARRANQUILLA,Distrital,"C02, C03, C14, C24, C35, D02, D04",None,Video Detección (Con Analítica de Video),Fijo,BLOQCAM5,11.004601,-74.814366,,,,,,,,,22/10/2024,11/09/2028
,SOL0000002986,CU000000000178,Operando,ATLANTICO,BARRANQUILLA,21/11/2023,CALLE 53 CON CARRERA 45,SECRETARÍA DISTRITAL DE TRÁNSITO Y SEGURIDAD VIAL - BARRANQUILLA,Distrital,"C02, C03, C14, C24, C35, D02",None,Video Detección (Con Analítica de Video),Fijo,BLOQCAM3,10.987636,-74.789483,,,,,,,,,15/10/2024,20/11/2028
,SOL0000003161,CU000000000514,Suspendida,CAUCA,SANTANDER DE QUILICHAO,01/08/2020,Carrera 13 No 14-125,SECRETARIA DE TRANSITO Y TRANSPORTE MUNICIPAL DE SANTANDER DE QUILICHAO,Municipal,"C.24, C.32, C.35, D.2, D.3, D.4, D.5, D.7, D.8, H.07",None,Laser (Lidar) / Infrarrojo,Fijo,LPRO30A,3.01627,-76.48252,,,,,,,,,02/07/2024,31/07/2025
,SOL0000003142,CU000000000513,Suspendida,CAUCA,SANTANDER DE QUILICHAO,21/07/2020,Carrera 13 frente al número 1- 24 local comercial denominado QUIMICOS SULTAN,SECRETARIA DE TRANSITO Y TRANSPORTE MUNICIPAL DE SANTANDER DE QUILICHAO,Municipal,"C.24, C.32, C.35, C.37, D.2, D.3, D.4, D.5, D.7, D.8, H.07",None,Laser (Lidar) / Infrarrojo,Fijo,LPRO30A,3.0065152,-76.4867414,,,,,,,,,02/07/2024,20/07/2025
,SOL0000003861,CU000000000534,Suspendida,CAUCA,SANTANDER DE QUILICHAO,23/07/2021,SANTANDER DE QUILICHAO RUTA NACIONAL 2504 KILOMETRO 66 + 950,SECRETARIA DE TRANSITO Y TRANSPORTE MUNICIPAL DE SANTANDER DE QUILICHAO,Municipal,"C.29, C.35, D.2, D.8",None,Laser (Lidar) / Infrarrojo,Móvil,DRAGONCAM,2.974335,-76.521071,,,,,,,,,03/05/2024,22/07/2026
,SOL0000005663,CU000000000587,Operando,ANTIOQUIA,ITAGUI,28/03/2023,Avenida Pilsen (Calle 37B) con Calle 34A,SECRETARIA DE MOVILIDAD DE ITAGUI,Municipal,"C14, C29, C35, D02, D04",50,Radar Doppler,Fijo,PILSEN1,6.16591706,-75.6172927,,,,,,,,,01/08/2023,27/03/2028
,SOL0000005663,CU000000000586,Operando,ANTIOQUIA,ITAGUI,28/03/2023,Avenida Pilsen (Calle 37B) con Calle 34A,SECRETARIA DE MOVILIDAD DE ITAGUI,Municipal,"C14, C29, C35, D02, D04",50,Radar Doppler,Fijo,PILSEN2,6.16523052,-75.61673815,,,,,,,,,01/08/2023,27/03/2028
,SOL0000005662,CU000000000585,Operando,ANTIOQUIA,ITAGUI,22/03/2023,Calle 63 Con Carrera 45A. Sobre la Avenida Simón Bolívar.,SECRETARIA DE MOVILIDAD DE ITAGUI,Municipal,"C14, C29, C35, D02, D04",50,Radar Doppler,Fijo,CL63OCCI,6.17721335,-75.59873719,,,,,,,,,01/08/2023,21/03/2028
,SOL0000005662,CU000000000584,Operando,ANTIOQUIA,ITAGUI,22/03/2023,Calle 63 Con Carrera 45A. Sobre la Avenida Simón Bolívar,SECRETARIA DE MOVILIDAD DE ITAGUI,Municipal,"C14, C29, C35, D02, D04",50,Radar Doppler,Fijo,CL63ORIENT,6.17684642,-75.59809952,,,,,,,,,01/08/2023,21/03/2028
,SOL0000004481,CU000000000539,Operando,CESAR,AGUSTIN CODAZZI,03/03/2022,KM 95 + 670 MT RUTA NACIONAL 4901 VIA SAN ROQUE LA PAZ,SECRETARIA DE TRANSPORTES Y TRANSITO MUNICIPAL AGUSTIN CODAZZI,Municipal,"C29, C35, D02, D06, D07",40,Video Detección (Con Analítica de Video),Móvil,GHOST01,10.037294,-73.244478,,,,,,,,,23/12/2022,02/03/2027
,SOL0000004481,CU000000000538,Operando,CESAR,AGUSTIN CODAZZI,03/03/2022,KM 95 + 742 MT RUTA NACIONAL 4901 VÍA SAN ROQUE LA PAZ,SECRETARIA DE TRANSPORTES Y TRANSITO MUNICIPAL AGUSTIN CODAZZI,Municipal,"C29, C35, D02, D06, D07",40,Video Detección (Con Analítica de Video),Móvil,GHOST02,10.038087,-73.244227,,,,,,,,,23/12/2022,02/03/2027
,SOL0000005061,CU000000000546,Operando,ANTIOQUIA,ITAGUI,25/05/2022,Carrera 42 Calle 26 / RUTA 2509 PR 66+156,SECRETARIA DE MOVILIDAD DE ITAGUI,Municipal,"C14, C29, C35, D02",80,Radar Doppler,Fijo,MONTESACRO,6.15888,-75.61957,,,,,,,,,15/08/2022,24/05/2027
,SOL0000004601,CU000000000545,Operando,ANTIOQUIA,ITAGUI,24/05/2022,Carrera 42 Calle 77C / RUTA 2509 PR 70+427,SECRETARIA DE MOVILIDAD DE ITAGUI,Municipal,"C14, C29, C35, D02",80,Radar Doppler,Fijo,IDEO,6.183354,-75.589556,,,,,,,,,15/08/2022,23/05/2027
,SOL0000015044,CU000000000334,Autorizada instalar,SANTANDER,BARRANCABERMEJA,27/04/2026,Diagonal 60 por Transversal 48 (Sur-Norte),INSPECCION DE TRANSITO Y TRANSPORTE DE BARRANCABERMEJA,Municipal,"C03, C14, C24, C32, C35, C37, D02, D03, D04, D05, D07",None,Video Detección (Con Analítica de Video),Fijo,Disp7C,7.074769,-73.827478,,,,,,,,,,26/04/2031
,SOL0000015044,CU000000000332,Autorizada instalar,SANTANDER,BARRANCABERMEJA,27/04/2026,Transversal 48 con diagonal 60(Oriente-Occidente),INSPECCION DE TRANSITO Y TRANSPORTE DE BARRANCABERMEJA,Municipal,"C03, C14, C24, C32, C35, C37, D02, D03, D04, D05, D07",10,Video Detección (Con Analítica de Video),Fijo,Disp7B,7.075053,-73.826861,,,,,,,,,,25/04/2031
,SOL0000015044,CU000000000333,Autorizada instalar,SANTANDER,BARRANCABERMEJA,27/04/2026,Transversal 48 por Diagonal 60 (Occidente-Oriente),INSPECCION DE TRANSITO Y TRANSPORTE DE BARRANCABERMEJA,Municipal,"C03, C14, C24, C32, C35, C37, D02, D03, D04, D05, D07",10,Video Detección (Con Analítica de Video),Fijo,Disp7A,7.075313,-73.827467,,,,,,,,,,24/04/2031
,SOL0000014965,CU000000000804,Autorizada instalar,BOGOTA D.C,BOGOTA D.C,21/04/2026,AV NQS - CL 9 (S-N),SECRETARIA DISTRITAL DE MOVILIDAD,Distrital,"C02, C14, C24, C29, C35, D02",50,Video Detección (Con Analítica de Video),Fijo,DEI46CAM3,4.609685,-74.095247,,,,,,,,,,20/04/2031
,SOL0000014965,CU000000000803,Autorizada instalar,BOGOTA D.C,BOGOTA D.C,21/04/2026,AV NQS - CL 9 (S-N),SECRETARIA DISTRITAL DE MOVILIDAD,Distrital,"C02, C14, C24, C29, C35, D02",50,Radar Doppler,Fijo,DEI46CAM4,4.609685,-74.095247,,,,,,,,,,20/04/2031
,SOL0000014965,CU000000000802,Autorizada instalar,BOGOTA D.C,BOGOTA D.C,21/04/2026,AV NQS - CL 9 (N-S),SECRETARIA DISTRITAL DE MOVILIDAD,Distrital,"C02, C14, C24, C29, C35, D02",50,Video Detección (Con Analítica de Video),Fijo,DEI46CAM1,4.610038,-74.095511,,,,,,,,,,20/04/2031
,SOL0000014965,CU000000000801,Autorizada instalar,BOGOTA D.C,BOGOTA D.C,21/04/2026,AV NQS - CL 9 (N-S),SECRETARIA DISTRITAL DE MOVILIDAD,Distrital,"C02, C14, C24, C29, C35, D02",50,Radar Doppler,Fijo,DEI46CAM2,4.610038,-74.095511,,,,,,,,,,20/04/2031
,SOL0000014944,CU000000000789,Autorizada instalar,ATLANTICO,SABANAGRANDE,13/04/2026,"ruta nacional 2516, PR 66+950, sentido este-oeste",SECRETARIA MUNICIPAL DE TRANSITO Y TRANSPORTE  DE SABANAGRANDE - ATLANTICO,Municipal,"C24, C29, C35, D02",40,Radar Doppler,Fijo,Sabana01,10.817805,-74.764081,,,,,,,,,,12/04/2031
,SOL0000014946,CU000000000788,Autorizada instalar,ANTIOQUIA,CALDAS,10/04/2026,Ruta 6003PR 93+484 sentidor norte-sur,SECRETARIA DE MOVILIDAD DE CALDAS ANTIOQUIA,Municipal,"C24, C29, C35, D02, D05",80,Radar Doppler,Fijo,PORVENIR1,6.05951863,-75.63984564,,,,,,,,,,09/04/2031
,SOL0000014945,CU000000000787,Autorizada instalar,ATLANTICO,SABANAGRANDE,10/04/2026,"Ruta Nacional 25ATA PR 7+400, sentido este-oeste",SECRETARIA MUNICIPAL DE TRANSITO Y TRANSPORTE  DE SABANAGRANDE - ATLANTICO,Municipal,"C24, C29, C35, D02",90,Radar Doppler,Fijo,sabana02,10.778728,-74.765498,,,,,,,,,,09/04/2031
,SOL0000014844,CU000000000533,Autorizada instalar,VALLE DEL CAUCA,SAN PEDRO (VALLE),08/04/2026,"Troncal de Occidente  Codigo 2505, Km 83+600  SENTIDO SUR - NORTE",SECRETARÍA DE MOVILIDAD Y TRANSPORTE DEL VALLE DEL CAUCA - GOBERNACIÓN DEL VALLE,Departamental,"C24, C26, C29, C35, D02, D05",80,Radar Doppler,Móvil,0X00031753,4.009152,-76.223256,,,,,,,,,,07/04/2031
,SOL0000014844,CU000000000530,Autorizada instalar,VALLE DEL CAUCA,SAN PEDRO (VALLE),08/04/2026,"Troncal de Occidente, Codigo 2505 Km 83+600 sentido Norte - Sur",SECRETARÍA DE MOVILIDAD Y TRANSPORTE DEL VALLE DEL CAUCA - GOBERNACIÓN DEL VALLE,Departamental,"C24, C26, C29, C35, D02, D05",80,Radar Doppler,Móvil,0X00031748,4.009307,-76.223477,,,,,,,,,,07/04/2031
,SOL0000014766,CU000000000786,Autorizada instalar,CUNDINAMARCA,GRANADA,06/04/2026,"la Ruta Nacional 4005, PR 97+500, Sentido Norte – Sur (Bogotá - Girardot)",SECRETARIA DE MOVILIDAD CONTEMPORANEA DE CUNDINAMARCA,Departamental,"C24, C26, C29, C35, D02, D05",70,Radar Doppler,Móvil,ROT32F2D,4.52644,-74.34846,,,,,,,,,,05/04/2031
,SOL0000015204,CU000000000515,Autorizada instalar,CESAR,SAN ALBERTO,01/04/2026,VÍA SAN ALBERTO-LAMATA RUTA 4514 PR 1+538 SENTIDO NORTE-SUR,INSTITUTO DEPARTAMENTAL DE TRANSITO DEL CESAR,Departamental,"C24, C29, C35, D02, D05, D07",90,Radar Doppler,Fijo,C1NS,7.784845,-73.402372,,,,,,,,,,31/03/2031
,SOL0000015204,CU000000000515,Autorizada instalar,CESAR,SAN ALBERTO,01/04/2026,VÍA SAN ALBERTO-LAMATA RUTA 4514 PR 1+518 SENTIDO SUR-NORTE,INSTITUTO DEPARTAMENTAL DE TRANSITO DEL CESAR,Departamental,"C24, C29, C35, D02, D05, D07",90,Radar Doppler,Fijo,C1SN,7.784899,-73.402025,,,,,,,,,,31/03/2031
,SOL0000014924,CU000000000783,Autorizada instalar,CESAR,LA PAZ,31/03/2026,RN Troncal del Carbón 4901 Km 137+706,SECRETARIA DE TRANSITO MUNICIPAL DE LA PAZ,Municipal,"C24, C29, C35, D02, D05, D06",60,Video Detección (Con Analítica de Video),Fijo,LAPAZ3,10.3707111,-73.17718333,,,,,,,,,,30/03/2031
,SOL0000015224,CU000000000782,Autorizada instalar,CESAR,EL COPEY,26/03/2026,VÍA BOSCONIA-RÍO ARIGUANÍ RUTA 4517 PR 33+237 SENTIDO NORTE-SUR,INSTITUTO DEPARTAMENTAL DE TRANSITO DEL CESAR,Departamental,"C24, C29, C35, D02, D05",90,Radar Doppler,Fijo,C3NS,10.248391,-74.005596,,,,,,,,,,25/03/2031
,SOL0000015224,CU000000000781,Autorizada instalar,CESAR,EL COPEY,26/03/2026,VÍA BOSCONIA-RÍO ARIGUANÍ RUTA 4517 PR 33+237 SENTIDO SUR-NORTE,INSTITUTO DEPARTAMENTAL DE TRANSITO DEL CESAR,Departamental,"C24, C29, C35, D02, D05",90,Radar Doppler,Fijo,C3SN,10.248567,-74.005349,,,,,,,,,,25/03/2031
,SOL0000014884,CU000000000780,Autorizada instalar,BOGOTA D.C,BOGOTA D.C,26/03/2026,AV El DORADO - CR 17 (E-O),SECRETARIA DISTRITAL DE MOVILIDAD,Distrital,"C02, C14, C24, C29, C35, D02",50,Radar Doppler,Fijo,DEI51CAM2,4.617928,-74.074356,,,,,,,,,,25/03/2031
,SOL0000014884,CU000000000779,Autorizada instalar,BOGOTA D.C,BOGOTA D.C,26/03/2026,AV El DORADO - CR 17 (E-O),SECRETARIA DISTRITAL DE MOVILIDAD,Distrital,"C02, C14, C24, C29, C35, D02",50,Radar Doppler,Fijo,DEI51CAM1,4.617928,-74.074356,,,,,,,,,,25/03/2031
,SOL0000014804,CU000000000358,Autorizada instalar,SANTANDER,BARRANCABERMEJA,26/03/2026,Calle 48 con Carrera 28 (Sentido Oriente-Occidente),INSPECCION DE TRANSITO Y TRANSPORTE DE BARRANCABERMEJA,Municipal,"C02, C03, C14, C24, C32, C35, C37, D02, D03, D04, D05, D07",None,Video Detección (Con Analítica de Video),Fijo,Disp4C,7.05939,-73.85083,,,,,,,,,,25/03/2031
,SOL0000014804,CU000000000356,Autorizada instalar,SANTANDER,BARRANCABERMEJA,26/03/2026,Carrera 28 con Calle 48(Sentido Norte-Sur),INSPECCION DE TRANSITO Y TRANSPORTE DE BARRANCABERMEJA,Municipal,"C02, C03, C14, C24, C32, C35, C37, D02, D03, D04, D05, D07",None,Video Detección (Con Analítica de Video),Fijo,Disp4B,7.05948,-73.85131,,,,,,,,,,25/03/2031
,SOL0000014804,CU000000000357,Autorizada instalar,SANTANDER,BARRANCABERMEJA,26/03/2026,Carrera 28 con Calle 48 (Sentido Sur-Norte),INSPECCION DE TRANSITO Y TRANSPORTE DE BARRANCABERMEJA,Municipal,"C02, C03, C14, C24, C32, C35, C37, D02, D03, D04, D05, D07",None,Video Detección (Con Analítica de Video),Fijo,Disp4A,7.05888,-73.85098,,,,,,,,,,25/03/2031
,SOL0000014906,CU000000000773,Autorizada instalar,BOGOTA D.C,BOGOTA D.C,25/03/2026,AV El DORADO - CR 25 (O-E),SECRETARIA DISTRITAL DE MOVILIDAD,Distrital,"C02, C14, C24, C29, C35, D02",50,Radar Doppler,Fijo,DEI52CAM1,4.621358,-74.077199,,,,,,,,,,24/03/2031
,SOL0000014906,CU000000000772,Autorizada instalar,BOGOTA D.C,BOGOTA D.C,25/03/2026,AV El DORADO - CR 25 (O-E),SECRETARIA DISTRITAL DE MOVILIDAD,Distrital,"C02, C14, C24, C29, C35, D02",50,Radar Doppler,Fijo,DEI52CAM2,4.621358,-74.077199,,,,,,,,,,24/03/2031
,SOL0000014984,CU000000000771,Autorizada instalar,ANTIOQUIA,BELLO,24/03/2026,Ruta 6004 PR 03+500 sentido sureste-noroeste,SECRETARÍA DE MOVILIDAD DE BELLO,Municipal,"C14, C24, C29, C35, D02, D05",70,Radar Doppler,Fijo,CROACIA2,6.32185646,-75.53420233,,,,,,,,,,23/03/2031
,SOL0000014984,CU000000000770,Autorizada instalar,ANTIOQUIA,BELLO,24/03/2026,Ruta 6004 PR 03+500 sentido noroeste-sureste,SECRETARÍA DE MOVILIDAD DE BELLO,Municipal,"C14, C24, C29, C35, D02, D05",70,Radar Doppler,Fijo,CROACIA1,6.32185646,-75.53420233,,,,,,,,,,23/03/2031
,SOL0000015225,CU000000000769,Autorizada instalar,CESAR,EL COPEY,24/03/2026,VÍA BOSCONIA-RÍO ARIGUANÍ RUTA 4517 PR 14+930 SENTIDO SUR-NORTE,INSTITUTO DEPARTAMENTAL DE TRANSITO DEL CESAR,Departamental,"C24, C29, C35, D02, D05, D07",90,Radar Doppler,Fijo,C4SN,10.099102,-73.937797,,,,,,,,,,23/03/2031
,SOL0000015225,CU000000000768,Autorizada instalar,CESAR,EL COPEY,24/03/2026,VÍA BOSCONIA-RÍO ARIGUANÍ RUTA 4517 PR 14+930 SENTIDO NORTE-SUR,INSTITUTO DEPARTAMENTAL DE TRANSITO DEL CESAR,Departamental,"C24, C29, C35, D02, D05, D07",90,Radar Doppler,Fijo,C4NS,10.098992,-73.938188,,,,,,,,,,23/03/2031
,SOL0000014764,CU000000000303,Autorizada instalar,CUNDINAMARCA,NILO,24/03/2026,"Ruta Nacional 4005, PR14+600 Setido Sur - Norte",SECRETARIA DE MOVILIDAD CONTEMPORANEA DE CUNDINAMARCA,Departamental,"C24, C26, C29, C35, D02, D05",80,Radar Doppler,Móvil,ROB5043306,4.238988,-74.720904,,,,,,,,,,23/03/2031
,SOL0000014704,CU000000000767,Autorizada instalar,CESAR,LA PAZ,12/03/2026,"RN 8004 Km 13+236 (Calle 6 con carrera 7, sentido Norte–Sur)",SECRETARIA DE TRANSITO MUNICIPAL DE LA PAZ,Municipal,"C02, C24, C31, C32, C35, D02, D04, D07",None,Video Detección (Con Analítica de Video),Fijo,LAPAZ1,10.3873556,-73.17031388,,,,,,,,,,11/03/2031
,SOL0000014704,CU000000000766,Autorizada instalar,CESAR,LA PAZ,12/03/2026,"RN 4901 PR 140+115 (Calle 6 con carrera 6, sentido Sur–Norte)",SECRETARIA DE TRANSITO MUNICIPAL DE LA PAZ,Municipal,"C02, C24, C31, C32, C35, D02, D04, D07",None,Video Detección (Con Analítica de Video),Fijo,LAPAZ2,10.3865611,-73.17073333,,,,,,,,,,11/03/2031
,SOL0000015205,CU000000000516,Autorizada instalar,CESAR,SAN ALBERTO,11/03/2026,VÍA SAN ALBERTO - LA MATA RUTA 4514 PR 3+894 SENTIDO NORTE-SUR,INSTITUTO DEPARTAMENTAL DE TRANSITO DEL CESAR,Departamental,"C24, C29, C35, D02, D05, D07",90,Radar Doppler,Fijo,C2NS,7.805028,-73.412258,,,,,,,,,,10/03/2031
,SOL0000015205,CU000000000516,Autorizada instalar,CESAR,SAN ALBERTO,11/03/2026,VÍA SAN ALBERTO - LA MATA RUTA 4514 PR 3+885 SENTIDO SUR-NORTE,INSTITUTO DEPARTAMENTAL DE TRANSITO DEL CESAR,Departamental,"C24, C29, C35, D02, D05, D07",90,Radar Doppler,Fijo,C2SN,7.805125,-73.411919,,,,,,,,,,10/03/2031
,SOL0000011704,CU000000000765,Autorizada instalar,ATLANTICO,SABANALARGA,11/03/2026,VIA NACIONAL RUTA 9006 PR 75+500,SECRETARÍA DE TRÁNSITO Y TRANSPORTE DEL MUNICIPIO DE SABANALARGA,Municipal,"C24, C29, C35, D02, D06, D07",60,Video Detección (Con Analítica de Video),Fijo,SAB01,10.640116,-74.940048,,,,,,,,,,10/03/2031
,SOL0000014605,CU000000000764,Autorizada instalar,NARINO,PASTO,06/03/2026,"Carrera 35A entre Calle 16d y Calle 16a (calzada central, sentido norte-sur).",SECRETARIA DE TRANSITO Y TRANSPORTE MUNICIPAL DE PASTO,Municipal,"C02, C14, C19, C24, C29, C35, D02",50,Radar Doppler,Fijo,NARPAST005,1.222662,-77.286325,,,,,,,,,,05/03/2031
,SOL0000014605,CU000000000763,Autorizada instalar,NARINO,PASTO,06/03/2026,Carrera 35A entre Calle 16 y Calle 16b (calzada central sentido Sur-Norte),SECRETARIA DE TRANSITO Y TRANSPORTE MUNICIPAL DE PASTO,Municipal,"C02, C14, C19, C24, C29, C35, D02",50,Radar Doppler,Fijo,NARPAST006,1.222105,-77.286544,,,,,,,,,,05/03/2031
,SOL0000014664,CU000000000762,Autorizada instalar,BOGOTA D.C,BOGOTA D.C,04/03/2026,AV NQS - CL 47A (N-S),SECRETARIA DISTRITAL DE MOVILIDAD,Distrital,"C02, C14, C24, C29, C35, D02",50,Radar Doppler,Fijo,DEI48CAM1,4.637821,-74.079444,,,,,,,,,,03/03/2031
,SOL0000014664,CU000000000762,Autorizada instalar,BOGOTA D.C,BOGOTA D.C,04/03/2026,AV NQS - CL 47A (N-S),SECRETARIA DISTRITAL DE MOVILIDAD,Distrital,"C02, C14, C24, C29, C35, D02",50,Radar Doppler,Fijo,DEI48CAM2,4.637821,-74.079444,,,,,,,,,,03/03/2031
,SOL0000014664,CU000000000761,Autorizada instalar,BOGOTA D.C,BOGOTA D.C,04/03/2026,AV NQS - CL 47A (S-N),SECRETARIA DISTRITAL DE MOVILIDAD,Distrital,"C02, C14, C24, C29, C35, D02",50,Radar Doppler,Fijo,DEI48CAM3,4.637838,-74.079022,,,,,,,,,,03/03/2031
,SOL0000014664,CU000000000761,Autorizada instalar,BOGOTA D.C,BOGOTA D.C,04/03/2026,AV NQS - CL 47A (S-N),SECRETARIA DISTRITAL DE MOVILIDAD,Distrital,"C02, C14, C24, C29, C35, D02",50,Radar Doppler,Fijo,DEI48CAM4,4.637838,-74.079022,,,,,,,,,,03/03/2031
,SOL0000014604,CU000000000760,Autorizada instalar,NARINO,PASTO,03/03/2026,Calle 22 # 07 - 27 Occidente - Oriente,SECRETARIA DE TRANSITO Y TRANSPORTE MUNICIPAL DE PASTO,Municipal,"C02, C14, C24, C29, C32, C35, D02, D04",30,Radar Doppler,Fijo,NARPAST004,1.205723,-77.26758,,,,,,,,,,02/03/2031
,SOL0000014684,CU000000000758,Autorizada instalar,BOGOTA D.C,BOGOTA D.C,24/02/2026,AV AMÉRICAS - CR 58 (O-E),SECRETARIA DISTRITAL DE MOVILIDAD,Distrital,"C02, C14, C24, C29, C35, D02",50,Radar Doppler,Fijo,DEI49CAM4,4.627825,-74.115063,,,,,,,,,,23/02/2031
,SOL0000014684,CU000000000759,Autorizada instalar,BOGOTA D.C,BOGOTA D.C,24/02/2026,AV AMÉRICAS - CR 58 (E-O),SECRETARIA DISTRITAL DE MOVILIDAD,Distrital,"C02, C14, C24, C29, C35, D02",50,Radar Doppler,Fijo,DEI49CAM1,4.628517,-74.114517,,,,,,,,,,23/02/2031
,SOL0000014684,CU000000000758,Autorizada instalar,BOGOTA D.C,BOGOTA D.C,24/02/2026,AV AMÉRICAS - CR 58 (O-E),SECRETARIA DISTRITAL DE MOVILIDAD,Distrital,"C02, C14, C24, C29, C35, D02",50,Radar Doppler,Fijo,DEI49CAM3,4.627825,-74.115063,,,,,,,,,,23/02/2031
,SOL0000014684,CU000000000759,Autorizada instalar,BOGOTA D.C,BOGOTA D.C,24/02/2026,AV AMÉRICAS - CR 58 (E-O),SECRETARIA DISTRITAL DE MOVILIDAD,Distrital,"C02, C14, C24, C29, C35, D02",50,Radar Doppler,Fijo,DEI49CAM2,4.628517,-74.114517,,,,,,,,,,23/02/2031
,SOL0000015145,CU000000000757,Autorizada instalar,CUNDINAMARCA,CHIA,23/02/2026,RUTA 45A04 PR 3 +160 SENTIDO SN,Secretaría de Movilidad Municipal de Chía,Municipal,"C24, C29, C35, D02",80,Video Detección (Con Analítica de Video),Fijo,P5BSN,4.833934,-74.032432,,,,,,,,,,22/02/2031
,SOL0000015145,CU000000000757,Autorizada instalar,CUNDINAMARCA,CHIA,23/02/2026,RUTA 45A04 PR 3 +160 SENTIDO SN,Secretaría de Movilidad Municipal de Chía,Municipal,"C24, C29, C35, D02",80,Video Detección (Con Analítica de Video),Fijo,P5ASN,4.833945,-74.032489,,,,,,,,,,22/02/2031
,SOL0000015145,CU000000000756,Autorizada instalar,CUNDINAMARCA,CHIA,23/02/2026,RUTA 45A04 PR 3 +160 SENTIDO NS,Secretaría de Movilidad Municipal de Chía,Municipal,"C24, C29, C35, D02",80,Video Detección (Con Analítica de Video),Fijo,P5BNS,4.834026,-74.033056,,,,,,,,,,22/02/2031
,SOL0000015145,CU000000000756,Autorizada instalar,CUNDINAMARCA,CHIA,23/02/2026,RUTA 45A04 PR 3 +160 SENTIDO NS,Secretaría de Movilidad Municipal de Chía,Municipal,"C24, C29, C35, D02",80,Video Detección (Con Analítica de Video),Fijo,P5ANS,4.834036,-74.033124,,,,,,,,,,22/02/2031
,SOL0000012564,CU000000000754,Autorizada instalar,VALLE DEL CAUCA,GUADALAJARA DE BUGA,13/02/2026,"TRONCAL DE OCCIDENTE, RUTA NACIONAL 25, TRAMO 2505, SENTIDO NORTE SUR  PR 75+525",SECRETARIA DE MOVILIDAD DE GUADALAJARA DE BUGA,Municipal,"C24, C26, C29, C35, D02, D05, D07",70,Radar Doppler,Fijo,BUGPR75S1,3.955508,-76.270755,,,,,,,,,,12/02/2031
,SOL0000014904,CU000000000753,Autorizada instalar,CALDAS,MANIZALES,30/01/2026,"Ruta 5005, en el PR 13+950 , sentido SSE-NNO",SECRETARIA DE MOVILIDAD DE MANIZALES,Municipal,"C24, C29, C35, D02",60,Radar Doppler,Fijo,SASTtambo,5.052941,-75.567735,,,,,,,,,,29/01/2031
,SOL0000014905,CU000000000752,Autorizada instalar,CALDAS,MANIZALES,30/01/2026,"Ruta 5005, en el PR 12+300, mall, sentido SSO-NNE",SECRETARIA DE MOVILIDAD DE MANIZALES,Municipal,"C24, C29, C35, D02",60,Radar Doppler,Fijo,SASTMall,5.047677,-75.574713,,,,,,,,,,29/01/2031
,SOL0000014404,CU000000000751,Autorizada instalar,ANTIOQUIA,AMAGA,29/01/2026,Ruta 25BAN01 PR 27+160 sentido sur-norte,SECRETARÍA MOVILIDAD DE AMAGÁ,Municipal,"C24, C29, C35, D02, D05",90,Radar Doppler,Fijo,PACIFICO2,6.02974777,-75.74193792,,,,,,,,,,28/01/2031
,SOL0000014264,CU000000000750,Autorizada instalar,CUNDINAMARCA,CHIA,23/01/2026,AVENIDA PRADILLA CON CARRERA 5 ESTE - SENTIDO ORIENTE-OCCIDENTE,Secretaría de Movilidad Municipal de Chía,Municipal,"C02, C24, C29, C35, D02",30,Video Detección (Con Analítica de Video),Fijo,P8OR,4.864817,-74.040858,,,,,,,,,,22/01/2031
,SOL0000014264,CU000000000749,Autorizada instalar,CUNDINAMARCA,CHIA,23/01/2026,AVENIDA PRADILLA CON CARRERA 5 ESTE - SENTIDO OCCIDENTE-ORIENTE,Secretaría de Movilidad Municipal de Chía,Municipal,"C02, C24, C29, C35, D02",30,Video Detección (Con Analítica de Video),Fijo,P8OC,4.864669,-74.040756,,,,,,,,,,22/01/2031
,SOL0000014244,CU000000000748,Autorizada instalar,CUNDINAMARCA,CHIA,22/01/2026,RUTA 21 PR 22+ 860 SENTIDO SUR NORTE,Secretaría de Movilidad Municipal de Chía,Municipal,"C24, C29, C35, D02, D07",50,Video Detección (Con Analítica de Video),Fijo,P7BSN,4.84328,-74.081191,,,,,,,,,,21/01/2031
,SOL0000014244,CU000000000747,Autorizada instalar,CUNDINAMARCA,CHIA,22/01/2026,RUTA 21 PR 22+ 860 SENTIDO NORTE SUR,Secretaría de Movilidad Municipal de Chía,Municipal,"C24, C29, C35, D02, D07",50,Video Detección (Con Analítica de Video),Fijo,P7ANS,4.843182,-74.081397,,,,,,,,,,21/01/2031
,SOL0000014144,CU000000000504,Autorizada instalar,BOGOTA D.C,BOGOTA D.C,16/01/2026,AV CIUDAD DE CALI - AV SUBA (S-N),SECRETARIA DISTRITAL DE MOVILIDAD,Distrital,"C02, C03, C14, C24, C29, C32, C35, D02, D04",50,Radar Doppler,Fijo,DEI32CAM01,4.746015,-74.096524,,,,,,,,,,15/01/2031
,SOL0000014144,CU000000000498,Autorizada instalar,BOGOTA D.C,BOGOTA D.C,16/01/2026,AV CIUDAD DE CALI - AV SUBA (N-S),SECRETARIA DISTRITAL DE MOVILIDAD,Distrital,"C02, C03, C14, C24, C29, C32, C35, D02, D04",50,Radar Doppler,Fijo,DEI32CAM02,4.74701,-74.096011,,,,,,,,,,15/01/2031
,SOL0000014065,CU000000000745,Autorizada instalar,CUNDINAMARCA,CHIA,13/01/2026,RUTA 45A04 PR 6+475 SENTIDO WE,Secretaría de Movilidad Municipal de Chía,Municipal,"C24, C29, C35, D02",60,Video Detección (Con Analítica de Video),Fijo,P2AWE,4.856435,-74.03377,,,,,,,,,,12/01/2031
,SOL0000014065,CU000000000744,Autorizada instalar,CUNDINAMARCA,CHIA,13/01/2026,RUTA 45A04 PR 6+475 SENTIDO WE,Secretaría de Movilidad Municipal de Chía,Municipal,"C24, C29, C35, D02",60,Video Detección (Con Analítica de Video),Fijo,P2BWE,4.856498,-74.033708,,,,,,,,,,12/01/2031
,SOL0000014085,CU000000000743,Autorizada instalar,CUNDINAMARCA,CHIA,13/01/2026,RUTA 5501 PR 4+400 SENTIDO SUR-NORTE,Secretaría de Movilidad Municipal de Chía,Municipal,"C24, C29, C35, D02",80,Video Detección (Con Analítica de Video),Fijo,P4SN,4.839532,-74.028386,,,,,,,,,,12/01/2031
,SOL0000014085,CU000000000742,Autorizada instalar,CUNDINAMARCA,CHIA,13/01/2026,RUTA 5501 PR 4+400 SENTIDO NORTE-SUR,Secretaría de Movilidad Municipal de Chía,Municipal,"C24, C29, C35, D02",80,Video Detección (Con Analítica de Video),Fijo,P4NS,4.839497,-74.028531,,,,,,,,,,12/01/2031
,SOL0000014044,CU000000000521,Autorizada instalar,MAGDALENA,FUNDACION,13/01/2026,VIA NACIONAL RUTA 4518 PR 15+200 SENTIDO N-S,ENTIDAD DESCENTRALIZADA – INSTITUTO MUNICIPAL DE TRANSITO Y TRANSPORTE “INTRASFUN”,Municipal,"C24, C29, C35, D02, D07",90,Video Detección (Con Analítica de Video),Móvil,PUNTO2NS,10.366694,-74.087902,,,,,,,,,,12/01/2031
,SOL0000014044,CU000000000521,Autorizada instalar,MAGDALENA,FUNDACION,13/01/2026,VIA NACIONAL RUTA 4518 PR 15+200 SENTIDO S-N,ENTIDAD DESCENTRALIZADA – INSTITUTO MUNICIPAL DE TRANSITO Y TRANSPORTE “INTRASFUN”,Municipal,"C24, C29, C35, D02, D07",90,Video Detección (Con Analítica de Video),Móvil,PUNTO2SN,10.36692,-74.087725,,,,,,,,,,12/01/2031
,SOL0000014124,CU000000000336,Autorizada instalar,SANTANDER,BARRANCABERMEJA,08/01/2026,Calle 60 por Carrera 21 (Oriente-Occidente),INSPECCION DE TRANSITO Y TRANSPORTE DE BARRANCABERMEJA,Municipal,"C03, C14, C24, C32, C35, C37, D02, D03, D04, D05, D07",None,Video Detección (Con Analítica de Video),Fijo,Disp1A,7.068522,-73.855547,,,,,,,,,,07/01/2031
,SOL0000014124,CU000000000335,Autorizada instalar,SANTANDER,BARRANCABERMEJA,08/01/2026,Calle 60 por Carrera 21 (Occidente-Oriente),INSPECCION DE TRANSITO Y TRANSPORTE DE BARRANCABERMEJA,Municipal,"C03, C14, C24, C32, C35, C37, D02, D03, D04, D05, D07",None,Video Detección (Con Analítica de Video),Fijo,Disp1B,7.068369,-73.856161,,,,,,,,,,07/01/2031
,SOL0000014084,CU000000000719,Autorizada instalar,CUNDINAMARCA,CHIA,07/01/2026,RUTA 5501 PR 11+955 NORTE-SUR,Secretaría de Movilidad Municipal de Chía,Municipal,"C02, C24, C29, C35, D02, D03",80,Video Detección (Con Analítica de Video),Fijo,EQUIPOP3BN,4.900043,-74.005946,,,,,,,,,,06/01/2031
,SOL0000014084,CU000000000716,Autorizada instalar,CUNDINAMARCA,CHIA,07/01/2026,RUTA 5501 PR 11+958 SUR-NORTE,Secretaría de Movilidad Municipal de Chía,Municipal,"C02, C24, C29, C35, D02, D03",80,Video Detección (Con Analítica de Video),Fijo,EQUIPOP3AS,4.899923,-74.005706,,,,,,,,,,06/01/2031
,SOL0000014084,CU000000000715,Autorizada instalar,CUNDINAMARCA,CHIA,07/01/2026,RUTA 5501 PR 11+958 SUR-NORTE,Secretaría de Movilidad Municipal de Chía,Municipal,"C02, C24, C29, C35, D02, D03",80,Video Detección (Con Analítica de Video),Fijo,EQUIPOP3BS,4.899902,-74.005665,,,,,,,,,,06/01/2031
,SOL0000014084,CU000000000714,Autorizada instalar,CUNDINAMARCA,CHIA,07/01/2026,RUTA 5501 PR 11+955 SENTIDO NS,Secretaría de Movilidad Municipal de Chía,Municipal,"C02, C24, C29, C35, D02, D03",80,Video Detección (Con Analítica de Video),Fijo,EQUIPOP3AN,4.900062,-74.005987,,,,,,,,,,06/01/2031
,SOL0000014145,CU000000000713,Autorizada instalar,ANTIOQUIA,AMAGA,06/01/2026,RUTA 25BAN01 PR 32+982 SENTIDO SUR-NORTE.,SECRETARÍA MOVILIDAD DE AMAGÁ,Municipal,"C24, C29, C35, D02, D05",90,Radar Doppler,Fijo,PACIFICO1,6.02144676,-75.70338895,,,,,,,,,,05/01/2031
,SOL0000013984,CU000000000712,Autorizada instalar,CUNDINAMARCA,CHIA,06/01/2026,RUTA 45A04 PR 10+102 NS,Secretaría de Movilidad Municipal de Chía,Municipal,"C02, C24, C29, C35, D02, D07",80,Video Detección (Con Analítica de Video),Fijo,P1ANS,4.887215,-74.035916,,,,,,,,,,05/01/2031
,SOL0000013984,CU000000000710,Autorizada instalar,CUNDINAMARCA,CHIA,06/01/2026,RUTA 45A04 PR 10+102 NS,Secretaría de Movilidad Municipal de Chía,Municipal,"C02, C24, C29, C35, D02, D07",80,Video Detección (Con Analítica de Video),Fijo,P1BNS,4.887201,-74.035773,,,,,,,,,,05/01/2031
,SOL0000013984,CU000000000709,Autorizada instalar,CUNDINAMARCA,CHIA,06/01/2026,RUTA 45A04 PR 10+050 SN,Secretaría de Movilidad Municipal de Chía,Municipal,"C02, C24, C29, C35, D02, D07",80,Video Detección (Con Analítica de Video),Fijo,P1ASN,4.886717,-74.035603,,,,,,,,,,05/01/2031
,SOL0000013984,CU000000000708,Autorizada instalar,CUNDINAMARCA,CHIA,06/01/2026,RUTA 45A04 PR 10+050 SN,Secretaría de Movilidad Municipal de Chía,Municipal,"C02, C24, C29, C35, D02, D07",80,Video Detección (Con Analítica de Video),Fijo,P1BSN,4.886726,-74.035782,,,,,,,,,,05/01/2031
,SOL0000014284,CU000000000707,Autorizada instalar,ANTIOQUIA,AMAGA,05/01/2026,"Ruta 6003, PR 81+482 Sentido Norte-Sur",SECRETARÍA MOVILIDAD DE AMAGÁ,Municipal,"C24, C29, C35, D02",50,Radar Doppler,Fijo,FCAMAUXIL2,6.03016228,-75.70122487,,,,,,,,,,04/01/2031
,SOL0000014284,CU000000000706,Autorizada instalar,ANTIOQUIA,AMAGA,05/01/2026,"Ruta 6003, PR 81+482 Sentido Sur-Norte",SECRETARÍA MOVILIDAD DE AMAGÁ,Municipal,"C24, C29, C35, D02",50,Radar Doppler,Fijo,FCAMAUXIL1,6.03016228,-75.70122487,,,,,,,,,,04/01/2031
,SOL0000014166,CU000000000705,Autorizada instalar,CAUCA,POPAYAN,05/01/2026,CARRERA 9 CALLE 60 N Sector de Bellavista sentido S-N,SECRETARIA DE TRANSITO Y TRANSPORTE MUNICIPAL DE POPAYAN,Municipal,"C14, C24, C29, C35, D02, D03, D05",50,Radar Doppler,Fijo,BVISTASN,2.480249,-76.575126,,,,,,,,,,04/01/2031
,SOL0000014166,CU000000000703,Autorizada instalar,CAUCA,POPAYAN,05/01/2026,Carrera 9 Calle 60 N Sector de Bellavista sentido N-S,SECRETARIA DE TRANSITO Y TRANSPORTE MUNICIPAL DE POPAYAN,Municipal,"C14, C24, C29, C35, D02, D03, D05",50,Radar Doppler,Fijo,BVISTANS,2.480249,-76.575126,,,,,,,,,,04/01/2031
,SOL0000013865,CU000000000702,Autorizada instalar,ANTIOQUIA,ENVIGADO,31/12/2025,"Ruta 5601 Avenida Las Palmas PR 16 + 043, sentido NE-SO",SECRETARIA DE MOVILIDAD DE ENVIGADO,Municipal,"C14, C24, C26, C29, C35, D02, D07",60,Radar Doppler,Fijo,SAST02A,6.15325,-75.539056,,,,,,,,,,30/12/2030
,SOL0000013865,CU000000000701,Autorizada instalar,ANTIOQUIA,ENVIGADO,31/12/2025,"Ruta 5601 Avenida Las Palmas PR 16 + 043, sentido SO- NE",SECRETARIA DE MOVILIDAD DE ENVIGADO,Municipal,"C14, C24, C26, C29, C35, D02, D07",60,Radar Doppler,Fijo,SAST02B,6.15325,-75.539056,,,,,,,,,,30/12/2030
,SOL0000013869,CU000000000700,Autorizada instalar,ANTIOQUIA,ENVIGADO,31/12/2025,"Avenida Regional por Calle 46A Sur (tramo de vía, sentido sur - norte) - Calzada central",SECRETARIA DE MOVILIDAD DE ENVIGADO,Municipal,"C14, C24, C29, C35, D02, D07",50,Radar Doppler,Fijo,SAST06A,6.168501,-75.602254,,,,,,,,,,30/12/2030
,SOL0000013869,CU000000000699,Autorizada instalar,ANTIOQUIA,ENVIGADO,31/12/2025,"Avenida Regional por Calle 46A Sur (tramo de vía, sentido sur - norte) Calzada izquierda",SECRETARIA DE MOVILIDAD DE ENVIGADO,Municipal,"C14, C24, C29, C35, D02, D07",50,Radar Doppler,Fijo,SAST06B,6.168508,-75.602297,,,,,,,,,,30/12/2030
,SOL0000013868,CU000000000698,Autorizada instalar,ANTIOQUIA,ENVIGADO,31/12/2025,"Ruta 56AN11, Vía Variante Las Palmas Aeropuerto, en el PR 7+028, sentido NNO – SSE",SECRETARIA DE MOVILIDAD DE ENVIGADO,Municipal,"C02, C14, C24, C29, C35, D02",60,Radar Doppler,Fijo,SAST05A,6.170667,-75.489806,,,,,,,,,,30/12/2030
,SOL0000013868,CU000000000697,Autorizada instalar,ANTIOQUIA,ENVIGADO,31/12/2025,"Ruta 56AN11, Vía Variante Las Palmas Aeropuerto, en el PR 7+028, sentido SSE – NNO",SECRETARIA DE MOVILIDAD DE ENVIGADO,Municipal,"C02, C14, C24, C29, C35, D02",60,Radar Doppler,Fijo,SAST05B,6.170667,-75.489806,,,,,,,,,,30/12/2030
,SOL0000013966,CU000000000696,Autorizada instalar,N. DE SANTANDER,OCANA,29/12/2025,RUTA 70 TRAMO 7007 PR 54+131 SENTIDO NORTE-SUR,SECRETARIA DE MOVILIDAD Y TRANSITO DE OCAÑA,Municipal,"C24, C29, C35, D02",40,Video Detección (Con Analítica de Video),Fijo,ACO01,8.229523,-73.338365,,,,,,,,,,28/12/2030
,SOL0000013966,CU000000000693,Autorizada instalar,N. DE SANTANDER,OCANA,29/12/2025,RUTA 70 TRAMO 7007 PR 54+113 SENTIDO SUR-NORTE,SECRETARIA DE MOVILIDAD Y TRANSITO DE OCAÑA,Municipal,"C24, C29, C35, D02",40,Video Detección (Con Analítica de Video),Fijo,ACO02,8.229672,-73.338282,,,,,,,,,,28/12/2030
,SOL0000013870,CU000000000692,Autorizada instalar,ANTIOQUIA,ENVIGADO,26/12/2025,"Avenida Regional por Avenida Calle 37 Sur (tramo de vía, sentido sur - norte), Calzada derecha",SECRETARIA DE MOVILIDAD DE ENVIGADO,Municipal,"C14, C24, C29, C35, D02, D07",50,Radar Doppler,Fijo,SAST07A,6.175557,-75.594826,,,,,,,,,,25/12/2030
,SOL0000013870,CU000000000691,Autorizada instalar,ANTIOQUIA,ENVIGADO,26/12/2025,"Avenida Regional por Avenida Calle 37 Sur (tramo de vía, sentido sur - norte) Calzada izquierda",SECRETARIA DE MOVILIDAD DE ENVIGADO,Municipal,"C14, C24, C29, C35, D02, D07",50,Radar Doppler,Fijo,SAST07B,6.175577,-75.594842,,,,,,,,,,25/12/2030
,SOL0000013866,CU000000000690,Autorizada instalar,ANTIOQUIA,ENVIGADO,23/12/2025,"Ruta 56AN11, Vía Variante Las Palmas - Aeropuerto, en el PR13+126, sentido E-O",SECRETARIA DE MOVILIDAD DE ENVIGADO,Municipal,"C14, C24, C29, C35, D02, D07",60,Radar Doppler,Fijo,SAST03A,6.159619,-75.527106,,,,,,,,,,22/12/2030
,SOL0000013866,CU000000000689,Autorizada instalar,ANTIOQUIA,ENVIGADO,23/12/2025,"Ruta 56AN11, Vía Variante Las Palmas - Aeropuerto, en el PR13+126, sentido O-E",SECRETARIA DE MOVILIDAD DE ENVIGADO,Municipal,"C14, C24, C29, C35, D02, D07",60,Radar Doppler,Fijo,SAST03B,6.159619,-75.527106,,,,,,,,,,22/12/2030
,SOL0000013864,CU000000000688,Autorizada instalar,ANTIOQUIA,ENVIGADO,23/12/2025,"Ruta 5601, Avenida Las Palmas en el PR 13+380, Sector Las Palmas, sentido SN",SECRETARIA DE MOVILIDAD DE ENVIGADO,Municipal,"C14, C24, C29, C35, D02",60,Radar Doppler,Fijo,SAST01B,6.163167,-75.545675,,,,,,,,,,22/12/2030
,SOL0000013864,CU000000000687,Autorizada instalar,ANTIOQUIA,ENVIGADO,23/12/2025,"Ruta 5601, Avenida Las Palmas en el PR 13+380, Sector Las Palmas, sentido NS",SECRETARIA DE MOVILIDAD DE ENVIGADO,Municipal,"C14, C24, C29, C35, D02",60,Radar Doppler,Fijo,SAST01A,6.163167,-75.545675,,,,,,,,,,22/12/2030
,SOL0000014004,CU000000000686,Autorizada instalar,HUILA,AIPE,22/12/2025,RN 45 TRAMO 4506 PR 38+840 SUR - NORTE,SECRETARIA DETRANSITO Y TRANSPORTE DEL MUNICIPIO DE AIPE,Municipal,"C24, C29, C35, D02, D05, D06",60,Radar Doppler,Fijo,AIP004,3.273708,-75.251368,,,,,,,,,,21/12/2030
,SOL0000013644,CU000000000685,Autorizada instalar,BOYACA,TUNJA,22/12/2025,RN 55/TRAMO 55BYA/PR 6+890/SUR-NORTE,SECRETARIA DE MOVILIDAD Y VIDA TERRITORIAL DE TUNJA,Municipal,"C02, C19, C24, C26, C29, C35, D02, D05, D07, D08",30,Radar Doppler,Fijo,TUNAN1,5.525857,-73.347148,,,,,,,,,,21/12/2030
,SOL0000013644,CU000000000683,Autorizada instalar,BOYACA,TUNJA,22/12/2025,RN 55/TRAMO 55BYA/PR 6+955/NORTE-SUR,SECRETARIA DE MOVILIDAD Y VIDA TERRITORIAL DE TUNJA,Municipal,"C02, C19, C24, C26, C29, C35, D02, D05, D07, D08",30,Radar Doppler,Fijo,TUNAN2,5.526311,-73.346812,,,,,,,,,,21/12/2030
,SOL0000013944,CU000000000680,Autorizada instalar,BOLIVAR,TURBACO,22/12/2025,"Ruta Nacional 9005 PR 99+060, sentido Noroeste-Sureste",SECRETARIA DE TRANSITO Y TRANSPORTE MUNICIPAL DE TURBACO,Municipal,"C24, C29, C35, D02, D03, D07",30,Radar Doppler,Fijo,BOTUS003,10.37485621,-75.45903619,,,,,,,,,,21/12/2030
,SOL0000013871,CU000000000650,Autorizada instalar,ANTIOQUIA,ENVIGADO,17/12/2025,"Avenida Regional por Calle 30 Sur (tramo de vía, sentido sur - norte), calzada izquierda",SECRETARIA DE MOVILIDAD DE ENVIGADO,Municipal,"C14, C24, C26, C29, C35, D02, D07",50,Radar Doppler,Fijo,SAST08B,6.183067,-75.588972,,,,,,,,,,16/12/2030
,SOL0000013871,CU000000000649,Autorizada instalar,ANTIOQUIA,ENVIGADO,17/12/2025,"Avenida Regional por Calle 30 Sur (tramo de vía, sentido sur - norte), calzada central",SECRETARIA DE MOVILIDAD DE ENVIGADO,Municipal,"C14, C24, C26, C29, C35, D02, D07",50,Radar Doppler,Fijo,SAST08A,6.183037,-75.58893,,,,,,,,,,16/12/2030
,SOL0000014024,CU000000000648,Autorizada instalar,VALLE DEL CAUCA,GUACARI,16/12/2025,"Ruta Nacional 2505 PR 56+500, sentido Sur - Norte",SECRETARIA DE MOVILIDAD Y TRANSPORTE DEL MUNICIPIO DE GUACARI,Municipal,"C24, C29, C35, D02, D05, D07",80,Radar Doppler,Fijo,GCR56X500,3.80169542,-76.30955312,,,,,,,,,,15/12/2030
,SOL0000014184,CU000000000647,Autorizada instalar,SANTANDER,SABANA DE TORRES,12/12/2025,RN Troncal del Magdalena 4513 KM 36+390,SECRETARÍA DE TRÁNSITO Y TRANSPORTES DE SABANA DE TORRES,Municipal,"C24, C29, C35, D02, D05, D06",30,Radar Doppler,Fijo,SABATO1,7.38853392,-73.548791,,,,,,,,,,11/12/2030
,SOL0000013544,CU000000000646,Autorizada instalar,VALLE DEL CAUCA,GUACARI,12/12/2025,"Ruta Nacional 2505 PR 51+320, sentido Norte - Sur",SECRETARIA DE MOVILIDAD Y TRANSPORTE DEL MUNICIPIO DE GUACARI,Municipal,"C24, C29, C35, D02, D03, D07",80,Radar Doppler,Fijo,GCR51X320,3.7660842,-76.32717872,,,,,,,,,,11/12/2030
,SOL0000013664,CU000000000645,Autorizada instalar,MAGDALENA,SANTA MARTA,11/12/2025,Ruta Nacional 9007 PR 85+000 sentido Sureste - Noroeste.,SECRETARIA DE MOVILIDAD MULTIMODAL Y SOSTENIBLE - SANTA MARTA,Distrital,"C15, C24, C29, C35, C37, D02, D03, D07",30,Radar Doppler,Fijo,STMT85X000,11.17736006,-74.22946366,,,,,,,,,,10/12/2030
,SOL0000013667,CU000000000644,Autorizada instalar,SUCRE,TOLU VIEJO,11/12/2025,RUTA 25SC01 VARIANTE PR 10+195 SENTIDO SUR-NORTE,SECRETARIA DE TRÁNSITO Y TRANSPORTE DE SUCRE,Departamental,"C24, C29, C35, D02",50,Radar Doppler,Fijo,EQUIPO061,9.386982,-75.431562,,,,,,,,,,10/12/2030
,SOL0000013665,CU000000000643,Autorizada instalar,SUCRE,TOLU VIEJO,09/12/2025,TRANSVERSAL DEL CARIBE TRAMO 9004  PR 64+750 SENTIDO SUR-NORTE,SECRETARIA DE TRÁNSITO Y TRANSPORTE DE SUCRE,Departamental,"C24, C29, C35, D02, D06",60,Video Detección (Con Analítica de Video),Fijo,EQUIPO031,9.455026,-75.4555,,,,,,,,,,08/12/2030
,SOL0000013665,CU000000000642,Autorizada instalar,SUCRE,TOLU VIEJO,09/12/2025,TRANSVERSAL DEL CARIBE TRAMO 9004  PR 64+750 SENTIDO NORTE-SUR,SECRETARIA DE TRÁNSITO Y TRANSPORTE DE SUCRE,Departamental,"C24, C29, C35, D02, D06",60,Video Detección (Con Analítica de Video),Fijo,EQUIPO032,9.454971,-75.455518,,,,,,,,,,08/12/2030
,SOL0000013867,CU000000000641,Autorizada instalar,ANTIOQUIA,ENVIGADO,02/12/2025,"Ruta 56AN11, Vía Variante Las Palmas Aeropuerto, en el PR9+500, sentido NNE - SSO",SECRETARIA DE MOVILIDAD DE ENVIGADO,Municipal,"C02, C14, C24, C29, C35, D02",60,Radar Doppler,Fijo,SAST04A,6.164939,-75.501904,,,,,,,,,,01/12/2030
,SOL0000013867,CU000000000640,Autorizada instalar,ANTIOQUIA,ENVIGADO,02/12/2025,"Ruta 56AN11, Vía Variante Las Palmas Aeropuerto, en el PR9+500, sentido SSO - NNE",SECRETARIA DE MOVILIDAD DE ENVIGADO,Municipal,"C02, C14, C24, C29, C35, D02",60,Radar Doppler,Fijo,SAST04B,6.164939,-75.501904,,,,,,,,,,01/12/2030
,SOL0000013764,CU000000000639,Autorizada instalar,ANTIOQUIA,BELLO,02/12/2025,"Ruta departamental 62AN18 (Medellín-San Pedro) PR 09+865, sentido sur-norte",SECRETARÍA DE MOVILIDAD DE BELLO,Municipal,"C24, C29, C35, D02, D06",60,Radar Doppler,Fijo,YARUMOSN,6.39124086,-75.61771377,,,,,,,,,,01/12/2030
,SOL0000013684,CU000000000638,Autorizada instalar,ANTIOQUIA,CALDAS,28/11/2025,Ruta 2509 PR 50+543 sentido sur-norte,SECRETARIA DE MOVILIDAD DE CALDAS ANTIOQUIA,Municipal,"C24, C29, C35, D02, D05, D06",60,Radar Doppler,Fijo,DESTRULLAN,6.0429835,-75.62938431,,,,,,,,,,27/11/2030
,SOL0000012604,CU000000000637,Autorizada instalar,ANTIOQUIA,BELLO,27/11/2025,"ruta departamental 62AN18 (Medellín-San Pedro) PR 09+865, sentido norte-sur",SECRETARÍA DE MOVILIDAD DE BELLO,Municipal,"C24, C29, C35, D02, D06",60,Radar Doppler,Fijo,YARUMONS,6.39124086,-75.61771377,,,,,,,,,,26/11/2030
,SOL0000013624,CU000000000636,Autorizada instalar,ANTIOQUIA,CALDAS,21/11/2025,"Ruta 6003  PR 93+484.23, sentido Sur-Norte",SECRETARIA DE MOVILIDAD DE CALDAS ANTIOQUIA,Municipal,"C24, C29, C35, D02, D05",80,Radar Doppler,Fijo,PORVENIR2,6.05951863,-75.63984564,,,,,,,,,,20/11/2030
,SOL0000013784,CU000000000341,Autorizada instalar,SANTANDER,BARRANCABERMEJA,14/11/2025,Carrera 15  por Calle 50 (Norte-Sur),INSPECCION DE TRANSITO Y TRANSPORTE DE BARRANCABERMEJA,Municipal,"C03, C14, C24, C32, C35, C37, D02, D03, D04, D05, D07",None,Video Detección (Con Analítica de Video),Fijo,Disp12B,7.060592,-73.862372,,,,,,,,,,13/11/2030
,SOL0000013784,CU000000000342,Autorizada instalar,SANTANDER,BARRANCABERMEJA,14/11/2025,Calle 50 por Carrera 15 (Oriente - Occidente),INSPECCION DE TRANSITO Y TRANSPORTE DE BARRANCABERMEJA,Municipal,"C02, C03, C14, C24, C32, C35, C37, D02, D03, D04, D05, D07",None,Video Detección (Con Analítica de Video),Fijo,Disp12A,7.060175,-73.861997,,,,,,,,,,13/11/2030
,SOL0000013564,CU000000000634,Autorizada instalar,SANTANDER,BARRANCABERMEJA,10/11/2025,Calle 50 por Carrera 11 (Sur-Norte),INSPECCION DE TRANSITO Y TRANSPORTE DE BARRANCABERMEJA,Municipal,"C02, C03, C24, C32, C35, C37, D02, D03, D04, D05, D07",None,Video Detección (Con Analítica de Video),Fijo,Disp11B,7.060122,-73.865964,,,,,,,,,,09/11/2030
,SOL0000013564,CU000000000633,Autorizada instalar,SANTANDER,BARRANCABERMEJA,10/11/2025,Calle 50 por Carrera 11 (Oriente - Occidente),INSPECCION DE TRANSITO Y TRANSPORTE DE BARRANCABERMEJA,Municipal,"C02, C03, C24, C32, C35, C37, D02, D03, D04, D05, D07",None,Video Detección (Con Analítica de Video),Fijo,DISP11A,7.060447,-73.865414,,,,,,,,,,09/11/2030
,SOL0000013564,CU000000000635,Autorizada instalar,SANTANDER,BARRANCABERMEJA,10/11/2025,Calle 50 por Carrera 11 (Norte-Sur),INSPECCION DE TRANSITO Y TRANSPORTE DE BARRANCABERMEJA,Municipal,"C02, C03, C24, C32, C35, C37, D02, D03, D04, D05, D07",None,Video Detección (Con Analítica de Video),Fijo,Disp11C,7.060733,-73.865886,,,,,,,,,,09/11/2030
,SOL0000013704,CU000000000632,Autorizada instalar,ANTIOQUIA,CALDAS,10/11/2025,"Ruta 2509, PR 56+344 sentido sur-norte.",SECRETARIA DE MOVILIDAD DE CALDAS ANTIOQUIA,Municipal,"C24, C29, C35, D02",50,Radar Doppler,Fijo,ESTADIO2,6.089126,-75.63173459,,,,,,,,,,09/11/2030
,SOL0000013625,CU000000000630,Autorizada instalar,ANTIOQUIA,CALDAS,07/11/2025,"Ruta 2509, PR 56+344 sentido norte-sur.",SECRETARIA DE MOVILIDAD DE CALDAS ANTIOQUIA,Municipal,"C24, C29, C35, D02",50,Radar Doppler,Fijo,ESTADIO1,6.089126,-75.63173459,,,,,,,,,,06/11/2030
,SOL0000013444,CU000000000729,Autorizada instalar,VALLE DEL CAUCA,TULUA,22/10/2025,RN 25VLE  PR 89 + 660 (CARRERA 40)  TERPEL S-N y N-S,Departamento Administrativo de Movilidad y Seguridad Vial de Tuluá,Municipal,"C24, C29, C35, D02",40,Laser (Lidar) / Infrarrojo,Móvil,S1A,4.0596238,-76.1998444,,,,,,,,,,21/10/2030
,SOL0000013504,CU000000000740,Autorizada instalar,ANTIOQUIA,RIONEGRO,21/10/2025,"Código 60AN03-1, PR 0+835, sentido O - E, Glorieta Sajonia- Glorieta Aeropuerto",SUBSECRETARIA DE MOVILIDAD RIONEGRO,Municipal,"C24, C29, C35, D02",80,Radar Doppler,Fijo,DonaRosa1,6.178454,-75.440297,,,,,,,,,,20/10/2030
,SOL0000013504,CU000000000741,Autorizada instalar,ANTIOQUIA,RIONEGRO,21/10/2025,"código 60AN03-1, PR 0+835, sentido E -O, Glorieta Sajonia- Glorieta Aeropuerto",SUBSECRETARIA DE MOVILIDAD RIONEGRO,Municipal,"C24, C29, C35, D02",80,Radar Doppler,Fijo,DonaRosa2,6.178454,-75.440297,,,,,,,,,,20/10/2030
,SOL0000013484,CU000000000738,Autorizada instalar,ANTIOQUIA,RIONEGRO,16/10/2025,Ruta 56AN02 Sector Eafit vía Rionegro - Don Diego KM 03+670 (Sentido SN),SUBSECRETARIA DE MOVILIDAD RIONEGRO,Municipal,"C14, C24, C29, C35, D02",60,Radar Doppler,Fijo,DonDiego1,6.1087631,-75.4560245,,,,,,,,,,15/10/2030
,SOL0000013484,CU000000000739,Autorizada instalar,ANTIOQUIA,RIONEGRO,16/10/2025,Ruta 56AN02 Sector Eafit vía Rionegro - Don Diego KM 03+670 (Sentido NS),SUBSECRETARIA DE MOVILIDAD RIONEGRO,Municipal,"C14, C24, C29, C35, D02",60,Radar Doppler,Fijo,DonDiego2,6.1087631,-75.4560245,,,,,,,,,,15/10/2030
,SOL0000013405,CU000000000627,Autorizada instalar,BOGOTA D.C,BOGOTA D.C,15/10/2025,Avenida Centenario (AC 17) - CR135,SECRETARIA DISTRITAL DE MOVILIDAD,Distrital,"C02, C03, C14, C24, C32, C35, D02, D05",None,Semi-Automática (Acción Remota),Fijo,CAM62CGT,4.694254,-74.169055,,,,,,,,,,14/10/2030
,SOL0000013525,CU000000000628,Autorizada instalar,CUNDINAMARCA,NEMOCON,14/10/2025,"en la vía 45A04 en el tramo Troncal Central, Zipaquirá - Ubaté, en el Km 36+800, Sentido Norte – Sur",SECRETARIA DE MOVILIDAD CONTEMPORANEA DE CUNDINAMARCA,Departamental,"C24, C26, C29, C35, D02, D06",80,Radar Doppler,Móvil,ROB5043116,5.082391,-73.931012,,,,,,,,,,13/10/2030
,SOL0000013404,CU000000000626,Autorizada instalar,BOGOTA D.C,BOGOTA D.C,10/10/2025,AV LA CONEJERA - CR 112 (E-O) / (O-E),SECRETARIA DISTRITAL DE MOVILIDAD,Distrital,"C02, C14, C24, C29, C35, D02",30,Radar Doppler,Móvil,DEI045CAM1,4.772906,-74.083853,,,,,,,,,,09/10/2030
,SOL0000013425,CU000000000365,Autorizada instalar,SANTANDER,BARRANCABERMEJA,07/10/2025,Calle 54 con Carrera 36E (Oriente-Occidente),INSPECCION DE TRANSITO Y TRANSPORTE DE BARRANCABERMEJA,Municipal,"C03, C14, C24, C32, C35, C37, D02, D03, D04, D05, D07",None,Video Detección (Con Analítica de Video),Fijo,Disp8A,7.063,-73.838931,,,,,,,,,,06/10/2030
,SOL0000013425,CU000000000366,Autorizada instalar,SANTANDER,BARRANCABERMEJA,07/10/2025,Calle 39 con Carrera 36D (Occidente-Oriente),INSPECCION DE TRANSITO Y TRANSPORTE DE BARRANCABERMEJA,Municipal,"C03, C14, C24, C32, C35, C37, D02, D03, D04, D05, D07",None,Video Detección (Con Analítica de Video),Fijo,DISP8B,7.062481,-73.840011,,,,,,,,,,06/10/2030
,SOL0000013425,CU000000000362,Autorizada instalar,SANTANDER,BARRANCABERMEJA,07/10/2025,Calle 52A con Carrera 36E,INSPECCION DE TRANSITO Y TRANSPORTE DE BARRANCABERMEJA,Municipal,"C03, C14, C24, C32, C35, C37, D02, D03, D04, D05, D07",None,Video Detección (Con Analítica de Video),Fijo,DISP8D,7.06275,-73.839,,,,,,,,,,06/10/2030
,SOL0000013425,CU000000000364,Autorizada instalar,SANTANDER,BARRANCABERMEJA,07/10/2025,Carrera 36D con Calle 39 (Sur-Norte),INSPECCION DE TRANSITO Y TRANSPORTE DE BARRANCABERMEJA,Municipal,"C03, C14, C24, C32, C35, C37, D02, D03, D04, D05, D07",None,Video Detección (Con Analítica de Video),Fijo,DISP8E,7.062289,-73.839589,,,,,,,,,,06/10/2030
,SOL0000013425,CU000000000363,Autorizada instalar,SANTANDER,BARRANCABERMEJA,07/10/2025,Carrera 36E con Calle 39 (Norte-Sur),INSPECCION DE TRANSITO Y TRANSPORTE DE BARRANCABERMEJA,Municipal,"C03, C14, C24, C32, C35, C37, D02, D03, D04, D05, D07",None,Video Detección (Con Analítica de Video),Fijo,DISP8C,7.063119,-73.839331,,,,,,,,,,06/10/2030
,SOL0000007682,CU000000000625,Autorizada instalar,HUILA,AIPE,01/10/2025,RN 45 TRAMO 4506 PR 26+800 SUR - NORTE,SECRETARIA DETRANSITO Y TRANSPORTE DEL MUNICIPIO DE AIPE,Municipal,"C02, C24, C29, C35, D02, D07, D08",80,Radar Doppler,Fijo,AIP003,3.175571,-75.274957,,,,,,,,,,30/09/2030
,SOL0000013325,CU000000000624,Autorizada instalar,HUILA,AIPE,01/10/2025,RN 45 TRAMO 4506 PR 38+980 NORTE - SUR,SECRETARIA DETRANSITO Y TRANSPORTE DEL MUNICIPIO DE AIPE,Municipal,"C24, C29, C35, D02, D06",60,Radar Doppler,Fijo,AIP001,3.274948,-75.251523,,,,,,,,,,30/09/2030
,SOL0000013324,CU000000000622,Autorizada instalar,HUILA,AIPE,01/10/2025,RN 45 TRAMO 4506 PR 26+200 NORTE - SUR,SECRETARIA DETRANSITO Y TRANSPORTE DEL MUNICIPIO DE AIPE,Municipal,"C24, C29, C35, D02, D07",80,Radar Doppler,Fijo,AIP002,3.173652,-75.275654,,,,,,,,,,30/09/2030
,SOL0000013284,CU000000000254,Autorizada instalar,BOLIVAR,TURBACO,24/09/2025,"Ruta Nacional 9005 PR 99+150, sentido Sureste-Noroeste",SECRETARIA DE TRANSITO Y TRANSPORTE MUNICIPAL DE TURBACO,Municipal,"C24, C29, C35, D02, D03, D07",30,Radar Doppler,Fijo,BOTUS001,10.37558965,-75.45943246,,,,,,,,,,23/09/2030
,SOL0000013304,CU000000000294,Autorizada instalar,CUNDINAMARCA,CHOCONTA,24/09/2025,"la vía 5501 troncal central del norte, Chocontá -Tunja km 60+600, (Cra. 8 no 9 – 04) sentido sur – norte",SECRETARIA DE MOVILIDAD CONTEMPORANEA DE CUNDINAMARCA,Departamental,"C24, C26, C29, C35, D02, D05",60,Radar Doppler,Móvil,ROBOT50433,5.148281,-73.683763,,,,,,,,,,23/09/2030
,SOL0000013244,CU000000000370,Autorizada instalar,MAGDALENA,SANTA MARTA,22/09/2025,Carrera 4 con Calle 11C sentido Sur – Norte,SECRETARIA DE MOVILIDAD MULTIMODAL Y SOSTENIBLE - SANTA MARTA,Distrital,"C24, C35, C37, D02, D03, D04, D05, D07, c15, c32",None,Video Detección (Con Analítica de Video),Fijo,PUNTO14,11.20003996,-74.22614608,,,,,,,,,,21/09/2030
,SOL0000013210,CU000000000621,Autorizada instalar,BOGOTA D.C,BOGOTA D.C,17/09/2025,AU AL LLANO - CL 91 SUR (N-S) / (S-N),SECRETARIA DISTRITAL DE MOVILIDAD,Distrital,"C02, C14, C24, C29, C35, D02",50,Radar Doppler,Móvil,DEI43CAM1,4.497907,-74.107524,,,,,,,,,,16/09/2030
,SOL0000013164,CU000000000404,Autorizada instalar,BOGOTA D.C,BOGOTA D.C,17/09/2025,CR 33 - CL 41 SUR (S-N),SECRETARIA DISTRITAL DE MOVILIDAD,Distrital,"C14, C24, C29, C32, C35, D02, D04",50,Radar Doppler,Móvil,DEI05CAM1,4.5879031,-74.1258882,,,,,,,,,,16/09/2030
,SOL0000013204,CU000000000466,Autorizada instalar,BOGOTA D.C,BOGOTA D.C,15/09/2025,AV CR 10 - CL 13 SUR (N-S),SECRETARIA DISTRITAL DE MOVILIDAD,Distrital,"C02, C03, C14, C24, C29, C35, D02",30,Radar Doppler,Fijo,DEI18CAM01,4.5804932,-74.0912774,,,,,,,,,,14/09/2030
,SOL0000013205,CU000000000469,Autorizada instalar,BOGOTA D.C,BOGOTA D.C,15/09/2025,AV CR 10 - CL 13 SUR (S-N),SECRETARIA DISTRITAL DE MOVILIDAD,Distrital,"C02, C03, C14, C24, C29, C35, D02",30,Radar Doppler,Fijo,DEI18CAM02,4.5803247,-74.0910607,,,,,,,,,,14/09/2030
,SOL0000013206,CU000000000470,Autorizada instalar,BOGOTA D.C,BOGOTA D.C,12/09/2025,AU. NORTE - CL 169 (N-S),SECRETARIA DISTRITAL DE MOVILIDAD,Distrital,"C02, C14, C24, C29, C35, D02",50,Radar Doppler,Móvil,DEI22CAM01,4.750689,-74.046951,,,,,,,,,,11/09/2030
,SOL0000012653,CU000000000619,Autorizada instalar,BOYACA,TUNJA,08/09/2025,Carrera 6 con calle 41 sentido sur norte,SECRETARIA DE MOVILIDAD Y VIDA TERRITORIAL DE TUNJA,Municipal,"C02, C14, C19, C24, C29, C35, D02, D07, D08",40,Radar Doppler,Fijo,TUNPDR1,5.551313,-73.352405,,,,,,,,,,07/09/2030
,SOL0000012653,CU000000000620,Autorizada instalar,BOYACA,TUNJA,08/09/2025,Carrera 6 con calle 41 sentido norte sur,SECRETARIA DE MOVILIDAD Y VIDA TERRITORIAL DE TUNJA,Municipal,"C02, C14, C19, C24, C29, C35, D02, D07, D08",40,Radar Doppler,Fijo,TUNPDR2,5.551982,-73.352122,,,,,,,,,,07/09/2030
,SOL0000012655,CU000000000616,Autorizada instalar,BOYACA,TUNJA,02/09/2025,Carrera 6 con calle 53 sentido norte sur,SECRETARIA DE MOVILIDAD Y VIDA TERRITORIAL DE TUNJA,Municipal,"C02, C14, C24, C29, C32, C35, D02, D04, D07, D08",40,Radar Doppler,Fijo,TUNCONS2,5.560799,-73.348424,,,,,,,,,,01/09/2030
,SOL0000012655,CU000000000617,Autorizada instalar,BOYACA,TUNJA,02/09/2025,Carrera 2 Este con Carrera 6 sentido Norte - sur,SECRETARIA DE MOVILIDAD Y VIDA TERRITORIAL DE TUNJA,Municipal,"C02, C14, C24, C32, C35, D02, D04, D07, D08",None,Radar Doppler,Fijo,TUNCONS3,5.560578,-73.348194,,,,,,,,,,01/09/2030
,SOL0000012655,CU000000000618,Autorizada instalar,BOYACA,TUNJA,02/09/2025,Carrera 6 con calle 53 sentido sur norte,SECRETARIA DE MOVILIDAD Y VIDA TERRITORIAL DE TUNJA,Municipal,"C02, C14, C24, C29, C32, C35, D02, D04, D07, D08",40,Radar Doppler,Fijo,TUNCONS1,5.560004,-73.348664,,,,,,,,,,01/09/2030
,SOL0000012654,CU000000000614,Autorizada instalar,BOYACA,TUNJA,29/08/2025,Avenida Oriental con Carrera 7A  Sentido Sur-Norte,SECRETARIA DE MOVILIDAD Y VIDA TERRITORIAL DE TUNJA,Municipal,"C02, C14, C24, C29, C32, C35, D02, D04, D07, D08",30,Radar Doppler,Fijo,TUNCRR1,5.539493,-73.356404,,,,,,,,,,28/08/2030
,SOL0000012654,CU000000000615,Autorizada instalar,BOYACA,TUNJA,29/08/2025,Avenida Oriental con Carrera 7A Sentido Norte-Sur,SECRETARIA DE MOVILIDAD Y VIDA TERRITORIAL DE TUNJA,Municipal,"C02, C14, C24, C29, C32, C35, D02, D04, D07, D08",30,Radar Doppler,Fijo,TUNCRR2,5.540244,-73.356397,,,,,,,,,,28/08/2030
,SOL0000013184,CU000000000471,Autorizada instalar,BOGOTA D.C,BOGOTA D.C,27/08/2025,AV NQS - CL 58A CALZADA RAPIDA (N-S),SECRETARIA DISTRITAL DE MOVILIDAD,Distrital,"C14, C24, C29, C35, D02",50,Radar Doppler,Fijo,DEI16CAM01,4.64907,-74.078438,,,,,,,,,,26/08/2030
,SOL0000013184,CU000000000467,Autorizada instalar,BOGOTA D.C,BOGOTA D.C,27/08/2025,AV NQS - CL 58A (S-N),SECRETARIA DISTRITAL DE MOVILIDAD,Distrital,"C02, C14, C24, C29, C35, D02",50,Radar Doppler,Fijo,DEI16CAM02,4.649063,-74.078201,,,,,,,,,,26/08/2030
,SOL0000012864,CU000000000612,Autorizada instalar,VALLE DEL CAUCA,VIJES,13/08/2025,RN23 TRAMO 2301 PR 28+760 (Norte - Sur; Sur - Norte),SECRETARIA DE MOVILIDAD DE VIJES,Municipal,"C24, C29, C35, D02, D06",60,Radar Doppler,Móvil,VIJ0001,3.707067,-76.431674,,,,,,,,,,12/08/2030
,SOL0000013124,CU000000000502,Autorizada instalar,MAGDALENA,SANTA MARTA,08/08/2025,"Avenida del Libertador con calle 16, sentido Noroeste – Sureste",SECRETARIA DE MOVILIDAD MULTIMODAL Y SOSTENIBLE - SANTA MARTA,Distrital,"C15, C24, C32, C35, C37, D02, D03, D04, D05, D07",None,Video Detección (Con Analítica de Video),Fijo,AVLIBCLL16,11.23933029,-74.180897,,,,,,,,,,07/08/2030
,SOL0000013004,CU000000000608,Autorizada instalar,CUNDINAMARCA,GACHANCIPA,08/08/2025,"Ruta 5501 Troncal Central del Norte km 30+250, Sentido Sur - Norte",SECRETARIA DE MOVILIDAD CONTEMPORANEA DE CUNDINAMARCA,Departamental,"C24, C26, C29, C35, D02, D06",30,Radar Doppler,Móvil,ROB5043116,4.988228,-73.876615,,,,,,,,,,07/08/2030
,SOL0000012656,CU000000000609,Autorizada instalar,BOYACA,TUNJA,08/08/2025,Avenida Norte con Calle 59  Sentido Sur Norte,SECRETARIA DE MOVILIDAD Y VIDA TERRITORIAL DE TUNJA,Municipal,"C02, C14, C19, C24, C29, C32, C35, D02, D04, D05, D07, D08",30,Radar Doppler,Fijo,TUNPLLR1,5.564707,-73.346617,,,,,,,,,,07/08/2030
,SOL0000012656,CU000000000610,Autorizada instalar,BOYACA,TUNJA,08/08/2025,Avenida Norte con Calle 59  Sentido Norte Sur,SECRETARIA DE MOVILIDAD Y VIDA TERRITORIAL DE TUNJA,Municipal,"C02, C14, C19, C24, C29, C32, C35, D02, D04, D05, D07, D08",30,Radar Doppler,Fijo,TUNPLLR2,5.565361,-73.346321,,,,,,,,,,07/08/2030
,SOL0000012884,CU000000000611,Autorizada instalar,VALLE DEL CAUCA,VIJES,08/08/2025,RN23 TRAMO 2301 PR 32 + 635 (Norte - Sur; Sur - Norte),SECRETARIA DE MOVILIDAD DE VIJES,Municipal,"C02, C24, C29, C35, D02, D05, D06",50,Radar Doppler,Móvil,VIJ0002,3.730904,-76.4095,,,,,,,,,,07/08/2030
,SOL0000012764,CU000000000605,Autorizada instalar,VALLE DEL CAUCA,GUADALAJARA DE BUGA,23/07/2025,"TRONCAL DE OCCIDENTE, RUTA NACIONAL 25, TRAMO 2505, SENTIDO NORTE-SUR PR 69 + 180",SECRETARIA DE MOVILIDAD DE GUADALAJARA DE BUGA,Municipal,"C02, C19, C24, C26, C29, C35, D02, D05, D07",70,Radar Doppler,Fijo,BUGPR69S2,3.911785,-76.304993,,,,,,,,,,22/07/2030
,SOL0000012764,CU000000000606,Autorizada instalar,VALLE DEL CAUCA,GUADALAJARA DE BUGA,23/07/2025,"TRONCAL DE OCCIDENTE, RUTA NACIONAL 25, TRAMO 2505, SENTIDO SUR-NORTE PR 68+ 780",SECRETARIA DE MOVILIDAD DE GUADALAJARA DE BUGA,Municipal,"C02, C19, C24, C26, C29, C35, D02, D05, D07",70,Radar Doppler,Fijo,BUGPR69S1,3.909047,-76.30654,,,,,,,,,,22/07/2030
,SOL0000012784,CU000000000607,Autorizada instalar,VALLE DEL CAUCA,GUADALAJARA DE BUGA,22/07/2025,"TRONCAL DE OCCIDENTE, RUTA NACIONAL 25, TRAMO 2505 SENTIDO NORTE SUR PR 60+153",SECRETARIA DE MOVILIDAD DE GUADALAJARA DE BUGA,Municipal,"C24, C26, C29, C35, D02, D05, D07",90,Radar Doppler,Fijo,BUGPR60S1,3.837625,-76.300647,,,,,,,,,,21/07/2030
,SOL0000012725,CU000000000737,Autorizada instalar,CUNDINAMARCA,SOACHA,21/07/2025,Av. Carrera 4 (RN 4005) PR 119+960 sentido Sur – Norte (Girardot – Bogotá),SECRETARÍA DE MOVILIDAD DE SOACHA,Municipal,"C02, C14, C24, C29, C35, D02",50,Radar Doppler,Fijo,SAST7,4.585844,-74.205145,,,,,,,,,,20/07/2030
,SOL0000012744,CU000000000734,Autorizada instalar,CUNDINAMARCA,SOACHA,18/07/2025,Av. Carrera 4 (RN 4005) PR 121+104 Sentido Norte – Sur (Bogotá – Girardot),SECRETARÍA DE MOVILIDAD DE SOACHA,Municipal,"C24, C29, C35, D02",50,Radar Doppler,Fijo,SAST8,4.590849,-74.196102,,,,,,,,,,17/07/2030
,SOL0000012745,CU000000000735,Autorizada instalar,CUNDINAMARCA,SOACHA,18/07/2025,Av. Carrera 4 (RN 4005) PR 121+645 Sentido Sur – Norte (Girardot – Bogotá),SECRETARÍA DE MOVILIDAD DE SOACHA,Municipal,"C24, C29, C35, D02",50,Radar Doppler,Fijo,SAST9,4.592696,-74.191569,,,,,,,,,,17/07/2030
,SOL0000012746,CU000000000736,Autorizada instalar,CUNDINAMARCA,SOACHA,18/07/2025,Av. Carrera 4 (RN 4005) PR 122+300 Sentido Norte – Sur (Bogotá -Girardot),SECRETARÍA DE MOVILIDAD DE SOACHA,Municipal,"C14, C24, C29, C35, D02",50,Radar Doppler,Fijo,SAST10,4.595577,-74.186396,,,,,,,,,,17/07/2030
,SOL0000012724,CU000000000733,Autorizada instalar,CUNDINAMARCA,SOACHA,16/07/2025,Av. Carrera 4 (RN 4005) PR 119+820 Sentido Norte – Sur (Bogotá -Girardot),SECRETARÍA DE MOVILIDAD DE SOACHA,Municipal,"C02, C03, C14, C19, C24, C29, C35, D02",50,Radar Doppler,Fijo,SAST6,4.585679,-74.206457,,,,,,,,,,15/07/2030
,SOL0000012844,CU000000000361,Autorizada instalar,SANTANDER,BARRANCABERMEJA,16/07/2025,Diagonal 60 con Calle 63 (Sentido Oriente-Occidente),INSPECCION DE TRANSITO Y TRANSPORTE DE BARRANCABERMEJA,Municipal,"C03, C14, C24, C32, C35, C37, D02, D03, D04, D05, D07",None,Video Detección (Con Analítica de Video),Fijo,DISP6B,7.07191,-73.84338,,,,,,,,,,15/07/2030
,SOL0000012844,CU000000000360,Autorizada instalar,SANTANDER,BARRANCABERMEJA,16/07/2025,Diagonal 60 con Calle 63 (Sentido Norte-Sur),INSPECCION DE TRANSITO Y TRANSPORTE DE BARRANCABERMEJA,Municipal,"C03, C14, C24, C32, C35, C37, D02, D03, D04, D05, D07",None,Video Detección (Con Analítica de Video),Fijo,DISP6A,7.07231,-73.84362,,,,,,,,,,15/07/2030
,SOL0000012544,CU000000000732,Autorizada instalar,CUNDINAMARCA,SOACHA,15/07/2025,Av. Carrera 4 (RN 4005) PR 117+990 Sentido Sur – Norte (Girardot – Bogotá),SECRETARÍA DE MOVILIDAD DE SOACHA,Municipal,"C24, C29, C35, D02",50,Radar Doppler,Fijo,SAST5,4.577503,-74.220832,,,,,,,,,,14/07/2030
,SOL0000012649,CU000000000497,Autorizada instalar,BOGOTA D.C,BOGOTA D.C,09/07/2025,AU. NORTE - CL 127B C. LEN (S-N),SECRETARIA DISTRITAL DE MOVILIDAD,Distrital,"C02, C14, C24, C29, C35, D02",50,Radar Doppler,Fijo,DEI36CAM04,4.7094506,-74.0530259,,,,,,,,,,08/07/2030
,SOL0000012648,CU000000000495,Autorizada instalar,BOGOTA D.C,BOGOTA D.C,09/07/2025,AU. NORTE - CL 127B C. RAP (S-N),SECRETARIA DISTRITAL DE MOVILIDAD,Distrital,"C14, C24, C29, C35, D02",50,Radar Doppler,Fijo,DEI36CAM03,4.7093695,-74.0532379,,,,,,,,,,08/07/2030
,SOL0000012645,CU000000000501,Autorizada instalar,BOGOTA D.C,BOGOTA D.C,09/07/2025,AV CR 9 - CL 113 (S-N),SECRETARIA DISTRITAL DE MOVILIDAD,Distrital,"C02, C14, C24, C29, C35, D02",50,Radar Doppler,Fijo,DEI34CAM02,4.6924164,-74.0352537,,,,,,,,,,08/07/2030
,SOL0000012424,CU000000000731,Autorizada instalar,CUNDINAMARCA,SOACHA,01/07/2025,Av. Carrera 4 (RN 4005) PR 116+767 Sentido Norte - Sur (Bogotá - Girardot),SECRETARÍA DE MOVILIDAD DE SOACHA,Municipal,"C24, C29, C35, D02",50,Radar Doppler,Fijo,SAST4,4.569641,-74.226973,,,,,,,,,,30/06/2030
,SOL0000012504,CU000000000257,Autorizada instalar,BOLIVAR,TURBACO,01/07/2025,"Ruta Nacional 9005 PR 93+000, sentido Noroeste-Sureste y Sureste-Noroeste",SECRETARIA DE TRANSITO Y TRANSPORTE MUNICIPAL DE TURBACO,Municipal,"C24, C29, C35, D02, D07",30,Radar Doppler,Fijo,BOTUS002,10.339709,-75.42171,,,,,,,,,,30/06/2030
,SOL0000012545,CU000000000338,Autorizada instalar,SANTANDER,BARRANCABERMEJA,27/06/2025,Calle 33 entre Carrera 49 y Carrera 52 sentido Norte-Sur,INSPECCION DE TRANSITO Y TRANSPORTE DE BARRANCABERMEJA,Municipal,"C03, C14, C24, C32, C35, C37, D02, D03, D04, D05, D07",None,Video Detección (Con Analítica de Video),Fijo,Disp5A,7.04104,-73.83987,,,,,,,,,,26/06/2030
,SOL0000012545,CU000000000340,Autorizada instalar,SANTANDER,BARRANCABERMEJA,27/06/2025,Carrera 52 entre la calle 34 y la calle 33 sentido oriente-occidente,INSPECCION DE TRANSITO Y TRANSPORTE DE BARRANCABERMEJA,Municipal,"C03, C14, C24, C32, C35, C37, D02, D03, D04, D05, D07",None,Video Detección (Con Analítica de Video),Fijo,DISP5B,7.04119,-73.83948,,,,,,,,,,26/06/2030
,SOL0000012545,CU000000000339,Autorizada instalar,SANTANDER,BARRANCABERMEJA,27/06/2025,Carrera 52 entre la calle 32y la Calle 33 sentido occidente-oriente,INSPECCION DE TRANSITO Y TRANSPORTE DE BARRANCABERMEJA,Municipal,"C03, C14, C24, C32, C35, C37, D02, D03, D04, D05, D07",None,Video Detección (Con Analítica de Video),Fijo,DISP5C,7.04033,-73.83963,,,,,,,,,,26/06/2030
,SOL0000013224,CU000000000224,Autorizada instalar,MAGDALENA,SITIONUEVO,26/06/2025,"Vía nacional 9007, Transversal del caribe PR 8+415",OFICINA DE TRANSITO Y TRANSPORTE DEPARTAMENTAL DEL MAGDALENA,Departamental,"C24, C29, C35, D02, D06",30,Radar Doppler,Fijo,MGSNS001,10.989018,-74.706581,,,,,,,,,,25/06/2030
,SOL0000012047,CU000000001059,Autorizada instalar,ANTIOQUIA,LA CEJA,17/06/2025,"Vía La Ceja - Rionegro, K4+187, Tramo 56AN03, Sector EDS Terpel, Centro Comercial Cantarrana (sentido N-S)",SECRETARIA DE MOVILIDAD DEL MUNICIPIO DE LA CEJA,Municipal,"C24, C29, C35, D02, D06",60,Radar Doppler,Fijo,SAST4A,6.046578,-75.396729,,,,,,,,,,16/06/2030
,SOL0000012047,CU000000001058,Autorizada instalar,ANTIOQUIA,LA CEJA,17/06/2025,"Vía La Ceja - Rionegro, K4+187, Tramo 56AN03, Sector EDS Terpel, Centro Comercial Cantarrana (sentido S-N)",SECRETARIA DE MOVILIDAD DEL MUNICIPIO DE LA CEJA,Municipal,"C24, C29, C35, D02, D06",60,Radar Doppler,Fijo,SAST4B,6.046578,-75.396729,,,,,,,,,,16/06/2030
,SOL0000012046,CU000000001057,Autorizada instalar,ANTIOQUIA,LA CEJA,13/06/2025,"Vía La Ceja - Rionegro, K2 + 717, Tramo 56AN03, Sector Feria Ganadera (sentido N-S)",SECRETARIA DE MOVILIDAD DEL MUNICIPIO DE LA CEJA,Municipal,"C24, C29, C35, D02, D06",60,Radar Doppler,Fijo,SAST3A,6.04218,-75.40774,,,,,,,,,,12/06/2030
,SOL0000012046,CU000000001056,Autorizada instalar,ANTIOQUIA,LA CEJA,13/06/2025,"Vía La Ceja - Rionegro, K2 + 717, Tramo 56AN03, Sector Feria Ganadera (sentido S-N)",SECRETARIA DE MOVILIDAD DEL MUNICIPIO DE LA CEJA,Municipal,"C24, C29, C35, D02, D06",40,Radar Doppler,Fijo,SAST3B,6.04218,-75.40774,,,,,,,,,,12/06/2030
,SOL0000012048,CU000000001055,Autorizada instalar,ANTIOQUIA,LA CEJA,13/06/2025,"Vía La Ceja - Rionegro, K5 + 496, Tramo 56AN03, Sector San Judas, Parcelación Montecarlo (sentido N - S)",SECRETARIA DE MOVILIDAD DEL MUNICIPIO DE LA CEJA,Municipal,"C24, C29, C35, D02, D05, D06",50,Radar Doppler,Fijo,SAST5A,6.054607,-75.388438,,,,,,,,,,12/06/2030
,SOL0000012048,CU000000001054,Autorizada instalar,ANTIOQUIA,LA CEJA,13/06/2025,"Vía La Ceja - Rionegro, K5 + 496, Tramo 56AN03, Sector San Judas, Parcelación Montecarlo (sentido S-N)",SECRETARIA DE MOVILIDAD DEL MUNICIPIO DE LA CEJA,Municipal,"C24, C29, C35, D02, D05, D06",50,Radar Doppler,Fijo,SAST5B,6.054607,-75.388438,,,,,,,,,,12/06/2030
,SOL0000012044,CU000000001053,Autorizada instalar,ANTIOQUIA,LA CEJA,12/06/2025,"Vía La Ceja - La Unión, K36+968, Tramo 5601, sector Piedemonte (sentido E - O)",SECRETARIA DE MOVILIDAD DEL MUNICIPIO DE LA CEJA,Municipal,"C24, C29, C35, D02, D06",60,Radar Doppler,Fijo,SAST1A,6.023328,-75.412206,,,,,,,,,,11/06/2030
,SOL0000012044,CU000000001052,Autorizada instalar,ANTIOQUIA,LA CEJA,12/06/2025,"Vía La Ceja - La Unión, K36+968, Tramo 5601, sector Piedemonte (sentido O - E)",SECRETARIA DE MOVILIDAD DEL MUNICIPIO DE LA CEJA,Municipal,"C24, C29, C35, D02, D06",60,Radar Doppler,Fijo,SAST1B,6.023328,-75.412206,,,,,,,,,,11/06/2030
,SOL0000012045,CU000000001051,Autorizada instalar,ANTIOQUIA,LA CEJA,10/06/2025,"Vía Rionegro - La Unión, K1 + 003, Sector Variante Yegüerizo (sentido N - S)",SECRETARIA DE MOVILIDAD DEL MUNICIPIO DE LA CEJA,Municipal,"C24, C29, C35, D02, D05, D06",60,Radar Doppler,Fijo,SAST2A,6.034656,-75.414388,,,,,,,,,,09/06/2030
,SOL0000012045,CU000000001050,Autorizada instalar,ANTIOQUIA,LA CEJA,10/06/2025,"Vía Rionegro - La Unión, K1 + 003, Sector Variante Yegüerizo (sentido S-N)",SECRETARIA DE MOVILIDAD DEL MUNICIPIO DE LA CEJA,Municipal,"C24, C29, C35, D02, D05, D06",60,Radar Doppler,Fijo,SAST2B,6.034656,-75.414388,,,,,,,,,,09/06/2030
,SOL0000012224,CU000000001049,Autorizada instalar,VALLE DEL CAUCA,GUACARI,09/06/2025,"Ruta Nacional 2505 PR 51+317, sentido Sur - Norte",SECRETARIA DE MOVILIDAD Y TRANSPORTE DEL MUNICIPIO DE GUACARI,Municipal,"C24, C29, C35, D02, D07",80,Radar Doppler,Fijo,GCR51X310,3.76607405,-76.32690748,,,,,,,,,,08/06/2030
,SOL0000012444,CU000000001048,Autorizada instalar,VALLE DEL CAUCA,GUACARI,09/06/2025,"Ruta Nacional 2505 PR 49+100, sentido Norte - Sur",SECRETARIA DE MOVILIDAD Y TRANSPORTE DEL MUNICIPIO DE GUACARI,Municipal,"C24, C29, C35, D02, D07",90,Radar Doppler,Fijo,GCR49X100,3.74555396,-76.32489686,,,,,,,,,,08/06/2030
,SOL0000012284,CU000000000344,Autorizada instalar,SANTANDER,BARRANCABERMEJA,06/06/2025,Calle 52 con Carrera 24 (Sur-Norte),INSPECCION DE TRANSITO Y TRANSPORTE DE BARRANCABERMEJA,Municipal,"C03, C14, C24, C32, C35, C37, D02, D03, D04, D05, D07",None,Video Detección (Con Analítica de Video),Fijo,DISP2C,7.060975,-73.85447,,,,,,,,,,05/06/2030
,SOL0000012284,CU000000000346,Autorizada instalar,SANTANDER,BARRANCABERMEJA,06/06/2025,Calle 52 con Carrera 24 (Norte -Sur),INSPECCION DE TRANSITO Y TRANSPORTE DE BARRANCABERMEJA,Municipal,"C03, C14, C24, C32, C35, C37, D02, D03, D04, D05, D07",None,Video Detección (Con Analítica de Video),Fijo,DISP2D,7.061911,-73.85453,,,,,,,,,,05/06/2030
,SOL0000012284,CU000000000343,Autorizada instalar,SANTANDER,BARRANCABERMEJA,06/06/2025,Calle 52 con Carrera 24 (Oriente-Occidente),INSPECCION DE TRANSITO Y TRANSPORTE DE BARRANCABERMEJA,Municipal,"C03, C14, C24, C32, C35, C37, D02, D03, D04, D05, D07",None,Video Detección (Con Analítica de Video),Fijo,DISP2B,7.061586,-73.85411,,,,,,,,,,05/06/2030
,SOL0000012244,CU000000001042,Autorizada instalar,ATLANTICO,BARANOA,06/06/2025,Ruta Nacional 9006 en el PR 88 + 438,INSTITUTO DE TRANSITO DEL ATLANTICO,Departamental,"C24, C29, C35, D02, D06",30,Radar Doppler,Fijo,ATBAS006,10.728829,-74.912764,,,,,,,,,,05/06/2030
,SOL0000012204,CU000000001041,Autorizada instalar,ATLANTICO,SOLEDAD,04/06/2025,"Ruta Nacional 2516, PR 78+587 -Calle 30 con Carrera 19-, calzada occidental, Sentido: Norte sur",INSTITUTO MUNICIPAL DE TRANSITO Y TRANSPORTE DE SOLEDAD,Municipal,"C03, C14, C24, C29, C32, C35, D02, D04",50,Radar Doppler,Fijo,ATSO202501,10.918436,-74.775272,,,,,,,,,,03/06/2030
,SOL0000012206,CU000000001040,Autorizada instalar,ATLANTICO,SOLEDAD,28/05/2025,"Avenida El Platanal con Calle 37, calzada oriental, sentido sur-norte",INSTITUTO MUNICIPAL DE TRANSITO Y TRANSPORTE DE SOLEDAD,Municipal,"C03, C24, C29, C32, C35, D02, D04",50,Radar Doppler,Fijo,ATSO202503,10.9062,-74.774435,,,,,,,,,,27/05/2030
,SOL0000012205,CU000000001039,Autorizada instalar,ATLANTICO,SOLEDAD,28/05/2025,"Avenida El Platanal con Calle 37, calzada occidental, sentido norte - sur",INSTITUTO MUNICIPAL DE TRANSITO Y TRANSPORTE DE SOLEDAD,Municipal,"C03, C24, C29, C32, C35, D02, D04",50,Radar Doppler,Fijo,ATSO202502,10.906525,-74.774846,,,,,,,,,,27/05/2030
,SOL0000011965,CU000000000727,Autorizada instalar,ANTIOQUIA,RIONEGRO,27/05/2025,Vía San Antonio - La Ceja Tramo 56AN03; K12 + 960 Sector Kakaraka (sentido NS),SUBSECRETARIA DE MOVILIDAD RIONEGRO,Municipal,"C14, C24, C29, C35, D02",60,Radar Doppler,Fijo,Kakaraka2,6.11606402,-75.38922247,,,,,,,,,,26/05/2030
,SOL0000011965,CU000000000728,Autorizada instalar,ANTIOQUIA,RIONEGRO,27/05/2025,Vía San Antonio - La Ceja Tramo 56AN03; K12 + 960 Sector Kakaraka (sentido SN),SUBSECRETARIA DE MOVILIDAD RIONEGRO,Municipal,"C14, C24, C29, C35, D02",60,Radar Doppler,Fijo,Kakaraka1,6.11606402,-75.38922247,,,,,,,,,,26/05/2030
,SOL0000012207,CU000000001038,Autorizada instalar,ATLANTICO,SOLEDAD,27/05/2025,"Calle 63 con Carrera 18, calzada occidental, sentido norte sur",INSTITUTO MUNICIPAL DE TRANSITO Y TRANSPORTE DE SOLEDAD,Municipal,"C03, C14, C24, C29, C32, C35, D02, D04",50,Radar Doppler,Fijo,ATSO202504,10.917524,-74.799153,,,,,,,,,,26/05/2030
,SOL0000012184,CU000000000730,Autorizada instalar,CUNDINAMARCA,SOACHA,27/05/2025,Av. Carrera 4 (RN 4005) PR 113 + 615 Sentido S-N Girardot - Bogotá,SECRETARÍA DE MOVILIDAD DE SOACHA,Municipal,"C24, C29, C35, D02, D07",80,Radar Doppler,Fijo,SAST1,4.545852,-74.243426,,,,,,,,,,26/05/2030
,SOL0000012165,CU000000000223,Autorizada instalar,MAGDALENA,PUEBLOVIEJO,27/05/2025,"ruta nacional 9007, Transversal del Caribe, PR 53 +933",OFICINA DE TRANSITO Y TRANSPORTE DEPARTAMENTAL DEL MAGDALENA,Departamental,"C24, C29, C35, D02",50,Radar Doppler,Fijo,MGPVS002,10.981831,-74.30938,,,,,,,,,,26/05/2030
,SOL0000012166,CU000000000250,Autorizada instalar,MAGDALENA,PUEBLOVIEJO,26/05/2025,"Ruta Nacional 9007, Transversal del Caribe, PR 48 +050",OFICINA DE TRANSITO Y TRANSPORTE DEPARTAMENTAL DEL MAGDALENA,Departamental,"C24, C29, C35, D02",60,Radar Doppler,Fijo,MGPVS003,10.971872,-74.362098,,,,,,,,,,25/05/2030
,SOL0000012209,CU000000001035,Autorizada instalar,ATLANTICO,SOLEDAD,26/05/2025,"Calle 63 con Carrera 15, calzada occidental, sentido Norte sur",INSTITUTO MUNICIPAL DE TRANSITO Y TRANSPORTE DE SOLEDAD,Municipal,"C03, C14, C24, C29, C32, C35, D02, D04",50,Radar Doppler,Fijo,ATSO202506,10.91165,-74.799123,,,,,,,,,,25/05/2030
,SOL0000012167,CU000000000226,Autorizada instalar,MAGDALENA,PUEBLOVIEJO,22/05/2025,"Ruta Nacional 9007, Transversal del Caribe, PR 44 +010",OFICINA DE TRANSITO Y TRANSPORTE DEPARTAMENTAL DEL MAGDALENA,Departamental,"C24, C29, C35, D02",60,Radar Doppler,Móvil,MAGMOV,10.972246,-74.398495,,,,,,,,,,21/05/2030
,SOL0000012208,CU000000001033,Autorizada instalar,ATLANTICO,SOLEDAD,22/05/2025,"Calle 63 con Carrera 18, calzada oriental, sentido Sur norte",INSTITUTO MUNICIPAL DE TRANSITO Y TRANSPORTE DE SOLEDAD,Municipal,"C03, C14, C24, C29, C32, C35, D02, D04",50,Radar Doppler,Fijo,ATSO202505,10.916726,-74.799084,,,,,,,,,,21/05/2030
,SOL0000012064,CU000000001032,Autorizada instalar,ANTIOQUIA,PUERTO TRIUNFO,22/05/2025,RN 60 TRAMO 6005 PR 123+996 (Occidente-Oriente; Oriente-Occidente),SECRETARIA DE TRANSITO Y TRANSPORTE DE PUERTO TRIUNFO,Municipal,"C02, C24, C29, C35, D02, D10",30,Radar Doppler,Móvil,ANTPT002,5.904386,-74.644327,,,,,,,,,,21/05/2030
,SOL0000012024,CU000000000289,Autorizada instalar,CUNDINAMARCA,GACHANCIPA,22/05/2025,"la vía 5501 Troncal Central del Norte – Tramo Tocancipá – Chocontá Km 31+500 sentido Sur -Norte, Municipio de Gachancipá.",SECRETARIA DE MOVILIDAD CONTEMPORANEA DE CUNDINAMARCA,Departamental,"C24, C26, C29, C35, D02, D06",50,Radar Doppler,Móvil,ROBOT32F2D,4.99607,-73.86996,,,,,,,,,,21/05/2030
,SOL0000012084,CU000000001029,Autorizada instalar,ATLANTICO,TUBARA,22/05/2025,"vía nacional 90A01 o Transversal del Caribe, PR 79+920",INSTITUTO DE TRANSITO DEL ATLANTICO,Departamental,"C24, C29, C35, D02",50,Radar Doppler,Fijo,ATSUB002,10.903425,-75.031149,,,,,,,,,,21/05/2030
,SOL0000011984,CU000000000351,Autorizada instalar,SANTANDER,BARRANCABERMEJA,16/05/2025,Calle 52 entre Carrera 28 y Diagonal 49 Sentido Occidente-Oriente,INSPECCION DE TRANSITO Y TRANSPORTE DE BARRANCABERMEJA,Municipal,"C03, C14, C24, C32, C35, C37, D02, D03, D04, D05, D07",None,Video Detección (Con Analítica de Video),Fijo,Disp3B,7.06167,-73.85127,,,,,,,,,,15/05/2030
,SOL0000011984,CU000000000350,Autorizada instalar,SANTANDER,BARRANCABERMEJA,16/05/2025,Diagonal 49 entre Carrera 29 y Carrera 30. Sentido Sur-Norte,INSPECCION DE TRANSITO Y TRANSPORTE DE BARRANCABERMEJA,Municipal,"C03, C14, C24, C32, C35, C37, D02, D03, D04, D05, D07",None,Video Detección (Con Analítica de Video),Fijo,Disp3D,7.06134,-73.85098,,,,,,,,,,15/05/2030
,SOL0000011984,CU000000000352,Autorizada instalar,SANTANDER,BARRANCABERMEJA,16/05/2025,Diagonal 49 entre Calle 52 y carrera 31 sentido Norte-Sur,INSPECCION DE TRANSITO Y TRANSPORTE DE BARRANCABERMEJA,Municipal,"C03, C14, C24, C32, C35, C37, D02, D03, D04, D05, D07",None,Video Detección (Con Analítica de Video),Fijo,Disp3A,7.06222,-73.85044,,,,,,,,,,15/05/2030
,SOL0000011744,CU000000000455,Autorizada instalar,BOGOTA D.C,BOGOTA D.C,02/05/2025,AU. NORTE - CL 103 (S-N) C. LEN,SECRETARIA DISTRITAL DE MOVILIDAD,Distrital,"C02, C14, C24, C29, C35, D02",50,Radar Doppler,Fijo,DEI17CAM04,4.6897223,-74.0563427,,,,,,,,,,01/05/2030
,SOL0000011744,CU000000000457,Autorizada instalar,BOGOTA D.C,BOGOTA D.C,02/05/2025,AU. NORTE - CL 102 A (N-S) C. RAP,SECRETARIA DISTRITAL DE MOVILIDAD,Distrital,"C14, C24, C29, C35, D02",50,Radar Doppler,Fijo,DEI17CAM02,4.6895483,-74.0569346,,,,,,,,,,01/05/2030
,SOL0000011744,CU000000000463,Autorizada instalar,BOGOTA D.C,BOGOTA D.C,02/05/2025,AU. NORTE - CL 103 (S-N) C. RAP,SECRETARIA DISTRITAL DE MOVILIDAD,Distrital,"C02, C14, C24, C29, C35, D02",50,Radar Doppler,Fijo,DEI17CAM03,4.6895877,-74.0565733,,,,,,,,,,01/05/2030
,SOL0000011684,CU000000001011,Autorizada instalar,CUNDINAMARCA,SIBATE,22/04/2025,"la vía 4005 Transversal Buenaventura - Villavicencio - Puerto Carreño, Fusagasugá - Silvania - Bogotá (Bosa) km 112+500, Sentido Sur - Norte municipio de Sibaté",SECRETARIA DE MOVILIDAD CONTEMPORANEA DE CUNDINAMARCA,Departamental,"C24, C26, C29, C35, D02, D05",80,Radar Doppler,Móvil,ROBOT32F2D,4.541329,-74.251732,,,,,,,,,,21/04/2030
,SOL0000012445,CU000000000389,Autorizada instalar,CESAR,AGUACHICA,21/04/2025,"RUTA NACIONAL 4514 en el PR 64+680,  Sentido sur-norte",INSTITUTO MUNICIPAL DE TRANSITO Y TRANSPORTE DE AGUACHICA,Municipal,"C24, C29, C35, D02",70,Laser (Lidar) / Infrarrojo,Móvil,PUNTO5,8.29956418,-73.59867577,,,,,,,,,,20/04/2030
,SOL0000011664,CU000000001009,Autorizada instalar,CUNDINAMARCA,SIBATE,21/04/2025,"la vía 4005 Transversal Buenaventura - Villavicencio - Puerto Carreño, Fusagasugá - Silvania - Bogotá (Bosa) km 112+500, Sentido Norte – Sur municipio de Sibaté",SECRETARIA DE MOVILIDAD CONTEMPORANEA DE CUNDINAMARCA,Departamental,"C24, C26, C29, C35, D02, D05",80,Radar Doppler,Móvil,ROB5043306,4.541548,-74.25149,,,,,,,,,,20/04/2030
,SOL0000011604,CU000000001008,Autorizada instalar,VALLE DEL CAUCA,BUGALAGRANDE,10/04/2025,"la vía 2506 Troncal del Occidente, Andalucía - la Paila, km 11+170 sentido norte - sur",SECRETARÍA DE MOVILIDAD Y TRANSPORTE DEL VALLE DEL CAUCA - GOBERNACIÓN DEL VALLE,Departamental,"C26, C29, C35, D02, D05, D06",30,Radar Doppler,Móvil,EkinBOXS,4.245755,-76.125901,,,,,,,,,,09/04/2030
,SOL0000011425,CU000000000984,Autorizada instalar,CUNDINAMARCA,TOCANCIPA,26/03/2025,"la vía 55CNC Troncal Central del Norte – Sector Variante de Tocancipá Km 0+500 sentido Sur - Norte, Municipio de Tocancipá.",SECRETARIA DE MOVILIDAD CONTEMPORANEA DE CUNDINAMARCA,Departamental,"C24, C29, C35, D02, D06",80,Radar Doppler,Móvil,ROB504330,4.952057,-73.936897,,,,,,,,,,25/03/2030
,SOL0000011424,CU000000000983,Autorizada instalar,CUNDINAMARCA,TOCANCIPA,26/03/2025,"la vía de codigo 55CNC, Troncal Central del Norte – Sector Variante de Tocancipá PR 0+500 sentido Norte - Sur, Municipio de Tocancipá",SECRETARIA DE MOVILIDAD CONTEMPORANEA DE CUNDINAMARCA,Departamental,"C24, C26, C29, C35, D02, D06",80,Radar Doppler,Móvil,ROB5043306,4.952252,-73.936786,,,,,,,,,,25/03/2030
,SOL0000011465,CU000000000982,Autorizada instalar,BOGOTA D.C,BOGOTA D.C,26/03/2025,"AU NORTE - CL 235 (Calzada Occidental, costado occidental, N-S)",SECRETARIA DISTRITAL DE MOVILIDAD,Distrital,"C02, C14, C29, C35, D02",50,Radar Doppler,Móvil,DEI044CAM1,4.8155007,-74.036231,,,,,,,,,,25/03/2030
,SOL0000011428,CU000000000979,Autorizada instalar,MAGDALENA,ARACATACA,25/03/2025,TRONCAL DEL MAGDALENA TRAMO 4518 PR47+056 SENTIDO SUR-NORTE,INSTITUTO  MUNICIPAL DE TRANSITO DE ARACATACA IMTARAC,Municipal,"C24, C29, C35, D02, D06",40,Radar Doppler,Móvil,MGARAC03SN,10.59225,-74.169819,,,,,,,,,,24/03/2030
,SOL0000011428,CU000000000978,Autorizada instalar,MAGDALENA,ARACATACA,25/03/2025,TRONCAL DEL MAGDALENA TRAMO 45MGB PR 6+955 SENTIDO NORTE-SUR,INSTITUTO  MUNICIPAL DE TRANSITO DE ARACATACA IMTARAC,Municipal,"C24, C29, C35, D02, D06",40,Radar Doppler,Móvil,MGARAC03NS,10.590892,-74.170027,,,,,,,,,,24/03/2030
,SOL0000011426,CU000000000975,Autorizada instalar,CUNDINAMARCA,TOCANCIPA,20/03/2025,la vía 55CNC Troncal Central del Norte – Sector Variante de Tocancipá Km 1+950 sentido Sur - Norte,SECRETARIA DE MOVILIDAD CONTEMPORANEA DE CUNDINAMARCA,Departamental,"C24, C26, C29, C35, D02, D06",80,Radar Doppler,Móvil,ROB50433,4.954565,-73.924333,,,,,,,,,,19/03/2030
,SOL0000008734,CU000000000972,Autorizada instalar,VALLE DEL CAUCA,CALI,19/03/2025,Transversal 29 - Carrera 23 Sentido SE - NO Calzada izquierda (costado occidental),SECRETARIA DE MOVILIDAD SANTIAGO DE CALI,Municipal,"C14, C24, C29, C32, C35, D02, D04, D05, D07",50,Radar Doppler,Fijo,SAST13A,3.436169,-76.51273,,,,,,,,,,18/03/2030
,SOL0000008734,CU000000000971,Autorizada instalar,VALLE DEL CAUCA,CALI,19/03/2025,Transversal 29 - Carrera 23 Sentido SE - NO Calzada derecha (costado oriental),SECRETARIA DE MOVILIDAD SANTIAGO DE CALI,Municipal,"C14, C24, C29, C32, C35, D02, D04, D05, D07",50,Radar Doppler,Fijo,SAST13B,3.436169,-76.51273,,,,,,,,,,18/03/2030
,SOL0000008735,CU000000000970,Autorizada instalar,VALLE DEL CAUCA,CALI,19/03/2025,Calle 36 - KR 39 Sentido  NE - SO Carriles del costado norte de la calzada,SECRETARIA DE MOVILIDAD SANTIAGO DE CALI,Municipal,"C14, C24, C29, C32, C35, D02, D04, D05, D07",50,Radar Doppler,Fijo,SAST14B,3.419761,-76.507802,,,,,,,,,,18/03/2030
,SOL0000011364,CU000000000473,Autorizada instalar,CESAR,AGUACHICA,19/03/2025,Ruta Nacional 45CSI en el PR 2+850,INSTITUTO MUNICIPAL DE TRANSITO Y TRANSPORTE DE AGUACHICA,Municipal,"C24, C29, C35, D02, D03, D05, D07",70,Laser (Lidar) / Infrarrojo,Móvil,PUNTO6,8.324417,-73.588944,,,,,,,,,,18/03/2030
,SOL0000011427,CU000000000966,Autorizada instalar,MAGDALENA,ARACATACA,19/03/2025,TRONCAL DEL MAGDALENA RUTA 4518 PR 50+812 SENTIDO NORTE-SUR,INSTITUTO  MUNICIPAL DE TRANSITO DE ARACATACA IMTARAC,Municipal,"C24, C29, C35, D02, D06",50,Radar Doppler,Móvil,MGARAC04NS,10.628135,-74.166924,,,,,,,,,,18/03/2030
,SOL0000011427,CU000000000965,Autorizada instalar,MAGDALENA,ARACATACA,19/03/2025,TRONCAL DEL MAGDALENA RUTA 4518 PR 50+812 SENTIDO SUR-NORTE,INSTITUTO  MUNICIPAL DE TRANSITO DE ARACATACA IMTARAC,Municipal,"C24, C29, C35, D02, D06",50,Radar Doppler,Móvil,MGARAC04SN,10.628133,-74.166833,,,,,,,,,,18/03/2030
,SOL0000010153,CU000000000964,Autorizada instalar,VALLE DEL CAUCA,CALI,18/03/2025,Calle 15 - carrera 15 sentido S - N,SECRETARIA DE MOVILIDAD SANTIAGO DE CALI,Distrital,"C14, C24, C29, C32, C35, D02, D04, D07",40,Radar Doppler,Fijo,SAST31,3.442178,-76.52601,,,,,,,,,,17/03/2030
,SOL0000010159,CU000000000963,Autorizada instalar,VALLE DEL CAUCA,CALI,17/03/2025,Avenida 8N - calle 15 N Sentido NE  - SO,SECRETARIA DE MOVILIDAD SANTIAGO DE CALI,Distrital,"C14, C24, C29, C32, C35, D02, D04, D07",30,Radar Doppler,Fijo,SAST37,3.459136,-76.533408,,,,,,,,,,16/03/2030
,SOL0000010151,CU000000000962,Autorizada instalar,VALLE DEL CAUCA,CALI,14/03/2025,Calle 73 - Carrera 7RBis Sentido N - S,SECRETARIA DE MOVILIDAD SANTIAGO DE CALI,Distrital,"C14, C24, C29, C35, D02, D07",50,Radar Doppler,Fijo,SAST29,3.454688,-76.48227,,,,,,,,,,13/03/2030
,SOL0000011325,CU000000000961,Autorizada instalar,BOGOTA D.C,BOGOTA D.C,14/03/2025,"AU NORTE - CL 235 (Calzada Occidental, costado oriental, N-S)",SECRETARIA DISTRITAL DE MOVILIDAD,Distrital,"C14, C24, C29, C35, D02",50,Radar Doppler,Móvil,DEI044CAM2,4.815483,-74.036105,,,,,,,,,,13/03/2030
,SOL0000011327,CU000000000960,Autorizada instalar,BOGOTA D.C,BOGOTA D.C,13/03/2025,"AU NORTE - CL 235 (Calzada oriental, costado occidental, N-S)",SECRETARIA DISTRITAL DE MOVILIDAD,Distrital,"C14, C24, C29, C35, D02",50,Radar Doppler,Móvil,DEI044CAM4,4.815407,-74.035581,,,,,,,,,,12/03/2030
,SOL0000010158,CU000000000959,Autorizada instalar,VALLE DEL CAUCA,CALI,13/03/2025,Calle 54 - Carrera 42B Sentido NE - SO,SECRETARIA DE MOVILIDAD SANTIAGO DE CALI,Distrital,"C14, C24, C29, C32, C35, D02, D04, D07",30,Radar Doppler,Fijo,SAST36,3.401806,-76.50436,,,,,,,,,,12/03/2030
,SOL0000011326,CU000000000958,Autorizada instalar,BOGOTA D.C,BOGOTA D.C,13/03/2025,"AU NORTE - CL 235 (Calzada Oriental, costado oriental, S-N)",SECRETARIA DISTRITAL DE MOVILIDAD,Distrital,"C14, C24, C29, C35, D02",50,Radar Doppler,Móvil,DEI044CAM3,4.815393,-74.035435,,,,,,,,,,12/03/2030
,SOL0000008727,CU000000000957,Autorizada instalar,VALLE DEL CAUCA,CALI,12/03/2025,carrera 23 - calle 52 ENE - OSO Calzada lenta 2 carriles,SECRETARIA DE MOVILIDAD SANTIAGO DE CALI,Municipal,"C14, C24, C29, C32, C35, D02, D04, D07",50,Radar Doppler,Fijo,SAST6B,3.441308,-76.49876,,,,,,,,,,11/03/2030
,SOL0000010147,CU000000000954,Autorizada instalar,VALLE DEL CAUCA,CALI,11/03/2025,Avenida 3N - Calle 57N Sentido NNE - SSO,SECRETARIA DE MOVILIDAD SANTIAGO DE CALI,Distrital,"C14, C24, C26, C29, C35, D02, D07",50,Radar Doppler,Móvil,SAST25,3.487,-76.51165,,,,,,,,,,10/03/2030
,SOL0000010157,CU000000000953,Autorizada instalar,VALLE DEL CAUCA,CALI,11/03/2025,Carrera 1 - calle 71 Sentido NE - SO,SECRETARIA DE MOVILIDAD SANTIAGO DE CALI,Distrital,"C14, C24, C29, C35, D02, D07",50,Radar Doppler,Móvil,SAST35,3.490858,-76.491854,,,,,,,,,,10/03/2030
,SOL0000011305,CU000000000952,Autorizada instalar,CUNDINAMARCA,ZIPAQUIRA,10/03/2025,Calle 23 X Carrera 17 Acceso Suroriental,SECRETARIA DE TRANSPORTE Y MOVILIDAD DE ZIPAQUIRA,Municipal,"C03, C24, C31, C35, D02, D04, D07",None,Video Detección (Con Analítica de Video),Fijo,SMARTCAM8,5.032778,-73.993936,,,,,,,,,,09/03/2030
,SOL0000011305,CU000000000951,Autorizada instalar,CUNDINAMARCA,ZIPAQUIRA,10/03/2025,Calle 23 X Carrera 17 Acceso Noroccidental,SECRETARIA DE TRANSPORTE Y MOVILIDAD DE ZIPAQUIRA,Municipal,"C03, C24, C31, C35, D02, D04, D07",None,Video Detección (Con Analítica de Video),Fijo,SMARTCAM9,5.033172,-73.994143,,,,,,,,,,09/03/2030
,SOL0000010163,CU000000000950,Autorizada instalar,VALLE DEL CAUCA,CALI,07/03/2025,Calle 13 carrera 80 Sentido N - S,SECRETARIA DE MOVILIDAD SANTIAGO DE CALI,Distrital,"C14, C24, C26, C29, C35, D02, D07",50,Radar Doppler,Móvil,SAST41,3.387213,-76.53868,,,,,,,,,,06/03/2030
,SOL0000010156,CU000000000948,Autorizada instalar,VALLE DEL CAUCA,CALI,06/03/2025,Carrera 8 - calle 44 Sentido O - E,SECRETARIA DE MOVILIDAD SANTIAGO DE CALI,Distrital,"C14, C24, C29, C32, C35, D02, D04, D07",50,Radar Doppler,Fijo,SAST34,3.453275,-76.505693,,,,,,,,,,05/03/2030
,SOL0000011264,CU000000000947,Autorizada instalar,CESAR,VALLEDUPAR,06/03/2025,CARRERA 23 - CALLE 14C (SENTIDO SUR - NORTE),Secretaría de Tránsito y Transporte de Valledupar,Municipal,"C02, C24, C29, C31, C35, D02, D03, D05, D07, D10",40,Radar Doppler,Fijo,EQUIPO061,10.46566253,-73.26633422,,,,,,,,,,05/03/2030
,SOL0000011264,CU000000000946,Autorizada instalar,CESAR,VALLEDUPAR,06/03/2025,CARRERA 23 - CALLE 14 (SENTIDO NORTE - SUR),Secretaría de Tránsito y Transporte de Valledupar,Municipal,"C02, C24, C29, C31, C35, D02, D03, D05, D07, D10",40,Radar Doppler,Fijo,EQUIPO062,10.46714611,-73.26655686,,,,,,,,,,05/03/2030
,SOL0000011304,CU000000000944,Autorizada instalar,CUNDINAMARCA,ZIPAQUIRA,05/03/2025,Carrera 15 X Calle 4 Acceso Sur,SECRETARIA DE TRANSPORTE Y MOVILIDAD DE ZIPAQUIRA,Municipal,"C03, C24, C31, C32, C35, D02, D04",None,Video Detección (Con Analítica de Video),Fijo,SMARTCAM6,5.019261,-74.000249,,,,,,,,,,04/03/2030
,SOL0000011304,CU000000000943,Autorizada instalar,CUNDINAMARCA,ZIPAQUIRA,05/03/2025,Carrera 15 X Calle 4 Acceso Norte,SECRETARIA DE TRANSPORTE Y MOVILIDAD DE ZIPAQUIRA,Municipal,"C03, C24, C31, C32, C35, D02, D04",None,Video Detección (Con Analítica de Video),Fijo,SMARTCAM7,5.019686,-73.999935,,,,,,,,,,04/03/2030
,SOL0000011070,CU000000000279,Autorizada instalar,ATLANTICO,MALAMBO,04/03/2025,VÍA TRONCAL DE OCCIDENTE RUTA 2516 PR 73+021 (sentido norte-sur),SECRETARIA DE TRÁNSITO Y TRANSPORTE DE MALAMBO - ATLANTICO,Municipal,"C.32, C24, C29, C35, D02, D04",50,Radar Doppler,Fijo,ATMLRS01,10.870291,-74.771399,,,,,,,,,,03/03/2030
,SOL0000011265,CU000000000941,Autorizada instalar,CESAR,VALLEDUPAR,04/03/2025,TRANSVERSAL 22 BIS - CALLE 3 (SENTIDO NORTE - SUR),Secretaría de Tránsito y Transporte de Valledupar,Municipal,"C02, C24, C29, C35, D02",40,Radar Doppler,Fijo,EQUIPO082,10.483222,-73.272725,,,,,,,,,,03/03/2030
,SOL0000011265,CU000000000940,Autorizada instalar,CESAR,VALLEDUPAR,04/03/2025,CARRERA 23 - CALLE 5A (SENTIDO SUR - NORTE),Secretaría de Tránsito y Transporte de Valledupar,Municipal,"C02, C24, C29, C35, D02",40,Radar Doppler,Fijo,EQUIPO081,10.48142154,-73.2725024,,,,,,,,,,03/03/2030
,SOL0000011104,CU000000000284,Autorizada instalar,ATLANTICO,MALAMBO,03/03/2025,la Ruta Nacional 2516 PR 75+154 (sentido sur-norte),SECRETARIA DE TRÁNSITO Y TRANSPORTE DE MALAMBO - ATLANTICO,Municipal,"C24, C29, C35, D02",50,Radar Doppler,Fijo,ATMLS001,10.889146,-74.769846,,,,,,,,,,02/03/2030
,SOL0000011084,CU000000000240,Autorizada instalar,N. DE SANTANDER,CUCUTA,03/03/2025,"Av. 1 entre Calle 24 y 26 , costado Oriental, Captura  Salida Sentido Sur - Norte",Secretaría de tránsito y Transporte de la Alcaldía de San José de Cúcuta,Municipal,"C02, C14, C24, C29, C35, D02, D07",30,Radar Doppler,Fijo,AV1CLL24R1,7.872719,-72.501028,,,,,,,,,,02/03/2030
,SOL0000011084,CU000000000239,Autorizada instalar,N. DE SANTANDER,CUCUTA,03/03/2025,"Av. 1 entre Calle 24 y 26 , costado Occidental, Captura  Salida Sentido Norte - Sur",Secretaría de tránsito y Transporte de la Alcaldía de San José de Cúcuta,Municipal,"C02, C14, C24, C29, C35, D02, D07",30,Radar Doppler,Fijo,AV1CLL24R2,7.873256,-72.500882,,,,,,,,,,02/03/2030
,SOL0000011164,CU000000000229,Autorizada instalar,BOLIVAR,ARJONA,28/02/2025,Trasversal del Caribe Ruta 9005 PR 78+471 (CARRERA 47 No. DG 42C-122),SECRETARIA MUNICIPAL DE TRANSPORTE Y TRANSITO DE ARJONA,Municipal,"C24, C29, C35, D02, D03, D07",40,Radar Doppler,Fijo,BOARS001,10.247903,-75.347055,,,,,,,,,,27/02/2030
,SOL0000011085,CU000000000283,Autorizada instalar,ATLANTICO,MALAMBO,28/02/2025,la Ruta Nacional 2516 PR 72+382 (sentido SUR-NORTE),SECRETARIA DE TRÁNSITO Y TRANSPORTE DE MALAMBO - ATLANTICO,Municipal,"C24, C29, C32, C35, D02, D04",50,Radar Doppler,Fijo,ATMLRS02,10.864616,-74.772149,,,,,,,,,,27/02/2030
,SOL0000011064,CU000000000156,Autorizada instalar,BOGOTA D.C,BOGOTA D.C,27/02/2025,AV PRIMERO DE MAYO - CL 40 SUR,SECRETARIA DISTRITAL DE MOVILIDAD,Distrital,"C03, C14, C24, C31, C32, C35, D02, D05",None,Semi-Automática (Acción Remota),Fijo,Cam74XTS,4.6170706,-74.1528575,,,,,,,,,,26/02/2030
,SOL0000008724,CU000000000930,Autorizada instalar,VALLE DEL CAUCA,CALI,26/02/2025,Calle 36 - carrera 146 sentido N - S (Ruta: 25 - Tramo: 2504 - PR: 111 + 340 ),SECRETARIA DE MOVILIDAD SANTIAGO DE CALI,Municipal,"C24, C29, C35, D02, D07",70,Radar Doppler,Móvil,SAST03,3.3147983,-76.5228599,,,,,,,,,,25/02/2030
,SOL0000010764,CU000000000928,Autorizada instalar,ATLANTICO,SANTO TOMAS,26/02/2025,"VÍA TRONCAL DE OCCIDENTE RUTA 2516 PR 61 + 300,",INSTITUTO DE TRANSITO DEL ATLANTICO,Departamental,"C24, C29, C35, D02",60,Radar Doppler,Fijo,ATSNT003,10.76883,-74.757948,,,,,,,,,,25/02/2030
,SOL0000011067,CU000000000135,Autorizada instalar,BOGOTA D.C,BOGOTA D.C,26/02/2025,AU SUR - CL 59 SUR,SECRETARIA DISTRITAL DE MOVILIDAD,Distrital,"C03, C14, C24, C31, C32, C35, D02, D05, D07",None,Semi-Automática (Acción Remota),Fijo,Cam97XTS,4.596975,-74.177319,,,,,,,,,,25/02/2030
,SOL0000010642,CU000000000445,Autorizada instalar,CORDOBA,PLANETA RICA,25/02/2025,VIA NACIONAL RUTA  23-10  KM 4 + 500,SecretarÍa de Transporte y Tránsito del Municipio de Planeta Rica,Municipal,"C24, C29, C35, D02, D05, D06, D07",30,Radar Doppler,Fijo,P2LOAMZ,8.452886,-75.595614,,,,,,,,,,24/02/2030
,SOL0000008738,CU000000000921,Autorizada instalar,VALLE DEL CAUCA,CALI,24/02/2025,Carrera 56 - calle 10 Sentido ONO - ESE,SECRETARIA DE MOVILIDAD SANTIAGO DE CALI,Municipal,"C14, C24, C29, C32, C35, D02, D04, D07",50,Radar Doppler,Fijo,SAST17,3.40674,-76.54038,,,,,,,,,,23/02/2030
,SOL0000010145,CU000000000920,Autorizada instalar,VALLE DEL CAUCA,CALI,24/02/2025,Calle 48 - Carrera 80 Sentido S- N,SECRETARIA DE MOVILIDAD SANTIAGO DE CALI,Distrital,"C03, C14, C24, C29, C32, C35, D02, D04, D07",50,Radar Doppler,Fijo,SAST23,3.388155,-76.51624,,,,,,,,,,23/02/2030
,SOL0000010743,CU000000000915,Autorizada instalar,CESAR,VALLEDUPAR,21/02/2025,CALLE 16 - CARRERA 12 (OESTE - ESTE),Secretaría de Tránsito y Transporte de Valledupar,Municipal,"C02, C03, C24, C32, C35, D02, D04, D05",None,Radar Doppler,Fijo,EQUIPO041,10.47327816,-73.25000611,,,,,,,,,,20/02/2030
,SOL0000010743,CU000000000914,Autorizada instalar,CESAR,VALLEDUPAR,21/02/2025,CARRERA 12 - CALLE 16 (SUR - NORTE),Secretaría de Tránsito y Transporte de Valledupar,Municipal,"C02, C03, C24, C32, C35, D02, D04, D05",None,Radar Doppler,Fijo,EQUIPO042,10.473281,-73.249486,,,,,,,,,,20/02/2030
,SOL0000010882,CU000000000912,Autorizada instalar,CESAR,VALLEDUPAR,21/02/2025,CARRERA 9 - CALLE 17 (SUR - NORTE),Secretaría de Tránsito y Transporte de Valledupar,Municipal,"C02, C03, C24, C32, C35, D02, D04, D05",None,Radar Doppler,Fijo,EQUIPO051,10.47290828,-73.24537977,,,,,,,,,,20/02/2030
,SOL0000010882,CU000000000911,Autorizada instalar,CESAR,VALLEDUPAR,21/02/2025,CALLE 17 - CARRERA 8 (ESTE - OESTE),Secretaría de Tránsito y Transporte de Valledupar,Municipal,"C02, C03, C24, C32, C35, D02, D04, D05",None,Radar Doppler,Fijo,EQUIPO052,10.473249,-73.245131,,,,,,,,,,20/02/2030
,SOL0000010402,CU000000000909,Autorizada instalar,CESAR,VALLEDUPAR,21/02/2025,DIAGONAL 21 - CARRERA 18E (SENTIDO NORTE - SUR),Secretaría de Tránsito y Transporte de Valledupar,Municipal,"C02, C03, C24, C29, C32, C35, D02, D04, D05",40,Radar Doppler,Fijo,EQUIPO022,10.46242587,-73.25364062,,,,,,,,,,20/02/2030
,SOL0000010402,CU000000000908,Autorizada instalar,CESAR,VALLEDUPAR,21/02/2025,DIAGONAL 21 - CARRERA 19 (SENTIDO SUR - NORTE),Secretaría de Tránsito y Transporte de Valledupar,Municipal,"C02, C03, C24, C29, C32, C35, D02, D04, D05",40,Radar Doppler,Fijo,EQUIPO021,10.46141735,-73.25401938,,,,,,,,,,20/02/2030
,SOL0000010802,CU000000000907,Autorizada instalar,CESAR,VALLEDUPAR,21/02/2025,CALLE 21 - CARRERA 15 (SENTIDO OESTE - ESTE),Secretaría de Tránsito y Transporte de Valledupar,Municipal,"C02, C03, C24, C32, C35, D02, D04, D05",None,Radar Doppler,Fijo,EQUIPO031,10.46396196,-73.24742903,,,,,,,,,,20/02/2030
,SOL0000010802,CU000000000906,Autorizada instalar,CESAR,VALLEDUPAR,21/02/2025,TRANSVERSAL 12 - CALLE 20B (SENTIDO NORTE - SUR),Secretaría de Tránsito y Transporte de Valledupar,Municipal,"C02, C03, C24, C32, C35, D02, D04, D05",None,Radar Doppler,Fijo,EQUIPO032,10.46424082,-73.24693397,,,,,,,,,,20/02/2030
,SOL0000011069,CU000000000905,Autorizada instalar,ANTIOQUIA,PUERTO TRIUNFO,20/02/2025,RN60 TRAMO 6005 PR 113 + 019 (Occidente - Oriente; Oriente - Occidente),SECRETARIA DE TRANSITO Y TRANSPORTE DE PUERTO TRIUNFO,Municipal,"C19, C24, C29, C35, D02, D03, D06, D10",50,Radar Doppler,Móvil,ANTPT001,5.898451,-74.740776,,,,,,,,,,19/02/2030
,SOL0000010702,CU000000000329,Autorizada instalar,SANTANDER,BARRANCABERMEJA,20/02/2025,Calle 45 con Carrera 28 (Sentido Occidente-Oriente),INSPECCION DE TRANSITO Y TRANSPORTE DE BARRANCABERMEJA,Municipal,"C03, C14, C24, C32, C35, C37, D02, D03, D04, D05, D07",None,Video Detección (Con Analítica de Video),Fijo,Disp10C,7.05631,-73.85065,,,,,,,,,,19/02/2030
,SOL0000010763,CU000000000900,Autorizada instalar,ATLANTICO,BARRANQUILLA,20/02/2025,Avenida circunvalar (calle 110) con Carrera 3  Sentido Norte - Sur,SECRETARÍA DISTRITAL DE TRÁNSITO Y SEGURIDAD VIAL - BARRANQUILLA,Distrital,"C14, C24, C29, C35, D02",30,Radar Doppler,Fijo,ATBQS003,10.94074,-74.833945,,,,,,,,,,19/02/2030
,SOL0000010763,CU000000000899,Autorizada instalar,ATLANTICO,BARRANQUILLA,20/02/2025,Avenida Circunvalar con Carrera 3 Sentido Sur - Norte,SECRETARÍA DISTRITAL DE TRÁNSITO Y SEGURIDAD VIAL - BARRANQUILLA,Distrital,"C14, C24, C29, C35, D02",30,Radar Doppler,Fijo,ATBQS002,10.93881,-74.834127,,,,,,,,,,19/02/2030
,SOL0000010582,CU000000000897,Autorizada instalar,CESAR,VALLEDUPAR,17/02/2025,RUTA 8003 PR96+611 SENTIDO OESTE-ESTE,Secretaría de Tránsito y Transporte de Valledupar,Municipal,"C24, C29, C35, D02",100,Radar Doppler,Fijo,EQUIPO011,10.31745025,-73.37820844,,,,,,,,,,16/02/2030
,SOL0000010582,CU000000000896,Autorizada instalar,CESAR,VALLEDUPAR,17/02/2025,RUTA 8003 PR96+611 SENTIDO ESTE-OESTE,Secretaría de Tránsito y Transporte de Valledupar,Municipal,"C24, C29, C35, D02",100,Radar Doppler,Fijo,EQUIPO012,10.31789834,-73.37851588,,,,,,,,,,16/02/2030
,SOL0000010785,CU000000000894,Autorizada instalar,CESAR,VALLEDUPAR,14/02/2025,CALLE 6 - CARRERA 23 (SENTIDO OESTE - ESTE),Secretaría de Tránsito y Transporte de Valledupar,Municipal,"C02, C03, C24, C32, C35, D02, D03, D04, D05",None,Radar Doppler,Fijo,EQUIPO071,10.48103108,-73.27257429,,,,,,,,,,13/02/2030
,SOL0000010544,CU000000000136,Autorizada instalar,BOGOTA D.C,BOGOTA D.C,13/02/2025,AV NQS - AV CL 8 SUR,SECRETARIA DISTRITAL DE MOVILIDAD,Distrital,"C03, C14, C24, C31, C32, C35, D02, D05",None,Semi-Automática (Acción Remota),Fijo,Cam68XTS,4.5984922,-74.1069537,,,,,,,,,,12/02/2030
,SOL0000010164,CU000000000888,Autorizada instalar,VALLE DEL CAUCA,CALI,12/02/2025,Carrera 1 - Calle 62 sentido SO  - NE,SECRETARIA DE MOVILIDAD SANTIAGO DE CALI,Distrital,"C14, C24, C29, C32, C35, D02, D04, D07",50,Radar Doppler,Fijo,SAST42,3.480683,-76.49872,,,,,,,,,,11/02/2030
,SOL0000008730,CU000000000882,Autorizada instalar,VALLE DEL CAUCA,CALI,10/02/2025,Calle 1 - carrera 50 sentido NNE - SSO,SECRETARIA DE MOVILIDAD SANTIAGO DE CALI,Municipal,"C14, C24, C29, C32, C35, D02, D04, D07",50,Radar Doppler,Fijo,SAST09,3.418409,-76.554167,,,,,,,,,,09/02/2030
,SOL0000010342,CU000000000880,Autorizada instalar,ATLANTICO,LURUACO,10/02/2025,RUTA NACIONAL 9006 PR 58+350,INSTITUTO DE TRANSITO DEL ATLANTICO,Departamental,"C24, C29, C35, D02",60,Radar Doppler,Fijo,ATLUR002,10.6420216,-75.089228,,,,,,,,,,09/02/2030
,SOL0000011005,CU000000000205,Autorizada instalar,ANTIOQUIA,MEDELLIN,10/02/2025,"Carrera 65 por calle 59A , calzada oriental sentido sur - norte",SECRETARIA DE MOVILIDAD DE MEDELLIN,Distrital,"C14, C29, C35, D02",50,Radar Doppler,Móvil,K65C58,6.264321,-75.578226,,,,,,,,,,09/02/2030
,SOL0000011165,CU000000000722,Autorizada instalar,N. DE SANTANDER,CUCUTA,06/02/2025,"Calle 6 entre Avenida 5 y Avenida 6, sentido Este - Oeste",Secretaría de tránsito y Transporte de la Alcaldía de San José de Cúcuta,Municipal,"C02, C03, C14, C24, C35, D02, D04, D07",None,Radar Doppler,Fijo,AVCALL6R2,7.890705,-72.505454,,,,,,,,,,05/02/2030
,SOL0000010946,CU000000000195,Autorizada instalar,ANTIOQUIA,MEDELLIN,05/02/2025,"Carrera 48 con Carrera 47 calzada oriental, sentido sur - norte",SECRETARIA DE MOVILIDAD DE MEDELLIN,Distrital,"C14, C29, C35, D02",50,Radar Doppler,Móvil,K48C7,6.210935,-75.576379,,,,,,,,,,04/02/2030
,SOL0000010482,CU000000000127,Autorizada instalar,BOGOTA D.C,BOGOTA D.C,04/02/2025,AV CARACAS - AV CL 19,SECRETARIA DISTRITAL DE MOVILIDAD,Distrital,"C03, C14, C24, C31, C32, C35, D02, D05",None,Semi-Automática (Acción Remota),Fijo,Cam38XTS,4.608816,-74.07643,,,,,,,,,,03/02/2030
,SOL0000010924,CU000000000016,Autorizada instalar,ANTIOQUIA,MEDELLIN,04/02/2025,"Avenida 33 por Carrera 66B calzada norte, sentido oriente - occidente",SECRETARIA DE MOVILIDAD DE MEDELLIN,Distrital,"C14, C29, C35, D02",50,Radar Doppler,Fijo,65DepBuler,6.239261,-75.58931,,,,,,,,,,03/02/2030
,SOL0000008729,CU000000000864,Autorizada instalar,VALLE DEL CAUCA,CALI,03/02/2025,Calle 1 - carrera 50 sentido SSO - NNE,SECRETARIA DE MOVILIDAD SANTIAGO DE CALI,Municipal,"C14, C24, C29, C32, C35, D02, D04, D07",50,Radar Doppler,Fijo,SAST08,3.417703,-76.55421,,,,,,,,,,02/02/2030
,SOL0000010784,CU000000000021,Autorizada instalar,ANTIOQUIA,MEDELLIN,03/02/2025,Carrera 65 por Calle 44 sentido sur - norte,SECRETARIA DE MOVILIDAD DE MEDELLIN,Distrital,"C14, C29, C32, C35, D02, D04",50,Radar Doppler,Fijo,55SnJuan65,6.248214,-75.583422,,,,,,,,,,02/02/2030
,SOL0000010903,CU000000000092,Autorizada instalar,ANTIOQUIA,MEDELLIN,30/01/2025,Calle 10A por Carrera 36 sentido oriente - occidente,SECRETARIA DE MOVILIDAD DE MEDELLIN,Distrital,"C14, C29, C32, C35, D02, D04",50,Radar Doppler,Fijo,03Hotel10,6.209504,-75.565516,,,,,,,,,,29/01/2030
,SOL0000010363,CU000000000026,Autorizada instalar,ANTIOQUIA,MEDELLIN,29/01/2025,"Km 7 +300 Vía Túnel de Occidente O-E calzada sur, sentido occidente - oriente",SECRETARIA DE MOVILIDAD DE MEDELLIN,Distrital,"C29, C35, D02",60,Radar Doppler,Fijo,67TuneOcOr,6.279117,-75.645056,,,,,,,,,,28/01/2030
,SOL0000010182,CU000000000838,Autorizada instalar,ATLANTICO,SANTO TOMAS,28/01/2025,Ruta Nacional 25ATA en el PR 6+ 330 Sentido Sur-Norte,INSTITUTO DE TRANSITO DEL ATLANTICO,Departamental,"C24, C29, C35, D02",80,Radar Doppler,Fijo,ATSNT001,10.76779299,-74.76485007,,,,,,,,,,27/01/2030
,SOL0000010182,CU000000000837,Autorizada instalar,ATLANTICO,SANTO TOMAS,28/01/2025,Ruta Nacional 25ATA  PR 6+ 330 Sentido Norte-Sur,INSTITUTO DE TRANSITO DEL ATLANTICO,Departamental,"C24, C29, C35, D02",80,Radar Doppler,Fijo,ATSNT002,10.76781634,-74.76518208,,,,,,,,,,27/01/2030
,SOL0000010966,CU000000000192,Autorizada instalar,ANTIOQUIA,MEDELLIN,28/01/2025,"Carrera 64C por Calle 97A calzada occidental, sentido norte - sur",SECRETARIA DE MOVILIDAD DE MEDELLIN,Distrital,"C14, C29, C35, D02",50,Radar Doppler,Móvil,K64CC97A,6.292095,-75.568481,,,,,,,,,,27/01/2030
,SOL0000010243,CU000000000202,Autorizada instalar,ANTIOQUIA,MEDELLIN,28/01/2025,"Carrera 48 con Calle 10 Sur calzada oriental, sentido sur - norte",SECRETARIA DE MOVILIDAD DE MEDELLIN,Distrital,"C14, C29, C35, D02",50,Radar Doppler,Móvil,K48C10Sur,6.196922,-75.578398,,,,,,,,,,27/01/2030
,SOL0000010964,CU000000000198,Autorizada instalar,ANTIOQUIA,MEDELLIN,28/01/2025,"Carrera 65 por Calle 72 calzada occidental, sentido norte - sur",SECRETARIA DE MOVILIDAD DE MEDELLIN,Distrital,"C14, C29, C35, D02",50,Radar Doppler,Móvil,K65C71,6.271337,-75.575589,,,,,,,,,,27/01/2030
,SOL0000010965,CU000000000193,Autorizada instalar,ANTIOQUIA,MEDELLIN,28/01/2025,"Autopista Sur entre Calle 45 y 45A a la altura de La Macarena, calzada oriental, sentido norte - sur",SECRETARIA DE MOVILIDAD DE MEDELLIN,Distrital,"C14, C29, C35, D02",50,Radar Doppler,Móvil,K63C44,6.249763,-75.58005,,,,,,,,,,27/01/2030
,SOL0000010945,CU000000000197,Autorizada instalar,ANTIOQUIA,MEDELLIN,28/01/2025,"Carrera 65 por Calle 8B calazada occidental, sentido norte - sur",SECRETARIA DE MOVILIDAD DE MEDELLIN,Distrital,"C14, C29, C35, D02",50,Radar Doppler,Móvil,K65C8B,6.215575,-75.586398,,,,,,,,,,27/01/2030
,SOL0000010122,CU000000000414,Autorizada instalar,CESAR,AGUACHICA,27/01/2025,"Troncal del Magdalena , Ruta nacional 4514  en el  PR 66+257 (sentido norte sur y sur norte).",INSTITUTO MUNICIPAL DE TRANSITO Y TRANSPORTE DE AGUACHICA,Municipal,"C24, C29, C35, D02, D07",30,Radar Doppler,Fijo,PUNTO3,8.315056,-73.596694,,,,,,,,,,26/01/2030
,SOL0000010323,CU000000000018,Autorizada instalar,ANTIOQUIA,MEDELLIN,22/01/2025,"Km 7 +300 Via Tunel de Occidente calzada norte, sentido oriente - occidente",SECRETARIA DE MOVILIDAD DE MEDELLIN,Distrital,"C29, C35, D02",60,Radar Doppler,Fijo,68TuneOrOc,6.279099,-75.644763,,,,,,,,,,21/01/2030
,SOL0000009982,CU000000000808,Autorizada instalar,ATLANTICO,PIOJO,15/01/2025,Ruta Nacional 90A01  PR 53+050,INSTITUTO DE TRANSITO DEL ATLANTICO,Departamental,"C24, C29, C35, D02",60,Radar Doppler,Fijo,ATPIO001,10.770109,-75.21958,,,,,,,,,,14/01/2030
,SOL0000010042,CU000000000806,Autorizada instalar,VALLE DEL CAUCA,ANDALUCIA,14/01/2025,TRONCAL DE OCCIDENTE RUTA 2506 PR 0+337 SENTIDO SUR-NORTE,SECRETARIA DE TRANSITO Y TRANSPORTE ANDALUCIA,Municipal,"C24, C29, C35, D02",90,Radar Doppler,Móvil,ANDPUNTO3,4.168611,-76.174707,,,,,,,,,,13/01/2030
,SOL0000009943,CU000000000805,Autorizada instalar,ATLANTICO,JUAN DE ACOSTA,09/01/2025,Ruta Nacional 90A01  PR 74+750,INSTITUTO DE TRANSITO DEL ATLANTICO,Departamental,"C24, C29, C35, D02, D06",40,Radar Doppler,Fijo,ATJA008,10.881285,-75.070755,,,,,,,,,,08/01/2030
,SOL0000009202,CU000000000721,Autorizada instalar,N. DE SANTANDER,CUCUTA,09/01/2025,Avenida 4 entre Calle 6 y Calle 7,Secretaría de tránsito y Transporte de la Alcaldía de San José de Cúcuta,Municipal,"C02, C03, C14, C24, C32, C35, D02, D04, D07",None,Radar Doppler,Fijo,CLL7AV4R2,7.890517,-72.503497,,,,,,,,,,08/01/2030
,SOL0000009503,CU000000000800,Autorizada instalar,N. DE SANTANDER,CUCUTA,09/01/2025,"AV La Gran Colombia entre AV Guaimaral y AV 11A Este, calzada Norte, sentido Este - Oeste",Secretaría de tránsito y Transporte de la Alcaldía de San José de Cúcuta,Municipal,"C02, C14, C24, C35, D02, D04, D07",None,Radar Doppler,Fijo,AVGCAVGR2,7.894819,-72.489597,,,,,,,,,,08/01/2030
,SOL0000009843,CU000000000799,Autorizada instalar,ATLANTICO,PALMAR DE VARELA,31/12/2024,Ruta Nacional 90AT01 PR 15 + 150 (Calzada Oeste),INSTITUTO DE TRANSITO DEL ATLANTICO,Departamental,"C24, C29, C35, D02",80,Radar Doppler,Fijo,ATPO003,10.70841312,-74.7933469,,,,,,,,,,30/12/2029
,SOL0000009843,CU000000000798,Autorizada instalar,ATLANTICO,PALMAR DE VARELA,31/12/2024,Ruta Nacional 90AT01 PR 15 + 150 (Calzada Este),INSTITUTO DE TRANSITO DEL ATLANTICO,Departamental,"C24, C29, C35, D02",80,Radar Doppler,Fijo,ATPOS004,10.7081483,-74.793077,,,,,,,,,,30/12/2029
,SOL0000009822,CU000000000795,Autorizada instalar,ATLANTICO,LURUACO,27/12/2024,Ruta Nacional 9006 PR 46+950,INSTITUTO DE TRANSITO DEL ATLANTICO,Departamental,"C24, C29, C35, D02, D06",50,Radar Doppler,Fijo,ATLUR001,10.616374,-75.160195,,,,,,,,,,26/12/2029
,SOL0000009707,CU000000000241,Autorizada instalar,N. DE SANTANDER,CUCUTA,23/12/2024,AV. 0 entre calle 1 y calle 1A-Entrada - Sentido Norte a Sur - Calzada Occidental,Secretaría de tránsito y Transporte de la Alcaldía de San José de Cúcuta,Municipal,"C02, C14, C35, D02, D07",None,Radar Doppler,Fijo,AV0CLL1R1,7.908612,-72.517827,,,,,,,,,,22/12/2029
,SOL0000009782,CU000000000791,Autorizada instalar,ATLANTICO,POLONUEVO,23/12/2024,"Ruta Baranoa - Polonuevo, en el kilómetro 5+800 desde Baranoa hacia Polonuevo",INSTITUTO DE TRANSITO DEL ATLANTICO,Departamental,"C24, C29, C35, D02",60,Radar Doppler,Fijo,ATPN001,10.7832422,-74.86171133,,,,,,,,,,22/12/2029
,SOL0000009762,CU000000000790,Autorizada instalar,ATLANTICO,REPELON,23/12/2024,Vía departamental Rotinet-Repelón en el área rural a 715 metros del municipio de Repelón,INSTITUTO DE TRANSITO DEL ATLANTICO,Departamental,"C24, C29, C35, D02",50,Radar Doppler,Fijo,ATRE001,10.508875,-75.127005,,,,,,,,,,22/12/2029
,SOL0000009802,CU000000000785,Autorizada instalar,N. DE SANTANDER,CUCUTA,18/12/2024,"Avenida Libertadores con Calle 2 Norte, Sentido Sur Norte, Calzada Oriental",Secretaría de tránsito y Transporte de la Alcaldía de San José de Cúcuta,Municipal,"C14, C19, C24, C31, C32, C35, D02, D04, D07",None,Radar Doppler,Fijo,AVLCLL2NR1,7.901122,-72.485522,,,,,,,,,,17/12/2029
,SOL0000009802,CU000000000784,Autorizada instalar,N. DE SANTANDER,CUCUTA,18/12/2024,"Avenida Libertadores con Calle 2 Norte , Sentido Norte - Sur, calzada Occidental",Secretaría de tránsito y Transporte de la Alcaldía de San José de Cúcuta,Municipal,"C14, C19, C24, C31, C32, C35, D02, D04, D07",None,Radar Doppler,Fijo,AVLCLL2NR2,7.902024,-72.485818,,,,,,,,,,17/12/2029
,SOL0000009723,CU000000000230,Autorizada instalar,ANTIOQUIA,BELLO,17/12/2024,Troncal de Occidente -  2510 PR 2+204 Sur-Norte,SECRETARÍA DE MOVILIDAD DE BELLO,Municipal,"C14, C29, C35, D02",50,Lazo Inductivo de Piso (Espiras),Fijo,Regional2,6.32991552,-75.55054665,,,,,,,,,,16/12/2029
,SOL0000009722,CU000000000246,Autorizada instalar,ANTIOQUIA,BELLO,17/12/2024,Avenida Regional - 2510 PR 2+246 Norte - Sur,SECRETARÍA DE MOVILIDAD DE BELLO,Municipal,"C14, C29, C35, D02",50,Lazo Inductivo de Piso (Espiras),Fijo,Regional1,6.33020027,-75.55035317,,,,,,,,,,16/12/2029
,SOL0000009602,CU000000000778,Autorizada instalar,ATLANTICO,JUAN DE ACOSTA,16/12/2024,"Vía Santa Verónica – Juan de Acosta, en el Kilómetro 5 desde Santa Verónica a Juan de Acosta",INSTITUTO DE TRANSITO DEL ATLANTICO,Departamental,"C24, C29, C35, D02",60,Radar Doppler,Fijo,ATJAS008,10.842609,-75.052331,,,,,,,,,,15/12/2029
,SOL0000009708,CU000000000777,Autorizada instalar,ATLANTICO,TUBARA,09/12/2024,"Vía Tubara  - Ruta 90A01, a 1500 metros del sector urbano de Tubara",INSTITUTO DE TRANSITO DEL ATLANTICO,Departamental,"C24, C29, C35, D02, D06",30,Radar Doppler,Fijo,ATSUB001,10.872998,-74.99343,,,,,,,,,,08/12/2029
,SOL0000009422,CU000000000775,Autorizada instalar,VALLE DEL CAUCA,CARTAGO,29/11/2024,Carrera 2 con Calle 41,SECRETARIA DE MOVILIDAD Y TRANSPORTES DE CARTAGO,Municipal,"C24, C29, C35, D02",50,Laser (Lidar) / Infrarrojo,Móvil,FM1,4.75894842,-75.93979829,,,,,,,,,,28/11/2029
,SOL0000009475,CU000000000297,Autorizada instalar,ATLANTICO,SOLEDAD,29/11/2024,VIA TRONCAL DE OCCIDENTE  RUTA 2516 PR 78+493 /  CALLE 30 CON CARRERA 19 (Sentido Sur-Norte),INSTITUTO MUNICIPAL DE TRANSITO Y TRANSPORTE DE SOLEDAD,Municipal,"C14, C24, C29, C32, C35, D02, D04",50,Radar Doppler,Fijo,ATSORS01,10.9176544,-74.7749456,,,,,,,,,,28/11/2029
,SOL0000009562,CU000000000264,Autorizada instalar,ATLANTICO,SUAN,29/11/2024,TRONCAL DE OCCIDENTE RUTA 2516 PR 9+359”,INSTITUTO DE TRANSITO DEL ATLANTICO,Departamental,"C24, C29, C35, D02",30,Radar Doppler,Fijo,ATSUS004,10.339479,-74.879307,,,,,,,,,,28/11/2029
,SOL0000009123,CU000000000273,Autorizada instalar,ATLANTICO,PONEDERA,31/10/2024,VÍA TRONCAL DE OCCIDENTE RUTA 2516 PR 45+786,INSTITUTO DE TRANSITO DEL ATLANTICO,Departamental,"C24, C29, C35, D02",50,Radar Doppler,Fijo,ATPOS011,10.6356632,-74.7588011,,,,,,,,,,30/10/2029
,SOL0000009124,CU000000000274,Autorizada instalar,ATLANTICO,PONEDERA,31/10/2024,VÍA TRONCAL DE OCCIDENTE RUTA 2516 PR 40+747,INSTITUTO DE TRANSITO DEL ATLANTICO,Departamental,"C24, C29, C35, D02",50,Radar Doppler,Fijo,ATSRS009,10.592196,-74.780466,,,,,,,,,,30/10/2029
,SOL0000008744,CU000000000318,Autorizada instalar,VALLE DEL CAUCA,YUMBO,31/10/2024,VÍA CALI-YUMBO RUTA 2301 PR 5+000 SENTIDO SUR-NORTE,SECRETARIA DE TRANSITO Y TRANSPORTE DE YUMBO,Municipal,"C24, C29, C35, D02",60,Radar Doppler,Móvil,YUMBO409,3.528964,-76.495966,,,,,,,,,,30/10/2029
,SOL0000008744,CU000000000317,Autorizada instalar,VALLE DEL CAUCA,YUMBO,31/10/2024,VÍA CALI-YUMBO RUTA 2301 PR 5+055 SENTIDO NORTE-SUR,SECRETARIA DE TRANSITO Y TRANSPORTE DE YUMBO,Municipal,"C24, C29, C35, D02",60,Radar Doppler,Móvil,YUMBO410,3.529493,-76.496055,,,,,,,,,,30/10/2029
,SOL0000009122,CU000000000263,Autorizada instalar,ATLANTICO,PALMAR DE VARELA,31/10/2024,TRONCAL DE OCCIDENTE RUTA  2516 PR 53+990,INSTITUTO DE TRANSITO DEL ATLANTICO,Departamental,"C24, C29, C35, D02",60,Radar Doppler,Fijo,ATPOS002,10.7052656,-74.7506862,,,,,,,,,,30/10/2029
,SOL0000008900,CU000000000720,Autorizada instalar,VALLE DEL CAUCA,CALI,16/10/2024,Calle 9 - carrera 50 sentido SSO - NNE  calzada occidental,SECRETARIA DE MOVILIDAD SANTIAGO DE CALI,Municipal,"C03, C14, C24, C26, C29, C32, C35, D02, D04, D05, D07",50,Radar Doppler,Fijo,SAST133B,3.4108,-76.54171944,,,,,,,,,,15/10/2029
,SOL0000008710,CU000000000131,Autorizada instalar,BOGOTA D.C,BOGOTA D.C,11/10/2024,AV CARACAS - AV CL 53,SECRETARIA DISTRITAL DE MOVILIDAD,Distrital,"C03, C14, C24, C31, C32, C35, D02, D05, D07",None,Semi-Automática (Acción Remota),Fijo,Cam33XTS,4.640337,-74.066486,,,,,,,,,,10/10/2029
,SOL0000006461,CU000000000237,Autorizada instalar,ATLANTICO,JUAN DE ACOSTA,03/10/2024,Via Troncal del Caribe Ruta Nacional 90A01 PR 64 + 775,INSTITUTO DE TRANSITO DEL ATLANTICO,Departamental,"C24, C29, C35, D02",70,Radar Doppler,Fijo,ATJAS006,10.834457,-75.142016,,,,,,,,,,02/10/2029
,SOL0000008242,CU000000000718,Autorizada instalar,CESAR,EL PASO,26/09/2024,"Ruta Nacional 4516, Troncal del Magdalena Km 38+000 Sentido NS",Secretaría de Tránsito y Transporte municipal de El Paso,Municipal,"C29, C35, D02, D06",30,Laser (Lidar) / Infrarrojo,Fijo,LaLomaNS,9.61102,-73.61646,,,,,,,,,,25/09/2029
,SOL0000008242,CU000000000717,Autorizada instalar,CESAR,EL PASO,26/09/2024,"Ruta Nacional 4516, Troncal del Magdalena Km 38+000 Sentido SN",Secretaría de Tránsito y Transporte municipal de El Paso,Municipal,"C24, C29, C35, D02, D06",30,Laser (Lidar) / Infrarrojo,Fijo,LaLomaSN,9.61107,-73.61637,,,,,,,,,,25/09/2029
,SOL0000008282,CU000000000228,Autorizada instalar,ATLANTICO,JUAN DE ACOSTA,18/09/2024,Via Troncal del Caribe Ruta Nacional 90A01 PR 71+037,INSTITUTO DE TRANSITO DEL ATLANTICO,Departamental,"C24, C29, C35, D02",60,Radar Doppler,Fijo,ATJAS007,10.864337,-75.099612,,,,,,,,,,17/09/2029
,SOL0000008203,CU000000000711,Autorizada instalar,VALLE DEL CAUCA,ANDALUCIA,13/09/2024,TRONCAL DE OCCIDENTE RUTA 2506 PR 0+337 SENTIDO NORTE-SUR,SECRETARIA DE TRANSITO Y TRANSPORTE ANDALUCIA,Municipal,"C29, C35, D02",70,Radar Doppler,Móvil,ANDPUNTO1,4.168651,-76.174904,,,,,,,,,,12/09/2029
,SOL0000008202,CU000000000695,Autorizada instalar,VALLE DEL CAUCA,ANDALUCIA,04/09/2024,TRONCAL DE OCCIDENTE RUTA 2505 PR 101+700 SENTIDO NORTE-SUR,SECRETARIA DE TRANSITO Y TRANSPORTE ANDALUCIA,Municipal,"C24, C29, C35, D02",90,Radar Doppler,Móvil,ANDPUNTO4,4.155818,-76.177427,,,,,,,,,,03/09/2029
,SOL0000008202,CU000000000694,Autorizada instalar,VALLE DEL CAUCA,ANDALUCIA,04/09/2024,TRONCAL DE OCCIDENTE RUTA 2505 PR 101+730 SENTIDO SUR-NORTE,SECRETARIA DE TRANSITO Y TRANSPORTE ANDALUCIA,Municipal,"C24, C29, C35, D02",70,Radar Doppler,Móvil,ANDPUNTO2,4.156024,-76.177101,,,,,,,,,,03/09/2029
,SOL0000008042,CU000000000174,Autorizada instalar,SUCRE,COROZAL,27/08/2024,VÍA TRONCAL DE OCCIDENTE RUTA 2515 PR 7+773 SENTIDO SINCELEJO - COROZAL,INSTITUTO MUNICIPAL DE  TRANSPORTES Y TRANSITO DE COROZAL,Municipal,"C24, C29, C35, D02",60,Radar Doppler,Fijo,SUCOS003,9.319734,-75.304736,,,,,,,,,,26/08/2029
,SOL0000007942,CU000000000265,Autorizada instalar,ATLANTICO,CAMPO DE LA CRUZ,23/08/2024,VÍA TRONCAL DE OCCIDENTE RUTA 2516 PR 24+632,INSTITUTO DE TRANSITO DEL ATLANTICO,Departamental,"C02, C24, C29, C35, D02, D05, D06",40,Radar Doppler,Fijo,ATBOS008,10.45931692,-74.83365758,,,,,,,,,,22/08/2029
,SOL0000007944,CU000000000270,Autorizada instalar,ATLANTICO,CAMPO DE LA CRUZ,24/07/2024,VÍA TRONCAL DE OCCIDENTE RUTA 2516 PR 13+812,INSTITUTO DE TRANSITO DEL ATLANTICO,Departamental,"C24, C29, C35, D02, D05, D06",40,Radar Doppler,Fijo,ATCCS010,10.37727311,-74.86940214,,,,,,,,,,23/07/2029
,SOL0000007943,CU000000000266,Autorizada instalar,ATLANTICO,CAMPO DE LA CRUZ,17/07/2024,VÍA TRONCAL DE OCCIDENTE RUTA 2516 PR 18+015,INSTITUTO DE TRANSITO DEL ATLANTICO,Departamental,"C02, C24, C29, C35, D02, D05, D06",60,Radar Doppler,Fijo,ATCCS003,10.40757921,-74.85015093,,,,,,,,,,16/07/2029
,SOL0000007782,CU000000000684,Autorizada instalar,VALLE DEL CAUCA,TULUA,08/07/2024,RN 2505 PR 97+333,Departamento Administrativo de Movilidad y Seguridad Vial de Tuluá,Municipal,"C24, C29, C35, D02",90,Laser (Lidar) / Infrarrojo,Móvil,S1,4.1189952,-76.17693634,,,,,,,,,,07/07/2029
,SOL0000007724,CU000000000182,Autorizada instalar,ATLANTICO,BARRANQUILLA,08/07/2024,DIAGONAL 78 ENTRE CARRERAS 21 Y 21B,SECRETARÍA DISTRITAL DE TRÁNSITO Y SEGURIDAD VIAL - BARRANQUILLA,Distrital,"C02, C14, C24, C29, C35, D02",30,Radar Doppler,Fijo,ATBQS023,10.971099,-74.823035,,,,,,,,,,07/07/2029
,SOL0000007762,CU000000000682,Autorizada instalar,VALLE DEL CAUCA,TULUA,04/07/2024,RN 2505 PR 96+335,Departamento Administrativo de Movilidad y Seguridad Vial de Tuluá,Municipal,"C24, C29, C35, D02",90,Laser (Lidar) / Infrarrojo,Móvil,S1,4.11036201,-76.1753242,,,,,,,,,,03/07/2029
,SOL0000007742,CU000000000681,Autorizada instalar,VALLE DEL CAUCA,TULUA,04/07/2024,RN 2505 PR 93+500,Departamento Administrativo de Movilidad y Seguridad Vial de Tuluá,Municipal,"C24, C29, C35, D02",90,Laser (Lidar) / Infrarrojo,Móvil,S1,4.0834714,-76.17291709,,,,,,,,,,03/07/2029
,SOL0000007803,CU000000000275,Autorizada instalar,ATLANTICO,BARANOA,02/07/2024,VIA CORDIALIDAD RUTA 9006 PR 94+698,INSTITUTO DE TRANSITO DEL ATLANTICO,Departamental,"C24, C29, C35, D02, D06",60,Radar Doppler,Fijo,ATBAS005,10.781448,-74.905709,,,,,,,,,,01/07/2029
,SOL0000006281,CU000000000679,Autorizada instalar,MAGDALENA,FUNDACION,20/03/2024,VIA NACIONAL RUTA 4518 PR 28 + 700,ENTIDAD DESCENTRALIZADA – INSTITUTO MUNICIPAL DE TRANSITO Y TRANSPORTE “INTRASFUN”,Municipal,"C24, C29, C35, D02, D06, D07",60,Video Detección (Con Analítica de Video),Móvil,CHRONOS,10.468806,-74.152328,,,,,,,,,,19/03/2029
,SOL0000006864,CU000000000676,Autorizada instalar,CALDAS,MANIZALES,17/01/2024,Carrera 23 por calle 67A,SECRETARIA DE MOVILIDAD DE MANIZALES,Municipal,"C29, C35, D02",50,Radar Doppler,Fijo,SAST20B,5.054205,-75.484671,,,,,,,,,,16/01/2029
,SOL0000006864,CU000000000675,Autorizada instalar,CALDAS,MANIZALES,17/01/2024,Carrera 23 por calle 67A,SECRETARIA DE MOVILIDAD DE MANIZALES,Municipal,"C29, C35, D02",50,Radar Doppler,Fijo,SAST20A,5.053704,-75.484439,,,,,,,,,,16/01/2029
,SOL0000006303,CU000000000661,Autorizada instalar,CUNDINAMARCA,GUADUAS,04/12/2023,VÍA NACIONAL 5008 PR 33+070,SECRETARIA DE TRANSITO Y TRANSPORTE MUNICIPIO DE GUADUAS - CUNDINAMARCA.,Municipal,"C24, C29, C35, D02, D06",30,Radar Doppler,Fijo,SENSYS,5.06443941,-74.59355906,,,,,,,,,,03/12/2028
,SOL0000000261,CU000000000165,Autorizada instalar,ATLANTICO,BARRANQUILLA,21/11/2023,CALLE 56 CON CARRERA 14,SECRETARÍA DISTRITAL DE TRÁNSITO Y SEGURIDAD VIAL - BARRANQUILLA,Distrital,"C02, C14, C24, C29, C32, C35, D02, D04",30,Radar Doppler,Fijo,ATBQRS01,10.958503,-74.803488,,,,,,,,,,20/11/2028
,SOL0000002981,CU000000000187,Autorizada instalar,ATLANTICO,BARRANQUILLA,21/11/2023,CARRERA 53 CON CALLE 86,SECRETARÍA DISTRITAL DE TRÁNSITO Y SEGURIDAD VIAL - BARRANQUILLA,Distrital,"C02, C14, C24, C29, C35, D02",30,Radar Doppler,Fijo,ATBQS001,11.009106,-74.818356,,,,,,,,,,20/11/2028
,SOL0000006523,CU000000000235,Autorizada instalar,ATLANTICO,PUERTO COLOMBIA,21/11/2023,VÍA AL MAR – RUTA 90A01 PR 106+193,SECRETARIA MUNICIPAL DE TRANSITO Y TRANSPORTE DE PUERTO COLOMBIA,Municipal,"C24, C29, C35, D02",50,Radar Doppler,Fijo,ATPTS003,11.015417,-74.867812,,,,,,,,,,20/11/2028
,SOL0000006526,CU000000000256,Autorizada instalar,ATLANTICO,PUERTO COLOMBIA,21/11/2023,VÍA AL MAR – RUTA 90A01 PR 97+215,SECRETARIA MUNICIPAL DE TRANSITO Y TRANSPORTE DE PUERTO COLOMBIA,Municipal,"C24, C29, C35, D02",80,Radar Doppler,Fijo,ATPTS004,10.993322,-74.944695,,,,,,,,,,20/11/2028
,SOL0000006526,CU000000000227,Autorizada instalar,ATLANTICO,PUERTO COLOMBIA,21/11/2023,VÍA AL MAR – RUTA 90A01 PR 96+902,SECRETARIA MUNICIPAL DE TRANSITO Y TRANSPORTE DE PUERTO COLOMBIA,Municipal,"C24, C29, C35, D02",80,Radar Doppler,Fijo,ATPTS005,10.990567,-74.944128,,,,,,,,,,20/11/2028
,SOL0000006524,CU000000000243,Autorizada instalar,ATLANTICO,PUERTO COLOMBIA,21/11/2023,CARRERA 30 CON CALLE 3B,SECRETARIA MUNICIPAL DE TRANSITO Y TRANSPORTE DE PUERTO COLOMBIA,Municipal,"C14, C24, C29, C35, D02",40,Radar Doppler,Fijo,ATPTS008,11.019662,-74.868489,,,,,,,,,,20/11/2028
,SOL0000006662,CU000000000236,Autorizada instalar,ATLANTICO,GALAPA,21/11/2023,VIA LA CORDIALIDAD RUTA 9006 PR 109+518,SECRETARIA MUNICIPAL DE TRANSITO Y TRANSPORTE DE GALAPA,Municipal,"C24, C29, C35, D02",30,Radar Doppler,Fijo,ATGLS002,10.900782,-74.882927,,,,,,,,,,20/11/2028
,SOL0000006601,CU000000000206,Autorizada instalar,ATLANTICO,BARRANQUILLA,21/11/2023,CALLE 72 CON CARRERA 38,SECRETARÍA DISTRITAL DE TRÁNSITO Y SEGURIDAD VIAL - BARRANQUILLA,Distrital,"C02, C03, C14, C24, C35, D02",None,Video Detección (Con Analítica de Video),Fijo,ATBQS013,10.985609,-74.810866,,,,,,,,,,20/11/2028
,SOL0000006643,CU000000000213,Autorizada instalar,ATLANTICO,BARRANQUILLA,21/11/2023,CALLE 45 CON CARRERA 27,SECRETARÍA DISTRITAL DE TRÁNSITO Y SEGURIDAD VIAL - BARRANQUILLA,Distrital,"C02, C03, C14, C24, C32, C35, D02",None,Video Detección (Con Analítica de Video),Fijo,BLOQCAM8,10.96959,-74.789882,,,,,,,,,,20/11/2028
,SOL0000006661,CU000000000259,Autorizada instalar,ATLANTICO,GALAPA,21/11/2023,VIA LA CORDIALIDAD RUTA 9006 PR 113+185,SECRETARIA MUNICIPAL DE TRANSITO Y TRANSPORTE DE GALAPA,Municipal,"C24, C29, C35, D02",80,Radar Doppler,Fijo,ATGLS001,10.927372,-74.866142,,,,,,,,,,20/11/2028
,SOL0000006621,CU000000000258,Autorizada instalar,ATLANTICO,BARRANQUILLA,21/11/2023,CARRERA 6 CON CALLE 99B,SECRETARÍA DISTRITAL DE TRÁNSITO Y SEGURIDAD VIAL - BARRANQUILLA,Distrital,"C02, C14, C24, C29, C35, D02",30,Radar Doppler,Fijo,ATBQS020,10.943455,-74.82991,,,,,,,,,,20/11/2028
,SOL0000006641,CU000000000181,Autorizada instalar,ATLANTICO,BARRANQUILLA,21/11/2023,CARRERA 27 ENTRE CALLE 82 Y 82C,SECRETARÍA DISTRITAL DE TRÁNSITO Y SEGURIDAD VIAL - BARRANQUILLA,Distrital,"C02, C14, C24, C29, C35, D02",30,Radar Doppler,Fijo,ATBQS027,10.979368,-74.823055,,,,,,,,,,20/11/2028
,SOL0000006501,CU000000000072,Autorizada instalar,CALDAS,LA DORADA,16/11/2023,CARRERA 6 CON VÍA LA VARIANTE-RUTA 4510 PR 32+174,DIVISION DE TRANSITO Y TRANSPORTE DE LA DORADA,Municipal,"C24, C29, C35, D02",40,Radar Doppler,Fijo,CADOS001,5.460319,-74.669595,,,,,,,,,,15/11/2028
,SOL0000006502,CU000000000073,Autorizada instalar,CALDAS,LA DORADA,16/11/2023,KM 1 VÍA LA DORADA-HONDA (RUTA 4510 PR 29+341),DIVISION DE TRANSITO Y TRANSPORTE DE LA DORADA,Municipal,"C24, C29, C35, D02",40,Radar Doppler,Fijo,CADOS002,5.443266,-74.67784,,,,,,,,,,15/11/2028
,SOL0000006663,CU000000000285,Autorizada instalar,ATLANTICO,GALAPA,16/11/2023,VIA LA CORDIALIDAD RUTA 9006 PR 104+900,SECRETARIA MUNICIPAL DE TRANSITO Y TRANSPORTE DE GALAPA,Municipal,"C24, C29, C35, D02",80,Radar Doppler,Móvil,GLMOS001,10.862468,-74.89606,,,,,,,,,,15/11/2028
,SOL0000006521,CU000000000242,Autorizada instalar,SUCRE,COROZAL,16/11/2023,RUTA 2515 PR10+467m  /  Via Troncal de Occidente - Km 10+467,INSTITUTO MUNICIPAL DE  TRANSPORTES Y TRANSITO DE COROZAL,Municipal,"C02, C24, C29, C35, D02",50,Radar Doppler,Fijo,SUCOS002,9.326078,-75.283812,,,,,,,,,,15/11/2028
,SOL0000006525,CU000000000175,Autorizada instalar,SUCRE,COROZAL,16/11/2023,RUTA 2515 PR7+773m / Via Troncal de Occidente - Km 7+773m,INSTITUTO MUNICIPAL DE  TRANSPORTES Y TRANSITO DE COROZAL,Municipal,"C02, C24, C29, C35, D02, D03, D05",60,Radar Doppler,Fijo,SUCOS003,9.319959,-75.304617,,,,,,,,,,15/11/2028
,SOL0000006481,CU000000000613,Autorizada instalar,BOLIVAR,CARTAGENA,21/09/2023,Diagonal 22  # 42- 49 (Avenida Crisanto luque entre Transversal 42 y 44),DEPARTAMENTO ADMINISTRATIVO DE TRANSITO Y TRANSPORTE DE CARTAGENA - DATT,Distrital,"C14, C24, C29, C32, C35, D02",30,Video Detección (Con Analítica de Video),Fijo,AvCrisT44,10.402163,-75.519438,,,,,,,,,,20/09/2028
,SOL0000006181,CU000000000603,Autorizada instalar,BOLIVAR,CLEMENCIA,08/09/2023,RUTA NACIONAL 90-06 PR 23 + 470,INSTITUTO DE TRANSITO Y TRANSPORTE DEL MUNICIPIO DE  CLEMENCIA - BOLIVAR,Municipal,"C24, C29, C35, D02, D03, D05",30,Radar Doppler,Fijo,CLEM23x470,10.56865438,-75.33876626,,,,,,,,,,07/09/2028
,SOL0000006441,CU000000000601,Autorizada instalar,CAUCA,SANTANDER DE QUILICHAO,31/07/2023,RUTA NACIONAL 2504 PR 75+530,SECRETARIA DE TRANSITO Y TRANSPORTE MUNICIPAL DE SANTANDER DE QUILICHAO,Municipal,"C29, C35, D02, D05, D08",60,Laser (Lidar) / Infrarrojo,Móvil,DRAGONCAM,3.02972222,-76.49170833,,,,,,,,,,30/07/2028
,SOL0000005861,CU000000000600,Autorizada instalar,BOLIVAR,CARTAGENA,11/07/2023,Diagonal 21 No. 51 130 Costado Occidente Zona CAI El bosque,DEPARTAMENTO ADMINISTRATIVO DE TRANSITO Y TRANSPORTE DE CARTAGENA - DATT,Distrital,"C14, C29, C35, D02",30,Video Detección (Con Analítica de Video),Fijo,AvBosqueNS,10.392403,-75.522211,,,,,,,,,,10/07/2028
,SOL0000005802,CU000000000599,Autorizada instalar,BOLIVAR,CARTAGENA,11/07/2023,C 31 68C 18 Mz 10 Lo 9 (Calle 31 entre transversal 54 y carrera 71),DEPARTAMENTO ADMINISTRATIVO DE TRANSITO Y TRANSPORTE DE CARTAGENA - DATT,Distrital,"C14, C24, C29, C35, D02",40,Video Detección (Con Analítica de Video),Fijo,RONDAREAL,10.392538,-75.481804,,,,,,,,,,10/07/2028
,SOL0000006103,CU000000000598,Autorizada instalar,BOLIVAR,TALAIGUA NUEVO,07/07/2023,RUTA NACIONAL 78-03 PR 20+061,SECRETARIA DE MOVILIDAD DEL DEPARTAMENTO DE BOLÍVAR,Departamental,"C24, C29, C35, D02, D03, D05",30,Radar Doppler,Fijo,TLN20X061,9.262138,-74.541055,,,,,,,,,,06/07/2028
,SOL0000006101,CU000000000597,Autorizada instalar,BOLIVAR,MAHATES,07/07/2023,RUTA NACIONAL 90-05 PR 58+212,SECRETARIA DE MOVILIDAD DEL DEPARTAMENTO DE BOLÍVAR,Departamental,"C24, C29, C35, D02, D03, D05",30,Radar Doppler,Fijo,MAH58X212,10.12523669,-75.24338268,,,,,,,,,,06/07/2028
,SOL0000006102,CU000000000596,Autorizada instalar,BOLIVAR,MARIA LA BAJA,07/07/2023,RUTA NACIONAL 90-05 PR 29+436,SECRETARIA DE MOVILIDAD DEL DEPARTAMENTO DE BOLÍVAR,Departamental,"C24, C29, C35, D02, D03, D05",30,Radar Doppler,Fijo,MLB29X436,9.91116158,-75.35246424,,,,,,,,,,06/07/2028
,SOL0000006081,CU000000000595,Autorizada instalar,BOLIVAR,MAHATES,07/07/2023,Ruta Nacional 25BL-02 PR 16 + 730,SECRETARIA DE MOVILIDAD DEL DEPARTAMENTO DE BOLÍVAR,Departamental,"C24, C29, C35, D02, D03, D05",30,Radar Doppler,Fijo,MHT16X730,10.131078,-75.167928,,,,,,,,,,06/07/2028
,SOL0000006061,CU000000000594,Autorizada instalar,BOLIVAR,SAN JUAN NEPOMUCENO,05/07/2023,Ruta Nacional 25BL-02 PR 10+000,DIRECCIÓN DE TRANSITO Y TRANSPORTE MUNICIPAL DE SAN JUAN NEPOMUCENO,Municipal,"C24, C29, C35, D02, D03, D05",50,Radar Doppler,Fijo,SNC10X000,10.08396535,-75.13829257,,,,,,,,,,04/07/2028
,SOL0000006041,CU000000000593,Autorizada instalar,BOLIVAR,SAN JUAN NEPOMUCENO,05/07/2023,Ruta Nacional 25-15 PR 95 + 900,DIRECCIÓN DE TRANSITO Y TRANSPORTE MUNICIPAL DE SAN JUAN NEPOMUCENO,Municipal,"C24, C29, C35, D02, D03, D05",30,Radar Doppler,Fijo,SJN95x900,9.96182183,-75.08058741,,,,,,,,,,04/07/2028
,SOL0000005981,CU000000000592,Autorizada instalar,BOLIVAR,CARTAGENA,13/06/2023,Carrera 29A con Av. Pedro de Heredia Acceso Oriental,DEPARTAMENTO ADMINISTRATIVO DE TRANSITO Y TRANSPORTE DE CARTAGENA - DATT,Distrital,"C03, C14, C35, D02, D04",None,Video Detección (Con Analítica de Video),Fijo,BazurtoOri,10.41211,-75.52115,,,,,,,,,,12/06/2028
,SOL0000005981,CU000000000591,Autorizada instalar,BOLIVAR,CARTAGENA,13/06/2023,Carrera 29A con Av. Pedro de Heredia Acceso Occidental,DEPARTAMENTO ADMINISTRATIVO DE TRANSITO Y TRANSPORTE DE CARTAGENA - DATT,Distrital,"C03, C14, C35, D02, D04",None,Video Detección (Con Analítica de Video),Fijo,BazurOcc,10.41204,-75.52151,,,,,,,,,,12/06/2028
,SOL0000005981,CU000000000590,Autorizada instalar,BOLIVAR,CARTAGENA,13/06/2023,Carrera 29A con Av. Pedro de Heredia Acceso Norte,DEPARTAMENTO ADMINISTRATIVO DE TRANSITO Y TRANSPORTE DE CARTAGENA - DATT,Distrital,"C03, C14, C35, D02, D04",None,Video Detección (Con Analítica de Video),Fijo,BazurNor,10.412333,-75.521239,,,,,,,,,,12/06/2028
,SOL0000005981,CU000000000589,Autorizada instalar,BOLIVAR,CARTAGENA,13/06/2023,Carrera 29A con Av. Pedro de Heredia Acceso Sur,DEPARTAMENTO ADMINISTRATIVO DE TRANSITO Y TRANSPORTE DE CARTAGENA - DATT,Distrital,"C03, C14, C35, D02, D04",None,Video Detección (Con Analítica de Video),Fijo,BazurSur,10.411863,-75.521282,,,,,,,,,,12/06/2028
,SOL0000005962,CU000000000588,Autorizada instalar,BOLIVAR,SANTA CATALINA,20/04/2023,VIA 90A01 PR 46 +406,SECRETARIA DE TRANSITO Y TRANSPORTE DE SANTA CATALINA,Municipal,"C05, C29, C35, D02, D06",30,Radar Doppler,Fijo,SENSYS,10.7333867,-75.2637294,,,,,,,,,,19/04/2028
,SOL0000005641,CU000000000583,Autorizada instalar,BOLIVAR,CARTAGENA,20/02/2023,Transversal 53 con diagonal 32 Bomba el gallo Acceso Norte,DEPARTAMENTO ADMINISTRATIVO DE TRANSITO Y TRANSPORTE DE CARTAGENA - DATT,Distrital,"B11, C03, C10, C14, C24, C32, C35, D02, D03, D04, D05, D07",None,Video Detección (Con Analítica de Video),Fijo,AccesoNort,10.395924,-75.476818,,,,,,,,,,19/02/2028
,SOL0000005641,CU000000000582,Autorizada instalar,BOLIVAR,CARTAGENA,20/02/2023,Diagonal 32 x Transversal 53 para Acceso Sur ubicada en separador central,DEPARTAMENTO ADMINISTRATIVO DE TRANSITO Y TRANSPORTE DE CARTAGENA - DATT,Distrital,"B11, C03, C10, C14, C24, C32, C35, C37, D02, D03, D04, D05, D07",None,Video Detección (Con Analítica de Video),Fijo,AccesoSur,10.395791,-75.476771,,,,,,,,,,19/02/2028
,SOL0000005641,CU000000000580,Autorizada instalar,BOLIVAR,CARTAGENA,20/02/2023,Transversal 53 con diagonal 32 Bomba el gallo sentido ORI OCC,DEPARTAMENTO ADMINISTRATIVO DE TRANSITO Y TRANSPORTE DE CARTAGENA - DATT,Distrital,"B11, C03, C10, C14, C24, C26, C29, C32, C35, C37, D02, D04, D05, D07",None,Video Detección (Con Analítica de Video),Fijo,TV53D32NOR,10.396056,-75.476787,,,,,,,,,,19/02/2028
,SOL0000005641,CU000000000581,Autorizada instalar,BOLIVAR,CARTAGENA,20/02/2023,Transversal 53 con diagonal 32 Bomba el gallo sentido OCC ORI,DEPARTAMENTO ADMINISTRATIVO DE TRANSITO Y TRANSPORTE DE CARTAGENA - DATT,Distrital,"B11, C03, C10, C14, C24, C26, C29, C32, C35, C37, D02, D03, D04, D05, D07",None,Video Detección (Con Analítica de Video),Fijo,TV53D32SUR,10.395592,-75.47687,,,,,,,,,,19/02/2028
,SOL0000005546,CU000000000579,Autorizada instalar,BOLIVAR,SAN JACINTO,28/11/2022,RN 25-15 PR 80+516,SECRETARIA DE MOVILIDAD DEL DEPARTAMENTO DE BOLÍVAR,Departamental,"C24, C29, C35, D02, D03, D05",50,Radar Doppler,Fijo,SNJTO80X51,9.83463986,-75.12049303,,,,,,,,,,27/11/2027
,SOL0000005444,CU000000000578,Autorizada instalar,BOLIVAR,CARTAGENA,28/11/2022,Calle 30 No. 31-70 (Av Pedro de Heredia entre carrera 29 y transversal 33 - calzada sur),DEPARTAMENTO ADMINISTRATIVO DE TRANSITO Y TRANSPORTE DE CARTAGENA - DATT,Distrital,"B11, B3, C10, C14, C24, C26, C29, C32, C35, C37, D02, D03, D05, D07, H07",40,Video Detección (Con Analítica de Video),Fijo,ElpradoSur,10.410857,-75.519217,,,,,,,,,,27/11/2027
,SOL0000005582,CU000000000577,Autorizada instalar,BOLIVAR,CARTAGENA,25/11/2022,Calle 30 No. 27 18 (Av. Pedro de heredia entre carreras 29 y 25 - calzada sur),DEPARTAMENTO ADMINISTRATIVO DE TRANSITO Y TRANSPORTE DE CARTAGENA - DATT,Distrital,"B11, B3, B6, C03, C10, C14, C24, C26, C32, C35, C37, D02, D03, D05, D07, H07",None,Video Detección (Con Analítica de Video),Fijo,MercadoSur,10.413535,-75.523671,,,,,,,,,,24/11/2027
,SOL0000005582,CU000000000576,Autorizada instalar,BOLIVAR,CARTAGENA,25/11/2022,Calle 30 No. 27A - 23 (Av. Pedro de heredia entre carrera 29 y carrera 25 - calzada norte),DEPARTAMENTO ADMINISTRATIVO DE TRANSITO Y TRANSPORTE DE CARTAGENA - DATT,Distrital,"B11, B3, B6, C03, C10, C14, C24, C26, C32, C35, C37, D02, D03, D05, D07, H07",None,Video Detección (Con Analítica de Video),Fijo,MercadoNor,10.413229,-75.523137,,,,,,,,,,24/11/2027
,SOL0000005443,CU000000000575,Autorizada instalar,BOLIVAR,CARTAGENA,24/11/2022,Calle 31 No. 30D - 134 (Calzada Sur Av Pedro de Heredia con Carrera 50),DEPARTAMENTO ADMINISTRATIVO DE TRANSITO Y TRANSPORTE DE CARTAGENA - DATT,Distrital,"B11, B3, B6, C03, C10, C14, C24, C26, C29, C32, C35, C37, D02, D04, D05, D06, D07, D10, H07",None,Video Detección (Con Analítica de Video),Fijo,4VTAccOcc,10.406228,-75.502226,,,,,,,,,,23/11/2027
,SOL0000005443,CU000000000574,Autorizada instalar,BOLIVAR,CARTAGENA,24/11/2022,Calle 31 No. 50 09 Mz M Lo 1 (Avenida Pedro de Heredia con Carrera 50 Acceso Oriental),DEPARTAMENTO ADMINISTRATIVO DE TRANSITO Y TRANSPORTE DE CARTAGENA - DATT,Distrital,"B11, B3, B6, C03, C10, C14, C24, C26, C29, C32, C35, C37, D02, D03, D04, D05, D06, D07, D10, H07",None,Video Detección (Con Analítica de Video),Fijo,4VTAccOri,10.406383,-75.501704,,,,,,,,,,23/11/2027
,SOL0000005443,CU000000000573,Autorizada instalar,BOLIVAR,CARTAGENA,24/11/2022,K 50 C 31 Zona Verde (ACC NORTE),DEPARTAMENTO ADMINISTRATIVO DE TRANSITO Y TRANSPORTE DE CARTAGENA - DATT,Distrital,"B11, B3, B6, C03, C10, C14, C24, C35, C37, D02, D03, D04, D05, D07, H07",None,Video Detección (Con Analítica de Video),Fijo,4VTAccNor,10.406469,-75.501978,,,,,,,,,,23/11/2027
,SOL0000005601,CU000000000572,Autorizada instalar,CESAR,LA PAZ,21/11/2022,Ruta 8004 PR 9+0805,SECRETARIA DE TRANSITO MUNICIPAL DE LA PAZ,Municipal,"C02, C14, C29, C35, C37, D03, D05, D07",30,Radar Doppler,Móvil,LAPAZ,10.3854348,-73.2011477,,,,,,,,,,20/11/2027
,SOL0000005442,CU000000000571,Autorizada instalar,BOLIVAR,CARTAGENA,18/11/2022,"Transversal 54  # 30 - 569, calzada norte",DEPARTAMENTO ADMINISTRATIVO DE TRANSITO Y TRANSPORTE DE CARTAGENA - DATT,Distrital,"B11, B3, C10, C14, C24, C26, C29, C32, C35, C37, D02, D03, D05, D07, H07",30,Video Detección (Con Analítica de Video),Fijo,T54INEMNor,10.389297,-75.498096,,,,,,,,,,17/11/2027
,SOL0000005442,CU000000000570,Autorizada instalar,BOLIVAR,CARTAGENA,18/11/2022,"Transversal 54 # 30 590 Inem, calzada sur",DEPARTAMENTO ADMINISTRATIVO DE TRANSITO Y TRANSPORTE DE CARTAGENA - DATT,Distrital,"B11, B3, C10, C14, C24, C29, C32, C35, C37, D02, D03, D05, D07, H07",30,Video Detección (Con Analítica de Video),Fijo,T54INEMSur,10.389063,-75.498116,,,,,,,,,,17/11/2027
,SOL0000005544,CU000000000569,Autorizada instalar,BOLIVAR,MARIA LA BAJA,11/11/2022,RN 90-05 PR 35+632,SECRETARIA DE MOVILIDAD DEL DEPARTAMENTO DE BOLÍVAR,Departamental,"C24, C29, C35, D02, D03, D05",30,Radar Doppler,Fijo,MLB35X632,9.940451,-75.3065712,,,,,,,,,,10/11/2027
,SOL0000005545,CU000000000568,Autorizada instalar,BOLIVAR,MARIA LA BAJA,11/11/2022,RN 90-05 PR 47+000,SECRETARIA DE MOVILIDAD DEL DEPARTAMENTO DE BOLÍVAR,Departamental,"C24, C29, C35, D02, D03, D05",50,Radar Doppler,Fijo,MLB47X000,10.02662134,-75.26029041,,,,,,,,,,10/11/2027
,SOL0000005542,CU000000000567,Autorizada instalar,BOLIVAR,MARIA LA BAJA,10/11/2022,RN 90-05 PR 23+750,SECRETARIA DE MOVILIDAD DEL DEPARTAMENTO DE BOLÍVAR,Departamental,"C24, C29, C35, D02, D03, D05",30,Radar Doppler,Fijo,MLB23X750,9.88081173,-75.38851223,,,,,,,,,,09/11/2027
,SOL0000005481,CU000000000566,Autorizada instalar,BOLIVAR,MAHATES,08/11/2022,RN 90-05 PR 52+747,SECRETARIA DE MOVILIDAD DEL DEPARTAMENTO DE BOLÍVAR,Departamental,"C24, C29, C35, D02, D03, D05",30,Radar Doppler,Fijo,MAH52X747,10.07587548,-75.246977,,,,,,,,,,07/11/2027
,SOL0000005501,CU000000000565,Autorizada instalar,BOLIVAR,CICUCO,04/11/2022,RN 78-03 PR 3+890,SECRETARIA DE MOVILIDAD DEL DEPARTAMENTO DE BOLÍVAR,Departamental,"C24, C29, C35, D02, D03, D05",30,Radar Doppler,Fijo,BCIC03X890,9.27433227,-74.65171861,,,,,,,,,,03/11/2027
,SOL0000005521,CU000000000564,Autorizada instalar,BOLIVAR,CICUCO,25/10/2022,RN 78-03 PR 5+215,SECRETARIA DE MOVILIDAD DEL DEPARTAMENTO DE BOLÍVAR,Departamental,"C24, C29, C35, D02, D03, D05",30,Radar Doppler,Fijo,BCIC05X215,9.27689543,-74.64069535,,,,,,,,,,24/10/2027
,SOL0000005421,CU000000000558,Autorizada instalar,CUNDINAMARCA,MOSQUERA,19/10/2022,Carrera 5 este con calle 17 red principal o arteria urbana,SECRETARIA DE MOVILIDAD DE  MOSQUERA,Municipal,"C02, C03, C14, C29, C31, C32, C35, D02, D03, D04",30,Radar Doppler,Fijo,MULTARADAR,4.707271,-74.218886,,,,,,,,,,18/10/2027
,SOL0000005421,CU000000000558,Autorizada instalar,CUNDINAMARCA,MOSQUERA,19/10/2022,Carrera 5 este con calle 17 red principal o arteria urbana,SECRETARIA DE MOVILIDAD DE  MOSQUERA,Municipal,"C02, C03, C14, C29, C31, C32, C35, D02, D03, D04",30,Radar Doppler,Fijo,MULTARADAR,4.707271,-74.218886,,,,,,,,,,18/10/2027
,SOL0000005361,CU000000000561,Autorizada instalar,CAUCA,PIENDAMO,20/09/2022,RN 2504 KM 27 PR 650,SECRETARIA DE MOVILIDAD TRÁNSITO Y TRANSPORTE PIENDAMÓ,Municipal,"C29, C35, D02, D06",50,Laser (Lidar) / Infrarrojo,Móvil,DRAGONCAM,2.674901,-76.532395,,,,,,,,,,19/09/2027
,SOL0000005322,CU000000000558,Autorizada instalar,ANTIOQUIA,RIONEGRO,09/09/2022,"Vía Autopista Medellín-Bogotá, PR 35+100, código 6004",SUBSECRETARIA DE MOVILIDAD RIONEGRO,Municipal,"C14, C29, C35, D02",80,Radar Doppler,Fijo,LAPLAYA,6.19078232,-75.38131158,,,,,,,,,,08/09/2027
,SOL0000005321,CU000000000557,Autorizada instalar,ANTIOQUIA,RIONEGRO,09/09/2022,"Vía Guarne Aeropuerto, PR 7+060, código 60AN03",SUBSECRETARIA DE MOVILIDAD RIONEGRO,Municipal,"C14, C29, C35, D02",80,Radar Doppler,Fijo,PR71,6.19790282,-75.434987,,,,,,,,,,08/09/2027
,SOL0000005321,CU000000000556,Autorizada instalar,ANTIOQUIA,RIONEGRO,09/09/2022,"Vía Guarne Aeropuerto, PR 7+060, código 60AN03",SUBSECRETARIA DE MOVILIDAD RIONEGRO,Municipal,"C14, C29, C35, D02",80,Radar Doppler,Fijo,PR72,6.19788611,-75.4351833,,,,,,,,,,08/09/2027
,SOL0000005221,CU000000000552,Autorizada instalar,VALLE DEL CAUCA,DAGUA,05/08/2022,tramo Transversal Buenaventura - Villavicencio - Puerto Carreño en el Km 61+950  Codigo de via 4001,SECRETARÍA DE MOVILIDAD Y TRANSPORTE DEL VALLE DEL CAUCA - GOBERNACIÓN DEL VALLE,Departamental,"C24, C29, C35, D02, D06",40,Radar Doppler,Móvil,0X00030819,3.768477,-76.673481,,,,,,,,,,04/08/2027
,SOL0000005201,CU000000000551,Autorizada instalar,VALLE DEL CAUCA,DAGUA,02/08/2022,Transversal Buenaventura - Villavicencio - Puerto Carreño en el Km 51+500,SECRETARÍA DE MOVILIDAD Y TRANSPORTE DEL VALLE DEL CAUCA - GOBERNACIÓN DEL VALLE,Departamental,"C26 (Transitar en vehículos de 3.5 o mas toneladas por el carril izquierdo dela vía cuando hubiere mas de un carril), C29, C35, D02, D06",60,Radar Doppler,Móvil,0X00030819,3.776419,-76.748136,,,,,,,,,,01/08/2027
,SOL0000005181,CU000000000550,Autorizada instalar,VALLE DEL CAUCA,DAGUA,01/08/2022,Acceso a Cali en el sector Cali - Cruce Ruta 40 (Loboguerrero) en el Km 28+600,SECRETARÍA DE MOVILIDAD Y TRANSPORTE DEL VALLE DEL CAUCA - GOBERNACIÓN DEL VALLE,Departamental,"C24, C29, C35, D02, D05, D06",60,Radar Doppler,Móvil,0X00031753,3.572924,-76.61607,,,,,,,,,,31/07/2027
,SOL0000005081,CU000000000549,Autorizada instalar,CESAR,LA GLORIA,23/06/2022,Ruta 4515 PR 0+230,INSTITUTO DEPARTAMENTAL DE TRANSITO DEL CESAR,Departamental,"C02, C14, C29, C35, C37, D03, D05, D06, D07, D10",30,Radar Doppler,Fijo,LaMata,8.610632,-73.635642,,,,,,,,,,22/06/2027
,SOL0000005081,CU000000000548,Autorizada instalar,CESAR,LA GLORIA,23/06/2022,Ruta 4515 PR 0+230,INSTITUTO DEPARTAMENTAL DE TRANSITO DEL CESAR,Departamental,"C02, C14, C29, C35, C37, D03, D05, D06, D07, D10",30,Radar Doppler,Fijo,LaMata,8.610633,-73.635664,,,,,,,,,,22/06/2027
,SOL0000005041,CU000000000547,Autorizada instalar,VALLE DEL CAUCA,DAGUA,02/06/2022,Transversal Buenaventura - Villavicencio - Puerto Carreño KM 74+300,SECRETARÍA DE MOVILIDAD Y TRANSPORTE DEL VALLE DEL CAUCA - GOBERNACIÓN DEL VALLE,Departamental,"C24, C29, C35, D02, D06",40,Radar Doppler,Móvil,0X00030819,3.809338,-76.622041,,,,,,,,,,01/06/2027
,SOL0000004961,CU000000000544,Autorizada instalar,VALLE DEL CAUCA,DAGUA,06/05/2022,Transversal Buenaventura - Villavicencio - Puerto Carreño KM 54+680 (código de la vía  4001),SECRETARÍA DE MOVILIDAD Y TRANSPORTE DEL VALLE DEL CAUCA - GOBERNACIÓN DEL VALLE,Departamental,"C24, C26 (Transitar en vehículos de 3.5 o mas toneladas por el carril izquierdo dela vía cuando hubiere mas de un carril), C29, C35, D02, D05, D06",60,Radar Doppler,Móvil,0X00030819,3.779883,-76.72307,,,,,,,,,,05/05/2027
,SOL0000004421,CU000000000542,Autorizada instalar,VALLE DEL CAUCA,DAGUA,08/04/2022,Cali - Cruce Ruta 40 (Loboguerrero) Dagua KM 51+600,SECRETARÍA DE MOVILIDAD Y TRANSPORTE DEL VALLE DEL CAUCA - GOBERNACIÓN DEL VALLE,Departamental,"C24, C29, C35, D02, D05, D06",60,Radar Doppler,Móvil,0X00030819,3.688505,-76.684451,,,,,,,,,,07/04/2027
,SOL0000004629,CU000000000541,Autorizada instalar,BOLIVAR,CLEMENCIA,24/03/2022,Ruta Nacional 90-06 PR 24 + 950,INSTITUTO DE TRANSITO Y TRANSPORTE DEL MUNICIPIO DE  CLEMENCIA - BOLIVAR,Municipal,"C24, C29, C35, D02, D03, D05",30,Radar Doppler,Fijo,CLEM24X950,10.56846866,-75.32619135,,,,,,,,,,23/03/2027
,SOL0000004521,CU000000000540,Autorizada instalar,VALLE DEL CAUCA,DAGUA,08/03/2022,Cali - Cruce Ruta 40 (Loboguerrero) Dagua KM 55+900,SECRETARÍA DE MOVILIDAD Y TRANSPORTE DEL VALLE DEL CAUCA - GOBERNACIÓN DEL VALLE,Departamental,"C24, C29, C35, D02, D03, D05",60,Radar Doppler,Móvil,0X00030819,3.721318,-76.671007,,,,,,,,,,07/03/2027
,SOL0000004941,CU000000000537,Autorizada instalar,VALLE DEL CAUCA,DAGUA,24/02/2022,Transversal Buenaventura - Villavicencio - Puerto Carreño KM 58+390 (código de la vía  4001),SECRETARÍA DE MOVILIDAD Y TRANSPORTE DEL VALLE DEL CAUCA - GOBERNACIÓN DEL VALLE,Departamental,"C24, C26 (Transitar en vehículos de 3.5 o mas toneladas por el carril izquierdo dela vía cuando hubiere mas de un carril), C29, C35, D02, D05, D06",60,Radar Doppler,Móvil,0X00030819,3.773661,-76.696878,,,,,,,,,,23/02/2027
,SOL0000004401,CU000000000536,Autorizada instalar,VALLE DEL CAUCA,DAGUA,15/02/2022,Cali - Cruce Ruta 40 (Loboguerrero) Dagua KM 39+200,SECRETARÍA DE MOVILIDAD Y TRANSPORTE DEL VALLE DEL CAUCA - GOBERNACIÓN DEL VALLE,Departamental,"C29, C35, D02, D03, D05, D06",60,Radar Doppler,Móvil,0X00030819,3.617647,-76.660882,,,,,,,,,,14/02/2027
,SOL0000004241,CU000000000535,Autorizada instalar,LA GUAJIRA,FONSECA,27/10/2021,KM 6 + 538 MT VIA BUENAVISTA - CUESTECITAS RUTA NACIONAL 8801,INSTITUTO DE TRANSITO Y TRANSPORTE DE FONSECA GUAJIRA,Municipal,"C29, C35, D02, D06, D07",30,Video Detección (Con Analítica de Video),Móvil,SASTF01,10.892272,-72.834718,,,,,,,,,,26/10/2026
,SOL0000003365,CU000000000527,Vencida,CUNDINAMARCA,ZIPAQUIRA,22/12/2020,Calle 8 Carrera 16,SECRETARIA DE TRANSPORTE Y MOVILIDAD DE ZIPAQUIRA,Municipal,D.4,None,Video Detección (Con Analítica de Video),Fijo,DRAGOCAM1,5.025156,-73.994921,,,,,,,,,,21/12/2025
,SOL0000003365,CU000000000526,Vencida,CUNDINAMARCA,ZIPAQUIRA,22/12/2020,Calle 8 Carrera 19,SECRETARIA DE TRANSPORTE Y MOVILIDAD DE ZIPAQUIRA,Municipal,D.4,None,Video Detección (Con Analítica de Video),Fijo,DRAGOCAM3,5.025391,-73.994328,,,,,,,,,,21/12/2025
,SOL0000003365,CU000000000525,Vencida,CUNDINAMARCA,ZIPAQUIRA,22/12/2020,Carrera 16 calle 8,SECRETARIA DE TRANSPORTE Y MOVILIDAD DE ZIPAQUIRA,Municipal,D.4,None,Video Detección (Con Analítica de Video),Fijo,DRAGOCAM2,5.025157,-73.994688,,,,,,,,,,21/12/2025
,SOL0000003365,CU000000000524,Vencida,CUNDINAMARCA,ZIPAQUIRA,22/12/2020,Carrera 19 Calle 8,SECRETARIA DE TRANSPORTE Y MOVILIDAD DE ZIPAQUIRA,Municipal,D.4,None,Video Detección (Con Analítica de Video),Fijo,DRAGOCAM4,5.025414,-73.994444,,,,,,,,,,21/12/2025
,SOL0000003341,CU000000000523,Vencida,CUNDINAMARCA,ZIPAQUIRA,16/12/2020,KILOMETRO 1 VIA A PACHO AL LADO DEL RESALTO,SECRETARIA DE TRANSPORTE Y MOVILIDAD DE ZIPAQUIRA,Municipal,"C.29, D.10",None,Radar Doppler,Móvil,DRAGOCAM03,5.0292,-74.008231,,,,,,,,,,15/12/2025
,SOL0000003502,CU000000000520,Vencida,ANTIOQUIA,BELLO,02/12/2020,CARRERA 48 X CALLE 53 SENTIDO SUR - NORTE,SECRETARÍA DE MOVILIDAD DE BELLO,Municipal,"C.14, C.29, C.32, C.35, D.2, D.4",None,Lazo Inductivo de Piso (Espiras),Fijo,PRADO2,6.336886,-75.557262,,,,,,,,,,01/12/2025
,SOL0000002844,CU000000000517,Vencida,CESAR,PAILITAS,10/11/2020,"Vía La Mata - San Roque, Ruta 4515 PR 39+125",INSTITUTO DEPARTAMENTAL DE TRANSITO DEL CESAR,Nacional,"C.24, C.29, C.35, D.10, D.2",None,Radar Doppler,Fijo,C10,8.940231,-73.632338,,,,,,,,,,09/11/2025
,SOL0000002782,CU000000000509,Vencida,VALLE DEL CAUCA,PALMIRA,17/06/2020,CALLE 42  CARRERA 43 PALMIRA,SECRETARIA DE TRANSITO Y TRANSPORTE DE PALMIRA,Nacional,"C.14, C.29, C.35, D.2",None,Laser (Lidar) / Infrarrojo,Móvil,LF001635,3.5388951,-76.315211,,,,,,,,,,16/06/2025
,SOL0000002801,CU000000000508,Vencida,VALLE DEL CAUCA,PALMIRA,17/06/2020,CALLE 42 CARRERA 13,SECRETARIA DE TRANSITO Y TRANSPORTE DE PALMIRA,Nacional,"C.14, C.29, C.35, D.2",None,Laser (Lidar) / Infrarrojo,Móvil,LF001637,3.5370742,-76.285378,,,,,,,,,,16/06/2025
,SOL0000002741,CU000000000507,Vencida,VALLE DEL CAUCA,PALMIRA,22/05/2020,CARRERA 28 CALLE 42,SECRETARIA DE TRANSITO Y TRANSPORTE DE PALMIRA,Municipal,"C.14, C.29, C.35, D.2, D.4",None,Lazo Inductivo de Piso (Espiras),Fijo,2013645007,3.5375383,-76.297232,,,,,,,,,,21/05/2025
,SOL0000002781,CU000000000506,Vencida,VALLE DEL CAUCA,PALMIRA,22/05/2020,CALLE 31 CARRERA 44,SECRETARIA DE TRANSITO Y TRANSPORTE DE PALMIRA,Municipal,"C.14, C.29, C.35, D.2",None,Laser (Lidar) / Infrarrojo,Fijo,LF001637,3.5286444,-76.320092,,,,,,,,,,21/05/2025
,SOL0000002762,CU000000000505,Vencida,VALLE DEL CAUCA,PALMIRA,22/05/2020,CALLE 31 CARRERA 47,SECRETARIA DE TRANSITO Y TRANSPORTE DE PALMIRA,Municipal,"C.14, C.29, C.35, D.2",None,Laser (Lidar) / Infrarrojo,Fijo,LF001635,3.5285337,-76.321045,,,,,,,,,,21/05/2025
,SOL0000003041,CU000000000499,Vencida,BOGOTA D.C,BOGOTA D.C,28/03/2020,AV CIUDAD DE CALI - CL 52 SUR (N-S),SECRETARIA DISTRITAL DE MOVILIDAD,Distrital,"C.14, C.29, C.35, D.2, D.4",None,Video Detección (Con Analítica de Video),Fijo,DEI31CAM01,4.624576,-74.178725,,,,,,,,,,27/03/2025
,SOL0000003041,CU000000000493,Vencida,BOGOTA D.C,BOGOTA D.C,28/03/2020,AV CIUDAD DE CALI - CL 43 SUR (S-N),SECRETARIA DISTRITAL DE MOVILIDAD,Distrital,"C.14, C.29, C.35, D.2",None,Radar Doppler,Fijo,DEI37CAM01,4.627521,-74.172451,,,,,,,,,,27/03/2025
,SOL0000003041,CU000000000489,Vencida,BOGOTA D.C,BOGOTA D.C,28/03/2020,AV CR 68 - CL 87 (N-S),SECRETARIA DISTRITAL DE MOVILIDAD,Distrital,"C.14, C.29, C.35, D.2",None,Radar Doppler,Fijo,DEI35CAM02,4.685052,-74.077708,,,,,,,,,,27/03/2025
,SOL0000003041,CU000000000488,Vencida,BOGOTA D.C,BOGOTA D.C,28/03/2020,AV CIUDAD DE CALI - CL 43 SUR (N-S),SECRETARIA DISTRITAL DE MOVILIDAD,Distrital,"C.14, C.29, C.35, D.2",None,Radar Doppler,Fijo,DEI37CAM02,4.627932,-74.172072,,,,,,,,,,27/03/2025
,SOL0000003041,CU000000000487,Vencida,BOGOTA D.C,BOGOTA D.C,28/03/2020,AV CR 68 - CL 87 (S-N),SECRETARIA DISTRITAL DE MOVILIDAD,Distrital,"C.14, C.29, C.35, D.2",None,Radar Doppler,Fijo,DEI35CAM01,4.684991,-74.077759,,,,,,,,,,27/03/2025
,SOL0000003041,CU000000000476,Vencida,BOGOTA D.C,BOGOTA D.C,28/03/2020,AV CIUDAD DE CALI - CL 53 SUR (S-N),SECRETARIA DISTRITAL DE MOVILIDAD,Distrital,"C.14, C.29, C.35, D.4",None,Video Detección (Con Analítica de Video),Fijo,DEI31CAM02,4.623903,-74.179132,,,,,,,,,,27/03/2025
,SOL0000002961,CU000000000465,Vencida,BOGOTA D.C,BOGOTA D.C,20/01/2020,AU. NORTE - CL 172A (S-N),SECRETARIA DISTRITAL DE MOVILIDAD,Distrital,"C.14, C.29, C.35, D.2",None,Radar Doppler,Fijo,DEI22CAM04,4.755324,-74.045449,,,,,,,,,,19/01/2025
,SOL0000002961,CU000000000460,Vencida,BOGOTA D.C,BOGOTA D.C,20/01/2020,AU. NORTE - CL 169 (N-S),SECRETARIA DISTRITAL DE MOVILIDAD,Distrital,"C.14, C.29, C.35, D.2",None,Radar Doppler,Fijo,DEI22CAM02,4.750689,-74.046951,,,,,,,,,,19/01/2025
,SOL0000002961,CU000000000458,Vencida,BOGOTA D.C,BOGOTA D.C,20/01/2020,Av. Caracas X Cl. 60,SECRETARIA DISTRITAL DE MOVILIDAD,Distrital,"C.14, C.29, C.35, D.2, D.4",None,Radar Doppler,Fijo,DEI21CAM02,4.647455,-74.065202,,,,,,,,,,19/01/2025
,SOL0000002961,CU000000000446,Vencida,BOGOTA D.C,BOGOTA D.C,20/01/2020,AU. NORTE - CL 183 (N-S),SECRETARIA DISTRITAL DE MOVILIDAD,Distrital,"C.14, C.29, C.35, D.2",None,Radar Doppler,Fijo,DEI25CAM02,4.761777,-74.044827,,,,,,,,,,19/01/2025
,SOL0000002961,CU000000000468,Vencida,BOGOTA D.C,BOGOTA D.C,20/01/2020,AU. NORTE - CL 183 (N-S),SECRETARIA DISTRITAL DE MOVILIDAD,Distrital,"C.14, C.29, C.35, D.2",None,Radar Doppler,Fijo,DEI25CAM01,4.761777,-74.044827,,,,,,,,,,19/01/2025
,SOL0000002961,CU000000000462,Vencida,BOGOTA D.C,BOGOTA D.C,20/01/2020,AV CARACAS - CL 59A (S-N),SECRETARIA DISTRITAL DE MOVILIDAD,Distrital,"C.14, C.29, C.35, D.2, D.4",None,Radar Doppler,Fijo,DEI21CAM01,4.646722,-74.064996,,,,,,,,,,19/01/2025
,SOL0000002961,CU000000000453,Vencida,BOGOTA D.C,BOGOTA D.C,20/01/2020,AU. NORTE - CL 183A (S-N),SECRETARIA DISTRITAL DE MOVILIDAD,Distrital,"C.14, C.29, C.35, D.2",None,Radar Doppler,Fijo,DEI25CAM03,4.761745,-74.044596,,,,,,,,,,19/01/2025
,SOL0000002961,CU000000000452,Vencida,BOGOTA D.C,BOGOTA D.C,20/01/2020,AU. NORTE - CL 183A (S-N),SECRETARIA DISTRITAL DE MOVILIDAD,Distrital,"C.14, C.29, C.35, D.2",None,Radar Doppler,Fijo,DEI25CAM04,4.761745,-74.044596,,,,,,,,,,19/01/2025
,SOL0000002206,CU000000000444,Vencida,MAGDALENA,SANTA MARTA,14/01/2020,Transversal del Caribe PR 93 (Sentido oriente - occidente),SECRETARIA DE MOVILIDAD MULTIMODAL Y SOSTENIBLE - SANTA MARTA,Departamental,"C.24, C.29, C.32, C.35, C.37, D.10, D.2, D.3",None,Radar Doppler,Fijo,PUNTO15,11.221506,-74.177804,,,,,,,,,,13/01/2025
,SOL0000002241,CU000000000443,Vencida,MAGDALENA,SANTA MARTA,10/01/2020,Avenida Hernández Pardo Ziruma  (sentido norte - sur),SECRETARIA DE MOVILIDAD MULTIMODAL Y SOSTENIBLE - SANTA MARTA,Municipal,"C.2, C.24, C.29, C.3, C.32, C.35, C.37, D.10, D.2, D.3, D.7",None,Video Detección (Con Analítica de Video),Fijo,PUNTO11,11.225742,-74.216191,,,,,,,,,,09/01/2025
,SOL0000002284,CU000000000442,Vencida,MAGDALENA,SANTA MARTA,10/01/2020,Calle 30 con Carrera 13. Sentido sur - norte.,SECRETARIA DE MOVILIDAD MULTIMODAL Y SOSTENIBLE - SANTA MARTA,Municipal,"C.14, C.15, C.24, C.32, C.35, C.37, D.2, D.3, D.4, D.5, D.7",None,Video Detección (Con Analítica de Video),,PUNTO9,11.227554,-74.20464,,,,,,,,,,09/01/2025
,SOL0000002701,CU000000000424,Vencida,BOGOTA D.C,BOGOTA D.C,26/12/2019,AU. NORTE - CL 97 (S-N) C. LEN,SECRETARIA DISTRITAL DE MOVILIDAD,Distrital,"C.14, C.29, C.35, D.2",None,Radar Doppler,Fijo,DEI10CAM04,4.684901,-74.057286,,,,,,,,,,25/12/2024
,SOL0000002701,CU000000000433,Vencida,BOGOTA D.C,BOGOTA D.C,26/12/2019,AV CIUDAD DE CALI - CL 15A (N-S),SECRETARIA DISTRITAL DE MOVILIDAD,Distrital,"C.14, C.29, C.3, C.35, D.2",None,Radar Doppler,Fijo,DEI11CAM02,4.657056,-74.138196,,,,,,,,,,25/12/2024
,SOL0000002285,CU000000000415,Vencida,MAGDALENA,SANTA MARTA,26/12/2019,Avenida Hernández Pardo. Sentido sur - norte.,SECRETARIA DE MOVILIDAD MULTIMODAL Y SOSTENIBLE - SANTA MARTA,Municipal,"C.2, C.24, C.29, C.3, C.32, C.35, C.37, D.10, D.2, D.3, D.7",None,Radar Doppler,Fijo,PUNTO10,11.209128,-74.2209,,,,,,,,,,25/12/2024
,SOL0000002681,CU000000000408,Vencida,BOGOTA D.C,BOGOTA D.C,13/12/2019,Av. Cra. 68 Av.Americas- Sentido Sur-Norte,SECRETARIA DISTRITAL DE MOVILIDAD,Distrital,"C.14, C.29, C.35, D.2",None,Radar Doppler,Fijo,DEI03CAM1,4.627311,-74.123054,,,,,,,,,,12/12/2024
,SOL0000002681,CU000000000407,Vencida,BOGOTA D.C,BOGOTA D.C,13/12/2019,Av. Cra. 68 Av.Americas- Norte Sur,SECRETARIA DISTRITAL DE MOVILIDAD,Distrital,"C.14, C.29, C.35, D.2",None,Radar Doppler,Fijo,DEI03CAM2,4.627579,-74.122984,,,,,,,,,,12/12/2024
,SOL0000002681,CU000000000406,Vencida,BOGOTA D.C,BOGOTA D.C,13/12/2019,CR 33 - CL 41 SUR (N-S),SECRETARIA DISTRITAL DE MOVILIDAD,Distrital,"C.14, C.29, C.35, D.2",None,Radar Doppler,Fijo,DEI05CAM2,4.587857,-74.125872,,,,,,,,,,12/12/2024
,SOL0000002404,CU000000000402,Vencida,CORDOBA,MONTERIA,13/12/2019,Avenida Circunvalar con Calle 68 - Sentido NORESTE-SUROESTE,SECRETARIA MUNICIPAL DE TRANSPORTE Y TRANSITO DE MONTERIA,Municipal,"C.14, C.29, C.32, C.35, D.2, D.4",None,Laser (Lidar) / Infrarrojo,Fijo,SAST2P3,8.7789644,-75.8630562,,,,,,,,,,12/12/2024
,SOL0000002404,CU000000000401,Vencida,CORDOBA,MONTERIA,13/12/2019,Calle 41 con Carrera 2 Sentido SURESTE-NOROESTE,SECRETARIA MUNICIPAL DE TRANSPORTE Y TRANSITO DE MONTERIA,Municipal,"C.14, C.29, C.35, D.2",None,Laser (Lidar) / Infrarrojo,Fijo,SASTP6,8.7643787,-75.8796587,,,,,,,,,,12/12/2024
,SOL0000002404,CU000000000400,Vencida,CORDOBA,MONTERIA,13/12/2019,Calle 29 con Carrera 5 Sentido SUROESTE-NORESTE,SECRETARIA MUNICIPAL DE TRANSPORTE Y TRANSITO DE MONTERIA,Municipal,"C.14, C.29, C.32, C.35, D.2, D.4",None,Laser (Lidar) / Infrarrojo,Fijo,SASTP7,8.7553325,-75.885089,,,,,,,,,,12/12/2024
,SOL0000002404,CU000000000399,Vencida,CORDOBA,MONTERIA,13/12/2019,Carrera 4 con Calle 44 Sentido SUROESTE-NORESTE,SECRETARIA MUNICIPAL DE TRANSPORTE Y TRANSITO DE MONTERIA,Municipal,"C.14, C.29, C.32, C.35, D.2, D.4",None,Laser (Lidar) / Infrarrojo,Fijo,SAST1P5,8.7647426,-75.877568,,,,,,,,,,12/12/2024
,SOL0000002404,CU000000000398,Vencida,CORDOBA,MONTERIA,13/12/2019,Avenida Circunvalar con Calle 22 - Sentido SUROESTE-NORESTE,SECRETARIA MUNICIPAL DE TRANSPORTE Y TRANSITO DE MONTERIA,Municipal,"C.14, C.29, C.32, C.35, D.2, D.4",None,Laser (Lidar) / Infrarrojo,Fijo,SAST1P2,8.7458755,-75.8819863,,,,,,,,,,12/12/2024
,SOL0000002404,CU000000000397,Vencida,CORDOBA,MONTERIA,13/12/2019,Carrera 29 Transversal 29 Sentido ESTE - OESTE,SECRETARIA MUNICIPAL DE TRANSPORTE Y TRANSITO DE MONTERIA,Municipal,"C.14, C.29, C.32, C.35, D.2, D.4",None,Laser (Lidar) / Infrarrojo,Fijo,SASTP4,8.7427535,-75.8688623,,,,,,,,,,12/12/2024
,SOL0000002404,CU000000000396,Vencida,CORDOBA,MONTERIA,13/12/2019,Avenida Circunvalar con Calle 41 - Sentido NORESTE-SUROESTE,SECRETARIA MUNICIPAL DE TRANSPORTE Y TRANSITO DE MONTERIA,Municipal,"C.14, C.29, C.32, C.35, D.2, D.4",None,Laser (Lidar) / Infrarrojo,Fijo,SAST2P1,8.7597574,-75.8739448,,,,,,,,,,12/12/2024
,SOL0000002404,CU000000000395,Vencida,CORDOBA,MONTERIA,13/12/2019,Avenida Circunvalar con Calle 41 - Sentido SUROESTE-NORESTE,SECRETARIA MUNICIPAL DE TRANSPORTE Y TRANSITO DE MONTERIA,Municipal,"C.14, C.29, C.32, C.35, D.2, D.4",None,Laser (Lidar) / Infrarrojo,Fijo,SAST1P1,8.7591341,-75.8742718,,,,,,,,,,12/12/2024
,SOL0000002404,CU000000000394,Vencida,CORDOBA,MONTERIA,13/12/2019,Avenida Circunvalar con Calle 22 - Sentido SURESTE-NOROESTE,SECRETARIA MUNICIPAL DE TRANSPORTE Y TRANSITO DE MONTERIA,Municipal,"C.14, C.29, C.32, C.35, D.2, D.4",None,Laser (Lidar) / Infrarrojo,Fijo,SAST2P2,8.7459727,-75.8816257,,,,,,,,,,12/12/2024
,SOL0000002404,CU000000000392,Vencida,CORDOBA,MONTERIA,13/12/2019,Avenida Circunvalar con Calle 68 - Sentido SUROESTE-NORESTE,SECRETARIA MUNICIPAL DE TRANSPORTE Y TRANSITO DE MONTERIA,Municipal,"C.14, C.29, C.32, C.35, D.2, D.4",None,Laser (Lidar) / Infrarrojo,Fijo,SAST1P3,8.7783205,-75.8634297,,,,,,,,,,12/12/2024
,SOL0000002404,CU000000000393,Vencida,CORDOBA,MONTERIA,13/12/2019,Carrera 4 con Calle 44 Sentido NORESTE - SUROESTE,SECRETARIA MUNICIPAL DE TRANSPORTE Y TRANSITO DE MONTERIA,Municipal,"C.14, C.29, C.32, C.35, D.2, D.4",None,Laser (Lidar) / Infrarrojo,Fijo,SAST2P5,8.7650408,-75.8768885,,,,,,,,,,12/12/2024
,SOL0000002205,CU000000000390,Vencida,MAGDALENA,SANTA MARTA,09/12/2019,PR 81+000. Sentido sur - norte,SECRETARIA DE MOVILIDAD MULTIMODAL Y SOSTENIBLE - SANTA MARTA,Departamental,"C.24, C.29, C.32, C.35, C.37, D.10, D.2, D.3",None,Radar Doppler,,PUNTO13,11.143216,-74.223638,,,,,,,,,,08/12/2024
,SOL0000002204,CU000000000388,Vencida,MAGDALENA,SANTA MARTA,28/11/2019,PR 83+000. Sentido sur - norte,SECRETARIA DE MOVILIDAD MULTIMODAL Y SOSTENIBLE - SANTA MARTA,Departamental,"C.24, C.29, C.32, C.35, C.37, D.10, D.2, D.3",None,Video Detección (Con Analítica de Video),,PUNTO12,11.161151,-74.224515,,,,,,,,,,27/11/2024
,SOL0000000237,CU000000000185,Vencida,ATLANTICO,BARRANQUILLA,18/12/2018,Calle 110#29-120 (centro industrial),SECRETARÍA DISTRITAL DE TRÁNSITO Y SEGURIDAD VIAL - BARRANQUILLA,Distrital,"A.1, A.10, A.11, A.12, A.2, A.3, A.4, A.5, A.6, A.7, A.8, A.9, B.1, B.10, B.11, B.12, B.13, B.14, B.15, B.16, B.17, B.18, B.19, B.2, B.20, B.21, B.22, B.23, B.3, B.4, B.5, B.6, B.7, B.8, B.9, C.1, C.10, C.11, C.12, C.13, C.14, C.15, C.16, C.17, C.18, C.19, C.2, C.20, C.21, C.22, C.23, C.24, C.25, C.26, C.27, C.28, C.29, C.3, C.30, C.31, C.32, C.33, C.34, C.35, C.36, C.37, C.38, C.39, C.4, C.40, C.5, C.6, C.7, C.8, C.9, D.1, D.10, D.11, D.12, D.13, D.14, D.15, D.16, D.17, D.2, D.3, D.4, D.5, D.6, D.7, D.8, D.9, E.1, E.2, E.3, E.4, H.01, H.02, H.03, H.04, H.05, H.06, H.07, H.08, H.09, H.10, H.11, H.12, H.13, I.01, I.02",None,Radar Doppler,,CIRCUXCR31,10.97871,-74.83624,,,,,,,,,,21/11/2024
,SOL0000000201,CU000000000124,Vencida,ANTIOQUIA,MEDELLIN,10/12/2018,Carrera 46 por Calle 41,SECRETARIA DE MOVILIDAD DE MEDELLIN,Municipal,,None,Laser (Lidar) / Infrarrojo,,32OrienHue,6.2412,-75.5696,,,,,,,,,,21/11/2024
,SOL0000000201,CU000000000119,Vencida,ANTIOQUIA,MEDELLIN,10/12/2018,Calle 38 por Carrera 52,SECRETARIA DE MOVILIDAD DE MEDELLIN,Municipal,,None,Laser (Lidar) / Infrarrojo,,14TriadaRe,6.23921,-75.57325,,,,,,,,,,21/11/2024
,SOL0000000201,CU000000000115,Vencida,ANTIOQUIA,MEDELLIN,10/12/2018,Calle 10 por Carrera 48,SECRETARIA DE MOVILIDAD DE MEDELLIN,Municipal,,None,Lazo Inductivo de Piso (Espiras),,06Monterre,6.213157,-75.576821,,,,,,,,,,21/11/2024
,SOL0000000201,CU000000000114,Vencida,ANTIOQUIA,MEDELLIN,10/12/2018,Carrera 46 por Calle 57,SECRETARIA DE MOVILIDAD DE MEDELLIN,Municipal,,None,Laser (Lidar) / Infrarrojo,,33OrienArg,6.2531,-75.5623,,,,,,,,,,21/11/2024
,SOL0000000201,CU000000000112,Vencida,ANTIOQUIA,MEDELLIN,10/12/2018,Avenida 80 por Calle 12 Sur,SECRETARIA DE MOVILIDAD DE MEDELLIN,Municipal,,None,Lazo Inductivo de Piso (Espiras),,07FabLicor,6.1965,-75.5853,,,,,,,,,,21/11/2024
,SOL0000000201,CU000000000108,Vencida,ANTIOQUIA,MEDELLIN,10/12/2018,Calle 50 por Carrera 55,SECRETARIA DE MOVILIDAD DE MEDELLIN,Municipal,,None,Laser (Lidar) / Infrarrojo,,19ColxTene,6.2514,-75.5719,,,,,,,,,,21/11/2024
,SOL0000000201,CU000000000105,Vencida,ANTIOQUIA,MEDELLIN,10/12/2018,Avenida las Vegas por Calle 4 Sur,SECRETARIA DE MOVILIDAD DE MEDELLIN,Municipal,,None,Lazo Inductivo de Piso (Espiras),,35Vegas4Su,6.2029,-75.5772,,,,,,,,,,21/11/2024
,SOL0000000201,CU000000000102,Vencida,ANTIOQUIA,MEDELLIN,10/12/2018,Carrera 51 por Calle 64,SECRETARIA DE MOVILIDAD DE MEDELLIN,Municipal,,None,Lazo Inductivo de Piso (Espiras),,43SnVicent,6.2614,-75.5642,,,,,,,,,,21/11/2024
,SOL0000000201,CU000000000098,Vencida,ANTIOQUIA,MEDELLIN,10/12/2018,Calle 44 por Carrera 78,SECRETARIA DE MOVILIDAD DE MEDELLIN,Municipal,,None,Lazo Inductivo de Piso (Espiras),,18TeatroAm,6.25,-75.5971,,,,,,,,,,21/11/2024
,SOL0000000201,CU000000000097,Vencida,ANTIOQUIA,MEDELLIN,10/12/2018,Calle 89 por Carrera 65,SECRETARIA DE MOVILIDAD DE MEDELLIN,Municipal,,None,Lazo Inductivo de Piso (Espiras),,25Castilla,6.282166,-75.572512,,,,,,,,,,21/11/2024
,SOL0000000201,CU000000000096,Vencida,ANTIOQUIA,MEDELLIN,10/12/2018,Carrera 34 por Calle 16A Sur,SECRETARIA DE MOVILIDAD DE MEDELLIN,Municipal,,None,Lazo Inductivo de Piso (Espiras),,27MallCamp,6.1857,-75.57,,,,,,,,,,21/11/2024
,SOL0000000201,CU000000000094,Vencida,ANTIOQUIA,MEDELLIN,10/12/2018,Avenida del Rio por Calle 94A,SECRETARIA DE MOVILIDAD DE MEDELLIN,Municipal,,None,Laser (Lidar) / Infrarrojo,,50MetroTri,6.290308,-75.564952,,,,,,,,,,21/11/2024
,SOL0000000201,CU000000000088,Vencida,ANTIOQUIA,MEDELLIN,10/12/2018,Calle 44 por Carrera 53,SECRETARIA DE MOVILIDAD DE MEDELLIN,Municipal,,None,Lazo Inductivo de Piso (Espiras),,16Alpujara,6.2458,-75.573,,,,,,,,,,21/11/2024
,SOL0000000201,CU000000000082,Vencida,ANTIOQUIA,MEDELLIN,10/12/2018,Calle 55 por Carrera 67B,SECRETARIA DE MOVILIDAD DE MEDELLIN,Municipal,,None,Lazo Inductivo de Piso (Espiras),,22Iguana,6.2597,-75.5827,,,,,,,,,,21/11/2024
,SOL0000000201,CU000000000081,Vencida,ANTIOQUIA,MEDELLIN,10/12/2018,Carrera 55 por Calle 49,SECRETARIA DE MOVILIDAD DE MEDELLIN,Municipal,,None,Lazo Inductivo de Piso (Espiras),,49Tenerife,6.2503,-75.5727,,,,,,,,,,21/11/2024
,SOL0000000201,CU000000000080,Vencida,ANTIOQUIA,MEDELLIN,10/12/2018,Calle 35 por Carrera 84,SECRETARIA DE MOVILIDAD DE MEDELLIN,Municipal,,None,Lazo Inductivo de Piso (Espiras),,12SimonBol,6.2442,-75.6067,,,,,,,,,,21/11/2024
,SOL0000000353,CU000000000076,Vencida,META,VILLAVICENCIO,10/12/2018,CALLE 1 CARRERA 26A,SECRETARIA DE MOVILIDAD DE VILLAVICENCIO,Municipal,"C.29, C.35, D.2",None,Laser (Lidar) / Infrarrojo,,VSIS01,4.1184194,-73.6208528,,,,,,,,,,21/11/2024
,SOL0000000354,CU000000000075,Vencida,META,VILLAVICENCIO,10/12/2018,AVENIDA 40 CALLE 10C,SECRETARIA DE MOVILIDAD DE VILLAVICENCIO,Municipal,"C.35, D.2",None,Laser (Lidar) / Infrarrojo,,VSIS01,4.1292306,-73.6383528,,,,,,,,,,21/11/2024
,SOL0000000321,CU000000000074,Vencida,META,VILLAVICENCIO,10/12/2018,CALLE 1 CARRERA 32,SECRETARIA DE MOVILIDAD DE VILLAVICENCIO,Municipal,"C.29, C.35, D.2",None,Laser (Lidar) / Infrarrojo,,VSIS01,4.1159416,-73.628172,,,,,,,,,,21/11/2024
,SOL0000000363,CU000000000257,Vencida,BOLIVAR,TURBACO,26/03/2019,SIN DIRECCION,SECRETARIA DE TRANSITO Y TRANSPORTE MUNICIPAL DE TURBACO,Nacional,C.29,None,Radar Doppler,,BOTUS002,10.339709,-75.42171,,,,,,,,,,21/11/2024
,SOL0000000350,CU000000000071,Vencida,META,VILLAVICENCIO,10/12/2018,CARRERA 36 CALLE 33,SECRETARIA DE MOVILIDAD DE VILLAVICENCIO,Municipal,"C.35, D.2",None,Laser (Lidar) / Infrarrojo,,VSIS01,4.1443306,-73.6365028,,,,,,,,,,21/11/2024
,SOL0000000361,CU000000000065,Vencida,VALLE DEL CAUCA,CALI,10/12/2018,CALLE 25 CON CARRERA 95,SECRETARIA DE MOVILIDAD SANTIAGO DE CALI,Municipal,,None,Laser (Lidar) / Infrarrojo,,Cl25Cr95,3.3748252,-76.5251546,,,,,,,,,,21/11/2024
,SOL0000000361,CU000000000062,Vencida,VALLE DEL CAUCA,CALI,10/12/2018,CARRERA 23 CON TRANSVERSAL 25E,SECRETARIA DE MOVILIDAD SANTIAGO DE CALI,Municipal,,None,Laser (Lidar) / Infrarrojo,,Cr23Tr25E,3.4358454,-76.5178694,,,,,,,,,,21/11/2024
,SOL0000000361,CU000000000058,Vencida,VALLE DEL CAUCA,CALI,10/12/2018,AVENIDA 3N CON CALLE 40,SECRETARIA DE MOVILIDAD SANTIAGO DE CALI,Municipal,,None,Laser (Lidar) / Infrarrojo,,Av3NCl40,3.476221,-76.5182469,,,,,,,,,,21/11/2024
,SOL0000000361,CU000000000059,Vencida,VALLE DEL CAUCA,CALI,10/12/2018,CALLE 36 CON CARRERA 128,SECRETARIA DE MOVILIDAD SANTIAGO DE CALI,Municipal,,None,Laser (Lidar) / Infrarrojo,,Cl36Cr128,3.3307345,-76.5229133,,,,,,,,,,21/11/2024
,SOL0000000361,CU000000000042,Vencida,VALLE DEL CAUCA,CALI,10/12/2018,CALLE 70 CON CARRERA 1D,SECRETARIA DE MOVILIDAD SANTIAGO DE CALI,Municipal,,None,Laser (Lidar) / Infrarrojo,,Cl70Cr1D,3.4754939,-76.487327,,,,,,,,,,21/11/2024
,SOL0000000361,CU000000000030,Vencida,VALLE DEL CAUCA,CALI,10/12/2018,CALLE 13 CON CARRERA86,SECRETARIA DE MOVILIDAD SANTIAGO DE CALI,Municipal,,None,Laser (Lidar) / Infrarrojo,,Cl13Cr86,3.3802098,-76.5377124,,,,,,,,,,21/11/2024
,SOL0000000361,CU000000000046,Vencida,VALLE DEL CAUCA,CALI,10/12/2018,CALLE 70 CON CARRERA 1,SECRETARIA DE MOVILIDAD SANTIAGO DE CALI,Municipal,,None,Laser (Lidar) / Infrarrojo,,Cl70Cr1,3.486059,-76.4956798,,,,,,,,,,21/11/2024
,SOL0000000362,CU000000000254,Vencida,BOLIVAR,TURBACO,26/03/2019,SIN DIRECCION,SECRETARIA DE TRANSITO Y TRANSPORTE MUNICIPAL DE TURBACO,Nacional,C.29,None,Radar Doppler,,BOTUS001,10.375602,-75.459363,,,,,,,,,,21/11/2024
,SOL0000000381,CU000000000024,Vencida,ANTIOQUIA,MEDELLIN,10/12/2018,Avenida del Rio por Calle 72,SECRETARIA DE MOVILIDAD DE MEDELLIN,Municipal,,None,Lazo Inductivo de Piso (Espiras),,51Transito,6.269738,-75.571605,,,,,,,,,,21/11/2024
,SOL0000000381,CU000000000023,Vencida,ANTIOQUIA,MEDELLIN,10/12/2018,Avenida del Rio por Carrera 64A,SECRETARIA DE MOVILIDAD DE MEDELLIN,Municipal,,None,Lazo Inductivo de Piso (Espiras),,52Bomberos,6.274592,-75.570531,,,,,,,,,,21/11/2024
,SOL0000000381,CU000000000017,Vencida,ANTIOQUIA,MEDELLIN,10/12/2018,Avenida Bolivariana por Carrera 65,SECRETARIA DE MOVILIDAD DE MEDELLIN,Municipal,,None,Lazo Inductivo de Piso (Espiras),,58Bolivari,6.245184,-75.583918,,,,,,,,,,21/11/2024
,SOL0000000381,CU000000000014,Vencida,ANTIOQUIA,MEDELLIN,10/12/2018,Carrera 70 por Calle 47D,SECRETARIA DE MOVILIDAD DE MEDELLIN,Municipal,,None,Lazo Inductivo de Piso (Espiras),,61MEstadio,6.253,-75.5879,,,,,,,,,,21/11/2024
,SOL0000000381,CU000000000013,Vencida,ANTIOQUIA,MEDELLIN,10/12/2018,Carrera 76 por Calle 30,SECRETARIA DE MOVILIDAD DE MEDELLIN,Municipal,,None,Lazo Inductivo de Piso (Espiras),,62MPBelen,6.231114,-75.596248,,,,,,,,,,21/11/2024
,SOL0000000381,CU000000000012,Vencida,ANTIOQUIA,MEDELLIN,10/12/2018,Diagonal 74B por Calle 32F,SECRETARIA DE MOVILIDAD DE MEDELLIN,Municipal,,None,Lazo Inductivo de Piso (Espiras),,66Bulerias,6.2387,-75.5902,,,,,,,,,,21/11/2024
,SOL0000000381,CU000000000011,Vencida,ANTIOQUIA,MEDELLIN,10/12/2018,Km 4 +100 Vía Tunel de Occidente O-E,SECRETARIA DE MOVILIDAD DE MEDELLIN,Municipal,,None,Laser (Lidar) / Infrarrojo,,69Tunelk4,6.2767,-75.6061,,,,,,,,,,21/11/2024
,SOL0000000365,CU000000000218,Vencida,N. DE SANTANDER,VILLA DEL ROSARIO,14/01/2019,SIN DIRECCION,DEPARTAMENTO ADMINISTRATIVO DE TRANSPORTES Y TRANSITO DE VILLA DEL ROSARIO,Nacional,C.29,None,Radar Doppler,,Radar2,7.860509,-72.479449,,,,,,,,,,21/11/2024
,SOL0000000386,CU000000000251,Vencida,ATLANTICO,SOLEDAD,26/03/2019,SIN DIRECCION,INSTITUTO MUNICIPAL DE TRANSITO Y TRANSPORTE DE SOLEDAD,Distrital,C.29,None,Radar Doppler,,ATSOS003,10.924191,-74.792783,,,,,,,,,,21/11/2024
,SOL0000000481,CU000000000199,Vencida,ANTIOQUIA,MEDELLIN,19/12/2018,Avenida Guayabal por Calle 6 Sur,SECRETARIA DE MOVILIDAD DE MEDELLIN,Municipal,,None,Laser (Lidar) / Infrarrojo,,K65C18,6.204535,-75.587162,,,,,,,,,,21/11/2024
,SOL0000000481,CU000000000204,Vencida,ANTIOQUIA,MEDELLIN,19/12/2018,Avenida 80 por Calle 2A,SECRETARIA DE MOVILIDAD DE MEDELLIN,Municipal,,None,Laser (Lidar) / Infrarrojo,,D75BC2A,6.21286,-75.596122,,,,,,,,,,21/11/2024
,SOL0000000481,CU000000000203,Vencida,ANTIOQUIA,MEDELLIN,19/12/2018,Carrera 32 por Calle 5 Sur,SECRETARIA DE MOVILIDAD DE MEDELLIN,Municipal,,None,Laser (Lidar) / Infrarrojo,,K32C5Sur,6.195575,-75.566031,,,,,,,,,,21/11/2024
,SOL0000000481,CU000000000200,Vencida,ANTIOQUIA,MEDELLIN,19/12/2018,Avenida del Rio por Calle 77,SECRETARIA DE MOVILIDAD DE MEDELLIN,Municipal,,None,Laser (Lidar) / Infrarrojo,,K63C77,6.277143,-75.5700086,,,,,,,,,,21/11/2024
,SOL0000000481,CU000000000196,Vencida,ANTIOQUIA,MEDELLIN,19/12/2018,Avenida del Rio por Calle 77,SECRETARIA DE MOVILIDAD DE MEDELLIN,Municipal,,None,Laser (Lidar) / Infrarrojo,,K65C40,6.276113,-75.570313,,,,,,,,,,21/11/2024
,SOL0000000481,CU000000000194,Vencida,ANTIOQUIA,MEDELLIN,19/12/2018,Carrera 70 por Calle 25,SECRETARIA DE MOVILIDAD DE MEDELLIN,Municipal,,None,Laser (Lidar) / Infrarrojo,,K70C25,6.225806,-75.591565,,,,,,,,,,21/11/2024
,SOL0000000521,CU000000000262,Vencida,HUILA,PALERMO,29/04/2019,RUTA 43HL02 PR 14 + 600,ORGANISMO DE TRANSITO MUNICPAL DE PALERMO (HUILA),Municipal,"C.29, C.35, D.2",None,Radar Doppler,,COLOSSUS,2.903186,-75.331144,,,,,,,,,,21/11/2024
,SOL0000000521,CU000000000261,Vencida,HUILA,PALERMO,29/04/2019,RUTA 43HL02-1 PR 6 + 100,ORGANISMO DE TRANSITO MUNICPAL DE PALERMO (HUILA),Municipal,"C.29, C.35, D.2",None,Radar Doppler,,COLOSSUS,2.833086,-75.329864,,,,,,,,,,21/11/2024
,SOL0000000521,CU000000000260,Vencida,HUILA,PALERMO,29/04/2019,RUTA 4506 KM 0 + 300,ORGANISMO DE TRANSITO MUNICPAL DE PALERMO (HUILA),Municipal,"C.29, C.35, D.2",None,Radar Doppler,,COLOSSUS,2.947972,-75.309306,,,,,,,,,,21/11/2024
,SOL0000000422,CU000000000009,Vencida,META,VILLAVICENCIO,10/12/2018,CARRERA 22 CALLE 8C,SECRETARIA DE MOVILIDAD DE VILLAVICENCIO,Municipal,,None,Radar Doppler,,HIKVISION,4.130386,-73.623706,,,,,,,,,,21/11/2024
,SOL0000000422,CU000000000008,Vencida,META,VILLAVICENCIO,10/12/2018,CARRERA 22 CALLE 8C,SECRETARIA DE MOVILIDAD DE VILLAVICENCIO,Municipal,,None,Laser (Lidar) / Infrarrojo,,VSIS01,4.130386,-73.623706,,,,,,,,,,21/11/2024
,SOL0000000541,CU000000000161,Vencida,BOGOTA D.C,BOGOTA D.C,12/12/2018,AK 19 X AC 100,SECRETARIA DISTRITAL DE MOVILIDAD,Distrital,"C.14, C.2, C.3, C.31, C.32",None,Semi-Automática (Acción Remota),,Cam11XTS,4.685905,-74.051928,,,,,,,,,,21/11/2024
,SOL0000000541,CU000000000159,Vencida,BOGOTA D.C,BOGOTA D.C,12/12/2018,AK 11 X AC 100,SECRETARIA DISTRITAL DE MOVILIDAD,Distrital,"C.14, C.2, C.3, C.31, C.32",None,Semi-Automática (Acción Remota),,Cam10XTS,4.6825983,-74.0432527,,,,,,,,,,21/11/2024
,SOL0000000541,CU000000000155,Vencida,BOGOTA D.C,BOGOTA D.C,12/12/2018,KR 18 X CL 12,SECRETARIA DISTRITAL DE MOVILIDAD,Distrital,"C.2, C.3, C.32, C02, C03, C32, C35, D02",None,Semi-Automática (Acción Remota),,Cam44XTS,4.605396,-74.084276,,,,,,,,,,21/11/2024
,SOL0000000541,CU000000000154,Vencida,BOGOTA D.C,BOGOTA D.C,12/12/2018,AK 24 X AC 45,SECRETARIA DISTRITAL DE MOVILIDAD,Distrital,"C.2, C.3, C.31, C.32, C02, C03, C31, C32, C35, D02",None,Semi-Automática (Acción Remota),,Cam49XTS,4.633688,-74.075742,,,,,,,,,,21/11/2024
,SOL0000000541,CU000000000151,Vencida,BOGOTA D.C,BOGOTA D.C,12/12/2018,KR 5 X AC 19,SECRETARIA DISTRITAL DE MOVILIDAD,Distrital,"C.14, C.2, C.3, C.31, C.32, C02, C03, C14, C31, C32, C35, D02",None,Semi-Automática (Acción Remota),,Cam45XTS,4.604502,-74.07024,,,,,,,,,,21/11/2024
,SOL0000000541,CU000000000149,Vencida,BOGOTA D.C,BOGOTA D.C,12/12/2018,AV SUBA X AC 100,SECRETARIA DISTRITAL DE MOVILIDAD,Distrital,"C.14, C.2, C.3, C.31, C.32",None,Semi-Automática (Acción Remota),,Cam29XTS,4.688698,-74.065012,,,,,,,,,,21/11/2024
,SOL0000000541,CU000000000145,Vencida,BOGOTA D.C,BOGOTA D.C,12/12/2018,AK 11 X CL 85,SECRETARIA DISTRITAL DE MOVILIDAD,Distrital,"C.2, C.3, C.31, C.32, C02, C03, C31, C32, C35, D02",None,Semi-Automática (Acción Remota),,Cam40XTS,4.66785,-74.05147,,,,,,,,,,21/11/2024
,SOL0000000541,CU000000000134,Vencida,BOGOTA D.C,BOGOTA D.C,12/12/2018,AK 15 X AC 92,SECRETARIA DISTRITAL DE MOVILIDAD,Distrital,"C.2, C.3, C.31, C.32, C02, C03, C31, C32, C35, D02",None,Semi-Automática (Acción Remota),,Cam02XTS,4.675763,-74.052516,,,,,,,,,,21/11/2024
,SOL0000000541,CU000000000132,Vencida,BOGOTA D.C,BOGOTA D.C,12/12/2018,AK 7 X CL 85,SECRETARIA DISTRITAL DE MOVILIDAD,Distrital,"C.2, C.31, C.32, C02, C31, C32, C35, D02",None,Semi-Automática (Acción Remota),,Cam03XTS,4.6652661,-74.0467716,,,,,,,,,,21/11/2024
,SOL0000000541,CU000000000126,Vencida,BOGOTA D.C,BOGOTA D.C,12/12/2018,KR 3 ESTE X AV PRIMERO DE MAYO (CL 20 SUR),SECRETARIA DISTRITAL DE MOVILIDAD,Distrital,"C.2, C.3, C.31, C.32, C02, C03, C31, C32, C35, D02",None,Semi-Automática (Acción Remota),,Cam76XTS,4.569278,-74.085525,,,,,,,,,,21/11/2024
,SOL0000000541,CU000000000128,Vencida,BOGOTA D.C,BOGOTA D.C,12/12/2018,AK 68 X CL 98,SECRETARIA DISTRITAL DE MOVILIDAD,Distrital,"C.2, C.3, C.32",None,Semi-Automática (Acción Remota),,Cam30XTS,4.6880079,-74.0739951,,,,,,,,,,21/11/2024
,SOL0000000541,CU000000000141,Vencida,BOGOTA D.C,BOGOTA D.C,12/12/2018,AK 7 X CL 94,SECRETARIA DISTRITAL DE MOVILIDAD,Distrital,"C.14, C.32, C14, C32, C35, D02",None,Semi-Automática (Acción Remota),,Cam08XTS,4.674193,-74.041944,,,,,,,,,,21/11/2024
,SOL0000000541,CU000000000140,Vencida,BOGOTA D.C,BOGOTA D.C,12/12/2018,KR 9 X AC 100,SECRETARIA DISTRITAL DE MOVILIDAD,Distrital,"C.14, C.2, C.3, C.31, C.32",None,Semi-Automática (Acción Remota),,Cam09XTS,4.681633,-74.041466,,,,,,,,,,21/11/2024
,SOL0000000761,CU000000000225,Vencida,ANTIOQUIA,ITAGUI,01/02/2019,CALLE 85 CARRERA 52D (SECTOR CHIMENEAS),SECRETARIA DE MOVILIDAD DE ITAGUI,Municipal,"C.14, C.26, C.29, C.32, C.35, D.2, D.4",None,Lazo Inductivo de Piso (Espiras),,Chimeneas,6.1921057,-75.5925978,,,,,,,,,,21/11/2024
,SOL0000000641,CU000000000224,Vencida,MAGDALENA,SITIONUEVO,01/02/2019,Troncal Del Caribe - PR 8,OFICINA DE TRANSITO Y TRANSPORTE DEPARTAMENTAL DEL MAGDALENA,Departamental,C.29,None,Radar Doppler,,MGSNS001,10.98753,-74.710505,,,,,,,,,,21/11/2024
,SOL0000000781,CU000000000250,Vencida,MAGDALENA,PUEBLOVIEJO,26/03/2019,Troncal Del Caribe - PR 48,OFICINA DE TRANSITO Y TRANSPORTE DEPARTAMENTAL DEL MAGDALENA,Departamental,C.29,None,Radar Doppler,,MAGTAS,10.971872,-74.362098,,,,,,,,,,21/11/2024
,SOL0000000642,CU000000000223,Vencida,MAGDALENA,PUEBLOVIEJO,01/02/2019,Troncal Del Caribe - PR 54,OFICINA DE TRANSITO Y TRANSPORTE DEPARTAMENTAL DEL MAGDALENA,Departamental,C.29,None,Radar Doppler,,MGPVS002,10.981853,-74.309397,,,,,,,,,,21/11/2024
,SOL0000001202,CU000000000301,Vencida,VALLE DEL CAUCA,CARTAGO,10/06/2019,SIN DIRECCION,SECRETARIA DE MOVILIDAD Y TRANSPORTES DE CARTAGO,Municipal,C.29,None,Laser (Lidar) / Infrarrojo,,POLISCAN,4.7068812,-75.9224315,,,,,,,,,,21/11/2024
,SOL0000001201,CU000000000293,Vencida,VALLE DEL CAUCA,CARTAGO,24/05/2019,SIN DIRECCION,SECRETARIA DE MOVILIDAD Y TRANSPORTES DE CARTAGO,Municipal,C.29,None,Laser (Lidar) / Infrarrojo,,POLISCAN,4.7328607,-75.9119295,,,,,,,,,,21/11/2024
,SOL0000001365,CU000000000316,Vencida,VALLE DEL CAUCA,YUMBO,30/07/2019,SIN DIRECCION,SECRETARIA DE TRANSITO Y TRANSPORTE DE YUMBO,Nacional,"C.24, C.29, C.32, C.35, D.10, D.2, D.4",None,Radar Doppler,,PUNTO8,3.553317,-76.490183,,,,,,,,,,21/11/2024
,SOL0000001381,CU000000000300,Vencida,CUNDINAMARCA,CAJICA,10/06/2019,El equipo se ubica en la Carrera 8 N° 4D – 05 en el Municipio de CAJICA,SECRETARIA DE MOVILIDAD CONTEMPORANEA DE CUNDINAMARCA,Departamental,"C.24, C.29, D.3, D.5, D.6",None,Radar Doppler,,RRS24FSD2,4.917675,-74.016017,,,,,,,,,,21/11/2024
,SOL0000001382,CU000000000299,Vencida,CUNDINAMARCA,CAJICA,10/06/2019,VIA BOGOTA UBATE KM 19 +970,SECRETARIA DE MOVILIDAD CONTEMPORANEA DE CUNDINAMARCA,Departamental,"C.24, C.29, D.3, D.5, D.6",None,Radar Doppler,,RRS24FSD2,4.968284,-74.004538,,,,,,,,,,21/11/2024
,SOL0000001422,CU000000000277,Vencida,CUNDINAMARCA,COTA,09/05/2019,SIN DIRECCION,SECRETARIA DE MOVILIDAD CONTEMPORANEA DE CUNDINAMARCA,Departamental,"C.24, C.29, D.3, D.5, D.6",None,Radar Doppler,,RRS24FSD2,4.785245,-74.124876,,,,,,,,,,21/11/2024
,SOL0000001463,CU000000000302,Vencida,CUNDINAMARCA,RICAURTE,27/06/2019,CALLE 10 NO. 12 301 en el Municipio Ricaurte,SECRETARIA DE MOVILIDAD CONTEMPORANEA DE CUNDINAMARCA,Departamental,"C.24, C.29, D.3, D.5, D.6",None,Radar Doppler,,RRS24FSD2,4.284418,-74.772343,,,,,,,,,,21/11/2024
,SOL0000001730,CU000000000348,Vencida,SANTANDER,BARRANCABERMEJA,20/09/2019,Diagonal 60 calle 61 acceso oriental.   Orientación: oriente-occidente,INSPECCION DE TRANSITO Y TRANSPORTE DE BARRANCABERMEJA,Municipal,"B.11, B.5, C.14, C.16, C.2, C.20, C.21, C.24, C.26, C.3, C.31, C.32, C.35, C.37, C.4, C.7, D.2, D.3, D.4, D.5, D.8",None,Video Detección (Con Analítica de Video),,GatsoTser,7.069186,-73.846233,,,,,,,,,,21/11/2024
,SOL0000001730,CU000000000347,Vencida,SANTANDER,BARRANCABERMEJA,20/09/2019,Calle 61 diagonal 60 acceso occidental.    Orientación: occidente-oriente,INSPECCION DE TRANSITO Y TRANSPORTE DE BARRANCABERMEJA,Municipal,"B.11, B.5, C.14, C.2, C.20, C.21, C.24, C.26, C.3, C.31, C.32, C.35, C.37, C.4, C.6, C.7, D.2, D.3, D.4, D.5, D.8",None,Video Detección (Con Analítica de Video),,GatsoTser,7.068936,-73.846969,,,,,,,,,,21/11/2024
,SOL0000001821,CU000000000298,Vencida,N. DE SANTANDER,CUCUTA,10/06/2019,SIN DIRECCION,Secretaría de tránsito y Transporte de la Alcaldía de San José de Cúcuta,Municipal,"C.2, C.24, C.29, C.35, D.2",None,Radar Doppler,,MestaFusio,7.88329,-72.50744,,,,,,,,,,21/11/2024
,SOL0000002421,CU000000000369,Vencida,ANTIOQUIA,ITAGUI,05/11/2019,Carrera 52 Calle 60,SECRETARIA DE MOVILIDAD DE ITAGUI,Municipal,"C.14, C.29, C.35, D.2",None,Laser (Lidar) / Infrarrojo,,ARTISTA,6.1773705,-75.6029597,,,,,,,,,,21/11/2024
,SOL0000002001,CU000000000276,Vencida,ATLANTICO,TUBARA,09/05/2019,"VÍA AL MAR, RUTA 90A01 KM 77+150",INSTITUTO DE TRANSITO DEL ATLANTICO,Nacional,"C.29, C.32, C.35, C.37, D.10, D.2, D.3, D.5, D.6, D.7, D.8, H.07",None,Radar Doppler,,ATMOS001,10.890732,-75.051471,,,,,,,,,,21/11/2024
,SOL0000001984,CU000000000286,Vencida,ATLANTICO,SABANAGRANDE,24/05/2019,Vía Oriental KM 62,INSTITUTO DE TRANSITO DEL ATLANTICO,Nacional,"C.24, C.29, C.32, C.35, C.37, D.10, D.2, D.3, D.4, D.5, D.6, D.7, D.8, H.07",None,Radar Doppler,,ATSBS001,10.777101,-74.756537,,,,,,,,,,21/11/2024
,SOL0000002041,CU000000000382,Vencida,CAUCA,POPAYAN,20/11/2019,CRA9_CL25N NE-SO,SECRETARIA DE TRANSITO Y TRANSPORTE MUNICIPAL DE POPAYAN,Municipal,"A.5, C.14, C.29, C.32, C.35, D.2, D.4",None,Laser (Lidar) / Infrarrojo,,VSISVCAP01,2.4596456,-76.593164,,,,,,,,,,21/11/2024
,SOL0000002041,CU000000000381,Vencida,CAUCA,POPAYAN,20/11/2019,TRANS9_CL4N NE-SO,SECRETARIA DE TRANSITO Y TRANSPORTE MUNICIPAL DE POPAYAN,Municipal,"A.5, C.14, C.29, C.35, D.2",None,Laser (Lidar) / Infrarrojo,,VSISVCAP01,2.450322,-76.6083649,,,,,,,,,,21/11/2024
,SOL0000002041,CU000000000380,Vencida,CAUCA,POPAYAN,20/11/2019,CRA17_CL4 NE - SO,SECRETARIA DE TRANSITO Y TRANSPORTE MUNICIPAL DE POPAYAN,Municipal,"A.5, C.14, C.29, C.32, C.35, D.2",None,Laser (Lidar) / Infrarrojo,,VSISVCAP01,2.4457739,-76.6145788,,,,,,,,,,21/11/2024
,SOL0000002041,CU000000000379,Vencida,CAUCA,POPAYAN,20/11/2019,CRA11_TRANS9 SE-NO,SECRETARIA DE TRANSITO Y TRANSPORTE MUNICIPAL DE POPAYAN,Municipal,"A.5, C.14, C.29, C.32, C.35, C.37, D.2",None,Laser (Lidar) / Infrarrojo,,VSISVCAP01,2.449325,-76.6090776,,,,,,,,,,21/11/2024
,SOL0000002041,CU000000000378,Vencida,CAUCA,POPAYAN,20/11/2019,CL25N_CRA9 NO-SE,SECRETARIA DE TRANSITO Y TRANSPORTE MUNICIPAL DE POPAYAN,Municipal,"A.5, C.14, C.29, C.32, C.35, D.2, D.4",None,Laser (Lidar) / Infrarrojo,,VSISVCAP01,2.459499,-76.5934739,,,,,,,,,,21/11/2024
,SOL0000002041,CU000000000377,Vencida,CAUCA,POPAYAN,20/11/2019,TRANS9_CRA11 SO-NE,SECRETARIA DE TRANSITO Y TRANSPORTE MUNICIPAL DE POPAYAN,Municipal,"A.5, C.14, C.29, C.32, C.35, D.2",None,Laser (Lidar) / Infrarrojo,,VSISVCAP01,2.449378,-76.6103365,,,,,,,,,,21/11/2024
,SOL0000002041,CU000000000376,Vencida,CAUCA,POPAYAN,20/11/2019,CL15N_CRA2 N-S,SECRETARIA DE TRANSITO Y TRANSPORTE MUNICIPAL DE POPAYAN,Municipal,"A.5, C.14, C.29, C.35, D.2",None,Laser (Lidar) / Infrarrojo,,VSISVCAP01,2.4485274,-76.5981434,,,,,,,,,,21/11/2024
,SOL0000002041,CU000000000375,Vencida,CAUCA,POPAYAN,20/11/2019,CRA17_CL5 S-N,SECRETARIA DE TRANSITO Y TRANSPORTE MUNICIPAL DE POPAYAN,Municipal,"A.5, C.14, C.29, C.32, C.35, D.2, D.4",None,Laser (Lidar) / Infrarrojo,,VSISVCAP01,2.444516,-76.6146711,,,,,,,,,,21/11/2024
,SOL0000002181,CU000000000373,Vencida,MAGDALENA,SANTA MARTA,15/11/2019,Avenida Ferrocarril (Carrera 15) con  Avenida Rio Coomeva (Calle 29) - Sentido Norte - Sur,SECRETARIA DE MOVILIDAD MULTIMODAL Y SOSTENIBLE - SANTA MARTA,Municipal,"C.14, C.15, C.24, C.32, C.35, C.37, D.2, D.3, D.4, D.5, D.7",None,Video Detección (Con Analítica de Video),,PUNTO2,11.232642,-74.20138,,,,,,,,,,21/11/2024
,SOL0000002286,CU000000000372,Vencida,MAGDALENA,SANTA MARTA,15/11/2019,Av. Ferrocarril con Carrera 19. Sentido sur - norte,SECRETARIA DE MOVILIDAD MULTIMODAL Y SOSTENIBLE - SANTA MARTA,Municipal,"C.14, C.15, C.24, C.32, C.35, C.37, D.2, D.3, D.4, D.5, D.7",None,Video Detección (Con Analítica de Video),,PUNTO16,11.226474,-74.19609,,,,,,,,,,21/11/2024
,SOL0000002201,CU000000000371,Vencida,MAGDALENA,SANTA MARTA,15/11/2019,Avenida Libertador con Carrera 19 - Sentido  oeste - este,SECRETARIA DE MOVILIDAD MULTIMODAL Y SOSTENIBLE - SANTA MARTA,Municipal,"C.14, C.15, C.24, C.32, C.35, C.37, D.2, D.3, D.4, D.5, D.7",None,Video Detección (Con Analítica de Video),,PUNTO6,11.241216,-74.194386,,,,,,,,,,21/11/2024
,SOL0000000349,CU000000000007,Vencida,META,VILLAVICENCIO,10/12/2018,AVENIDA 40 CARRERA 37,SECRETARIA DE MOVILIDAD DE VILLAVICENCIO,Municipal,"C.35, D.2",None,Laser (Lidar) / Infrarrojo,,VSIS01,4.1385972,-73.6356388,,,,,,,,,,21/11/2024
,SOL0000001045,CU000000000245,Vencida,N. DE SANTANDER,CUCUTA,26/03/2019,AV GRAN COLOMBIA CON GUAIMARAL,Secretaría de tránsito y Transporte de la Alcaldía de San José de Cúcuta,Municipal,"C.24, C.29, C.35, D.2, D.7",None,Radar Doppler,,mestafusio,7.89434,-72.48994,,,,,,,,,,21/11/2024
,SOL0000000348,CU000000000006,Vencida,META,VILLAVICENCIO,10/12/2018,CARRERA 48 CALLE 8 SUR,SECRETARIA DE MOVILIDAD DE VILLAVICENCIO,Municipal,"C.35, D.2",None,Laser (Lidar) / Infrarrojo,,VSIS01,4.1170777,-73.6471611,,,,,,,,,,21/11/2024
,SOL0000000355,CU000000000005,Vencida,META,VILLAVICENCIO,10/12/2018,CARRERA 33 CALLE 24,SECRETARIA DE MOVILIDAD DE VILLAVICENCIO,Municipal,"C.35, D.2",None,Laser (Lidar) / Infrarrojo,,VSIS01,4.1393667,-73.630375,,,,,,,,,,21/11/2024
,SOL0000000364,CU000000000217,Vencida,N. DE SANTANDER,VILLA DEL ROSARIO,14/01/2019,SIN DIRECCION,DEPARTAMENTO ADMINISTRATIVO DE TRANSPORTES Y TRANSITO DE VILLA DEL ROSARIO,Nacional,C.29,None,Radar Doppler,,Radar1,7.838556,-72.464714,,,,,,,,,,21/11/2024
,SOL0000001121,CU000000000325,Vencida,MAGDALENA,CIENAGA,08/08/2019,RUTA 9007 KM 60 + 500,INSTITUTO DE TRANSITO Y TRANSPORTE MUNICIPAL DE CIENAGA,Municipal,"C.29, C.35, D.2",None,Radar Doppler,,COLOSSUS,11.006559,-74.255791,,,,,,,,,,21/11/2024
,SOL0000001121,CU000000000323,Vencida,MAGDALENA,CIENAGA,08/08/2019,RUTA 4518 KM 97,INSTITUTO DE TRANSITO Y TRANSPORTE MUNICIPAL DE CIENAGA,Municipal,"C.29, C.35, D.2",None,Radar Doppler,,COLOSSUS,10.9875,-74.198889,,,,,,,,,,21/11/2024
,SOL0000001121,CU000000000321,Vencida,MAGDALENA,CIENAGA,08/08/2019,RUTA 45MGB2 KM 1 + 350,INSTITUTO DE TRANSITO Y TRANSPORTE MUNICIPAL DE CIENAGA,Municipal,"C.29, C.35, D.2",None,Radar Doppler,,COLOSSUS,11.0002073,-74.213672,,,,,,,,,,21/11/2024
,SOL0000000351,CU000000000004,Vencida,META,VILLAVICENCIO,10/12/2018,CALLE 35 CARRERA 3,SECRETARIA DE MOVILIDAD DE VILLAVICENCIO,Municipal,"C.29, C.35, D.2",None,Laser (Lidar) / Infrarrojo,,VSIS01,4.1440444,-73.6042916,,,,,,,,,,21/11/2024
,SOL0000000423,CU000000000003,Vencida,META,VILLAVICENCIO,10/12/2018,CARRERA 19 CALLE 21,SECRETARIA DE MOVILIDAD DE VILLAVICENCIO,Municipal,,None,Radar Doppler,,HIKVISION,4.13706,-73.621715,,,,,,,,,,21/11/2024
,SOL0000000423,CU000000000002,Vencida,META,VILLAVICENCIO,10/12/2018,CARRERA 19 CALLE 21,SECRETARIA DE MOVILIDAD DE VILLAVICENCIO,Municipal,,None,Laser (Lidar) / Infrarrojo,,VSIS01,4.13706,-73.621715,,,,,,,,,,21/11/2024
,SOL0000000421,CU000000000168,Vencida,META,VILLAVICENCIO,18/12/2018,CALLE 35 CARRERA 18,SECRETARIA DE MOVILIDAD DE VILLAVICENCIO,Municipal,"C.29, C.35, D.2",None,Radar Doppler,,HIKVISION,4.147472,-73.618595,,,,,,,,,,21/11/2024
,SOL0000000421,CU000000000167,Vencida,META,VILLAVICENCIO,18/12/2018,CALLE 35 CARRERA 18,SECRETARIA DE MOVILIDAD DE VILLAVICENCIO,Municipal,"C.29, C.35, D.2",None,Laser (Lidar) / Infrarrojo,,VSIS01,4.147472,-73.618595,,,,,,,,,,21/11/2024
,SOL0000000621,CU000000000222,Vencida,ANTIOQUIA,SABANETA,01/02/2019,"AVENIDA LAS VEGAS CARRERA 48 CON CALLE 60 SUR (INTERSECCIÓN, SENTIDO NORTE - SUR).",SECRETARIA DE MOVILIDAD Y TRANSITO DE SABANETA,Municipal,,None,Lazo Inductivo de Piso (Espiras),,2012534002,6.158101,-75.609045,,,,,,,,,,21/11/2024
,SOL0000000621,CU000000000221,Vencida,ANTIOQUIA,SABANETA,01/02/2019,"AVENIDA REGIONAL CON CALLE 67 SUR (TRAMO DE VÍA, SENTIDO SUR - NORTE).",SECRETARIA DE MOVILIDAD Y TRANSITO DE SABANETA,Municipal,,None,Lazo Inductivo de Piso (Espiras),,2012534001,6.156162,-75.61912,,,,,,,,,,21/11/2024
,SOL0000000621,CU000000000220,Vencida,ANTIOQUIA,SABANETA,01/02/2019,"AVENIDA LAS VEGAS CARRERA 48 CON CALLE 60 SUR (INTERSECCIÓN, SENTIDO SUR - NORTE).",SECRETARIA DE MOVILIDAD Y TRANSITO DE SABANETA,Municipal,,None,Lazo Inductivo de Piso (Espiras),,2012534003,6.157511,-75.609599,,,,,,,,,,21/11/2024
,SOL0000000236,CU000000000209,Vencida,ATLANTICO,BARRANQUILLA,24/12/2018,Calle 110 # 31 - 15,SECRETARÍA DISTRITAL DE TRÁNSITO Y SEGURIDAD VIAL - BARRANQUILLA,Distrital,"A.1, A.10, A.11, A.12, A.2, A.3, A.4, A.5, A.6, A.7, A.8, A.9, B.1, B.10, B.11, B.12, B.13, B.14, B.15, B.16, B.17, B.18, B.19, B.2, B.20, B.21, B.22, B.23, B.3, B.4, B.5, B.6, B.7, B.8, B.9, C.1, C.10, C.11, C.12, C.13, C.14, C.15, C.16, C.17, C.18, C.19, C.2, C.20, C.21, C.22, C.23, C.24, C.25, C.26, C.27, C.28, C.29, C.3, C.30, C.31, C.32, C.33, C.34, C.35, C.36, C.37, C.38, C.39, C.4, C.40, C.5, C.6, C.7, C.8, C.9, D.1, D.10, D.11, D.12, D.13, D.14, D.15, D.16, D.17, D.2, D.3, D.4, D.5, D.6, D.7, D.8, D.9, E.1, E.2, E.3, E.4, H.01, H.02, H.03, H.04, H.05, H.06, H.07, H.08, H.09, H.10, H.11, H.12, H.13, I.01, I.02",None,Radar Doppler,,CIRCUXCR31,10.97787,-74.83612,,,,,,,,,,21/11/2024
,SOL0000000782,CU000000000226,Vencida,MAGDALENA,PUEBLOVIEJO,27/02/2019,Troncal Del Caribe - PR 44,OFICINA DE TRANSITO Y TRANSPORTE DEPARTAMENTAL DEL MAGDALENA,Departamental,C.29,None,Radar Doppler,,MAGMOV,10.972246,-74.398495,,,,,,,,,,21/11/2024
,SOL0000000352,CU000000000001,Vencida,META,VILLAVICENCIO,10/12/2018,CALLE 35 CARRERA 14,SECRETARIA DE MOVILIDAD DE VILLAVICENCIO,Municipal,"C.29, C.35, D.2",None,Laser (Lidar) / Infrarrojo,,VSIS01,4.1464,-73.6144861,,,,,,,,,,21/11/2024
,SOL0000001061,CU000000000240,Vencida,N. DE SANTANDER,CUCUTA,26/03/2019,SIN DIRECCION,Secretaría de tránsito y Transporte de la Alcaldía de San José de Cúcuta,Municipal,"C.2, C.24, C.29, C.35, D.2",None,Radar Doppler,,Mestafusio,7.872508,-72.501116,,,,,,,,,,21/11/2024